Index,Index_list
109776,"[47258, 88353, 54730, 29734, 19894, 94371, 82668, 52778, 5332, 83368]"
109777,"[105353, 106992, 67136, 97426, 53862, 5906, 10444, 98313, 28204, 47208]"
109778,"[98603, 31137, 103177, 38098, 1455, 73695, 96854, 50126, 101241, 12594]"
109779,"[37568, 48556, 4566, 70377, 72850, 35290, 103603, 34652, 33630, 33163]"
109780,"[106819, 96443, 84688, 9305, 3221, 49239, 41948, 9598, 58190, 62790]"
109781,"[90249, 102931, 97538, 51049, 97797, 37835, 46344, 58815, 51183, 38767]"
109782,"[87823, 54184, 18186, 80772, 56862, 58012, 80052, 1803, 36462, 82203]"
109783,"[12766, 42607, 49936, 42740, 22443, 14109, 58438, 79150, 80403, 96569]"
109784,"[91316, 84520, 105943, 51951, 22105, 49360, 104820, 18822, 83415, 91073]"
109785,"[4042, 5944, 9247, 28256, 79813, 19538, 107130, 30499, 88554, 12082]"
109786,"[40971, 47911, 42519, 21983, 3040, 28447, 36433, 41112, 60324, 32969]"
109787,"[8810, 19953, 64219, 19879, 104274, 74337, 81404, 61295, 89976, 29624]"
109788,"[98268, 18777, 53349, 66796, 17230, 102449, 35844, 99821, 7291, 28345]"
109789,"[40067, 8660, 17036, 47322, 67752, 5455, 16992, 39645, 87618, 89026]"
109790,"[13407, 39452, 1365, 80926, 25403, 29227, 22956, 91795, 91225, 49843]"
109791,"[74038, 30987, 55335, 31806, 30616, 80044, 61520, 26002, 6492, 64490]"
109792,"[31903, 80661, 27365, 64489, 90934, 85802, 57190, 44471, 47808, 83467]"
109793,"[109644, 52385, 21434, 4383, 58116, 27363, 82273, 68751, 72694, 8801]"
109794,"[4441, 91080, 14140, 3301, 57694, 45230, 35412, 93782, 26579, 88749]"
109795,"[15187, 52636, 18858, 16728, 80487, 43133, 2168, 96767, 18598, 36918]"
109796,"[43271, 6342, 28479, 17482, 82204, 14222, 19115, 52119, 59096, 50294]"
109797,"[94401, 68214, 15944, 7812, 98098, 76109, 78194, 108338, 34964, 12429]"
109798,"[69551, 70616, 108395, 109122, 67685, 70926, 97807, 5326, 56956, 77597]"
109799,"[80731, 60252, 53019, 96339, 67994, 17841, 5663, 26899, 90422, 79755]"
109800,"[27454, 46465, 26751, 2306, 136, 37790, 50665, 48543, 74458, 57139]"
109801,"[100361, 10089, 90925, 28497, 29125, 85051, 74139, 6346, 102547, 87303]"
109802,"[36890, 26000, 38958, 29294, 84713, 90602, 92979, 83550, 18895, 63043]"
109803,"[57636, 77486, 5794, 76676, 103406, 30151, 16062, 67479, 83477, 42770]"
109804,"[31025, 52110, 61312, 91757, 96601, 12234, 57666, 44975, 108142, 41334]"
109805,"[5400, 20161, 23904, 44305, 44064, 33212, 74124, 32741, 90058, 74421]"
109806,"[108948, 46122, 9765, 42127, 23011, 61491, 90665, 3147, 71614, 92585]"
109807,"[16587, 16387, 22276, 27659, 32630, 70528, 72575, 78771, 6447, 10391]"
109808,"[107829, 75390, 21192, 82089, 86386, 54753, 10343, 65598, 16492, 5758]"
109809,"[56714, 46207, 69486, 93496, 24869, 27184, 28603, 31005, 78747, 5925]"
109810,"[95198, 16688, 83138, 14610, 36518, 9766, 98217, 61191, 27286, 29568]"
109811,"[31619, 108497, 6973, 89322, 61790, 56651, 80456, 30559, 107949, 1853]"
109812,"[2252, 103645, 71374, 71738, 70400, 87146, 36876, 49815, 50649, 9541]"
109813,"[82012, 88275, 84720, 30169, 19444, 24787, 10579, 19257, 46156, 103871]"
109814,"[108126, 46787, 65204, 64205, 2165, 48765, 75626, 108812, 68715, 79428]"
109815,"[65622, 41776, 101091, 101382, 52604, 48709, 31315, 27992, 27879, 81295]"
109816,"[69701, 17908, 63543, 6239, 85274, 308, 64382, 92690, 84470, 66263]"
109817,"[95107, 43556, 65329, 27451, 12077, 13833, 77570, 34980, 6913, 95202]"
109818,"[60389, 66348, 7726, 92275, 5889, 63780, 14602, 32134, 75368, 108003]"
109819,"[22473, 97032, 90983, 87273, 78890, 20480, 11431, 41884, 58666, 92956]"
109820,"[78980, 33284, 1493, 40670, 80602, 104946, 7573, 57369, 97355, 83063]"
109821,"[40662, 35474, 52763, 29125, 101522, 52915, 28489, 54170, 83099, 107150]"
109822,"[30030, 3048, 79226, 109658, 75734, 45924, 92271, 81979, 5490, 4377]"
109823,"[19383, 12595, 91059, 39434, 79448, 70273, 43942, 58052, 52119, 43271]"
109824,"[26438, 102042, 102780, 8453, 23253, 92575, 53811, 31373, 41460, 7720]"
109825,"[80509, 10589, 107260, 68908, 3343, 88784, 45854, 63070, 41240, 47653]"
109826,"[30745, 17993, 90795, 47720, 34289, 8408, 55094, 52298, 65587, 5114]"
109827,"[14364, 17024, 36767, 23591, 23740, 32800, 82444, 2406, 102545, 38085]"
109828,"[96879, 23273, 89284, 104755, 5064, 41300, 34065, 1862, 88578, 68026]"
109829,"[71430, 62848, 108742, 55961, 97403, 34322, 71867, 14106, 44331, 69843]"
109830,"[63875, 67879, 100881, 43565, 70168, 32622, 42584, 76743, 34415, 43491]"
109831,"[98544, 79295, 96007, 89877, 56870, 78038, 13482, 89431, 92397, 85585]"
109832,"[100179, 102381, 89632, 2921, 27498, 63597, 84686, 27364, 37575, 11750]"
109833,"[89764, 26747, 13676, 92613, 48884, 104106, 73442, 88917, 67379, 89989]"
109834,"[92885, 76053, 36402, 95558, 12038, 54613, 80332, 1610, 89900, 25685]"
109835,"[38323, 54543, 94740, 54329, 62741, 101185, 72293, 3559, 88851, 29348]"
109836,"[37776, 46937, 54023, 46271, 42125, 30505, 91688, 82682, 104064, 74141]"
109837,"[81523, 94190, 95753, 31335, 71998, 49955, 74140, 34839, 74577, 98385]"
109838,"[56692, 67503, 19389, 68787, 94244, 44621, 103272, 88576, 12584, 77092]"
109839,"[13548, 90062, 58586, 62486, 55781, 18442, 104174, 907, 55561, 36374]"
109840,"[28903, 90137, 90153, 27220, 4488, 38301, 91105, 20073, 77549, 99297]"
109841,"[4506, 61552, 22676, 22533, 5360, 6245, 45582, 35475, 62855, 10730]"
109842,"[33690, 104712, 11622, 89328, 17765, 74729, 9181, 21084, 105929, 17336]"
109843,"[27012, 83216, 47442, 94219, 21889, 81833, 45354, 104637, 35714, 68068]"
109844,"[109331, 23610, 43170, 51300, 17111, 76182, 7272, 52765, 86791, 18322]"
109845,"[99743, 74981, 63018, 56843, 29832, 50836, 81425, 79553, 94438, 67666]"
109846,"[47755, 94917, 66745, 66415, 22645, 9453, 64849, 16549, 18565, 36449]"
109847,"[59316, 20800, 9787, 75760, 90520, 75160, 96484, 101747, 42898, 25381]"
109848,"[92508, 66917, 70342, 11829, 92914, 67532, 35058, 55630, 72169, 21680]"
109849,"[17608, 64843, 75747, 31275, 89994, 55545, 59707, 84284, 55926, 24854]"
109850,"[97157, 3765, 56994, 20729, 41674, 23515, 30070, 68270, 85696, 25588]"
109851,"[78759, 70686, 94545, 88604, 29563, 71470, 59725, 11938, 82477, 1227]"
109852,"[88398, 41219, 22515, 98484, 54706, 19527, 9073, 52334, 21880, 7834]"
109853,"[54222, 23062, 109283, 98531, 20443, 79930, 79682, 106859, 108110, 92338]"
109854,"[58718, 100548, 70046, 15891, 55241, 8906, 54508, 25857, 14509, 35358]"
109855,"[22203, 105176, 16047, 10319, 67111, 33751, 53230, 83757, 49098, 103713]"
109856,"[23754, 23546, 67681, 86327, 7340, 103118, 24602, 79854, 65320, 62432]"
109857,"[5586, 30620, 54142, 15125, 50493, 33371, 18715, 97234, 88343, 74177]"
109858,"[52332, 100228, 65543, 30299, 73606, 85262, 51450, 80414, 7756, 44188]"
109859,"[96052, 72296, 47946, 57232, 18505, 84606, 82531, 88727, 34205, 28658]"
109860,"[8488, 21117, 57646, 17767, 30546, 10927, 23221, 77067, 30242, 2063]"
109861,"[7114, 34933, 28794, 104893, 68282, 11645, 30305, 54104, 6717, 37887]"
109862,"[25232, 21615, 21869, 782, 9769, 39212, 50469, 39686, 60471, 106272]"
109863,"[82917, 55656, 97419, 35067, 13030, 82103, 21574, 66282, 4583, 79755]"
109864,"[10780, 34614, 909, 40856, 48376, 38824, 108453, 35939, 40262, 49393]"
109865,"[39986, 9795, 34235, 87807, 8121, 22335, 60753, 12713, 76731, 54901]"
109866,"[735, 101052, 87291, 212, 109266, 28917, 101214, 11992, 79766, 67287]"
109867,"[82480, 14043, 26977, 55406, 8438, 12544, 101741, 40095, 2567, 36447]"
109868,"[5128, 47669, 8556, 74747, 59820, 46530, 18441, 25326, 67883, 37812]"
109869,"[58868, 87766, 23746, 14415, 13586, 39878, 40926, 5207, 3302, 92065]"
109870,"[74709, 66334, 20014, 20901, 31910, 35553, 57271, 37100, 103583, 45650]"
109871,"[2901, 69563, 68127, 100415, 6376, 48459, 46844, 57560, 23414, 9100]"
109872,"[59247, 98546, 70772, 62833, 109108, 109535, 70257, 71471, 29503, 73567]"
109873,"[9295, 56503, 49614, 81939, 43978, 494, 61647, 75349, 58555, 88843]"
109874,"[50977, 66622, 29370, 88669, 81578, 28870, 98119, 45449, 4170, 105850]"
109875,"[69146, 37335, 87663, 88694, 43069, 49803, 109311, 76225, 74654, 68617]"
109876,"[61920, 20164, 75049, 38106, 29442, 24633, 98931, 9616, 46579, 90209]"
109877,"[105026, 95920, 24567, 41926, 33641, 24389, 108222, 2916, 56693, 62282]"
109878,"[63665, 46827, 93508, 14744, 40117, 108159, 23152, 92532, 23167, 95885]"
109879,"[75952, 76092, 85463, 93467, 39552, 35792, 90745, 54267, 77468, 27907]"
109880,"[17941, 63475, 104550, 27888, 35368, 32984, 46888, 49333, 79442, 61183]"
109881,"[71813, 49856, 12661, 42736, 75082, 34051, 102534, 84917, 105936, 64236]"
109882,"[10713, 48912, 99741, 58879, 32573, 43432, 82602, 86806, 63005, 18658]"
109883,"[99446, 48360, 74755, 61006, 33277, 21349, 17156, 101171, 57424, 103238]"
109884,"[64283, 109007, 1772, 81702, 56149, 91275, 42113, 28992, 52331, 75589]"
109885,"[23869, 92788, 41524, 109476, 13903, 23351, 16806, 61288, 48960, 96783]"
109886,"[108718, 52448, 90325, 263, 95272, 95571, 46421, 102280, 22575, 1382]"
109887,"[101146, 23133, 52776, 90179, 68827, 17595, 66810, 49421, 27084, 45466]"
109888,"[84508, 34660, 50077, 96959, 88292, 47624, 65565, 12726, 14164, 70135]"
109889,"[89707, 40889, 73715, 100291, 28659, 82960, 22270, 49084, 54132, 23572]"
109890,"[79826, 90206, 27887, 98909, 104528, 36181, 66587, 19999, 22030, 42078]"
109891,"[65506, 10125, 68477, 70683, 99876, 92768, 61208, 80249, 58255, 21643]"
109892,"[68262, 65190, 66978, 77604, 70660, 70536, 94250, 64795, 89073, 97111]"
109893,"[6813, 77129, 55356, 82865, 52577, 95066, 47715, 18330, 15743, 20520]"
109894,"[106701, 31438, 62976, 78480, 94455, 93256, 37229, 8713, 96806, 9517]"
109895,"[18225, 65929, 107330, 35093, 96362, 94218, 33783, 22790, 3956, 103731]"
109896,"[9302, 45522, 86043, 74703, 109006, 85790, 25833, 46849, 105192, 29874]"
109897,"[45705, 29273, 103842, 24246, 96801, 12023, 48160, 6860, 88706, 76691]"
109898,"[40476, 49705, 22283, 36828, 85067, 99170, 16802, 55614, 43364, 10915]"
109899,"[15216, 23544, 53668, 76736, 66016, 41186, 74108, 74651, 88866, 59588]"
109900,"[97880, 46918, 70092, 6246, 69916, 20025, 48851, 98916, 20893, 31541]"
109901,"[98576, 22806, 21415, 27307, 51533, 97781, 52144, 328, 93258, 92214]"
109902,"[7883, 37832, 3522, 36451, 48137, 53149, 38056, 83339, 101152, 625]"
109903,"[33985, 37828, 10300, 93447, 109383, 17432, 20961, 79486, 5203, 106173]"
109904,"[55390, 62093, 55591, 36496, 89174, 97923, 92053, 34089, 90483, 31739]"
109905,"[50524, 101758, 61702, 68320, 12450, 32403, 36393, 82314, 100334, 97429]"
109906,"[91130, 55259, 76249, 78245, 17680, 65123, 20847, 97791, 57588, 106054]"
109907,"[21471, 49558, 64376, 38975, 89686, 15045, 3200, 18722, 18282, 34546]"
109908,"[1761, 17289, 84618, 54967, 67645, 26130, 89942, 81640, 45036, 93320]"
109909,"[22193, 70989, 62064, 4735, 35565, 40314, 99174, 36237, 42122, 42883]"
109910,"[22270, 29375, 100291, 28659, 20738, 75146, 93504, 102214, 49084, 38650]"
109911,"[92170, 74105, 71331, 39949, 16465, 50305, 59281, 107242, 65818, 40449]"
109912,"[79526, 34552, 33852, 47038, 7663, 47492, 80419, 50810, 5954, 86675]"
109913,"[95384, 102350, 82630, 44513, 44731, 86022, 98947, 11150, 96086, 17171]"
109914,"[61230, 61392, 53852, 81943, 31774, 36428, 106176, 26233, 38854, 64037]"
109915,"[109657, 21054, 101463, 98388, 99406, 80887, 21613, 90871, 35657, 43907]"
109916,"[93449, 107146, 12838, 46869, 1448, 13763, 14123, 96046, 46185, 37116]"
109917,"[39037, 85404, 68712, 8303, 57209, 74297, 55361, 62006, 20293, 39560]"
109918,"[89948, 101314, 30319, 98419, 22705, 72575, 57078, 63910, 57508, 72068]"
109919,"[108310, 52980, 86142, 13756, 69524, 63643, 27829, 60569, 24386, 9028]"
109920,"[105597, 64153, 59006, 86074, 16738, 107813, 71074, 15981, 106050, 9012]"
109921,"[31378, 90295, 36, 23228, 70644, 28121, 62611, 10921, 55653, 89940]"
109922,"[98992, 99749, 38139, 76762, 11910, 16164, 103269, 33791, 79684, 101671]"
109923,"[56767, 4686, 6830, 96252, 13936, 79912, 23887, 11668, 19823, 72249]"
109924,"[58758, 61749, 7026, 1857, 86150, 61017, 518, 57840, 2639, 65033]"
109925,"[96724, 6209, 50565, 51821, 36570, 81252, 11057, 52753, 37271, 61233]"
109926,"[567, 40491, 34837, 48077, 89876, 16310, 58411, 56719, 101318, 78057]"
109927,"[103098, 33679, 109497, 56948, 103507, 75424, 89021, 67455, 37794, 11071]"
109928,"[34774, 16756, 72748, 7331, 95293, 7566, 32127, 59806, 58323, 92317]"
109929,"[34026, 2, 87958, 55833, 31804, 100043, 7890, 9639, 4367, 23779]"
109930,"[104755, 5064, 34065, 41300, 96879, 73878, 96468, 15509, 21645, 35117]"
109931,"[4859, 3657, 107325, 8775, 66081, 50179, 86168, 38808, 20754, 94081]"
109932,"[33108, 83102, 87010, 24008, 11169, 4708, 55830, 97716, 94869, 17147]"
109933,"[76618, 94696, 98993, 88539, 18532, 22347, 95501, 16151, 53738, 40345]"
109934,"[66508, 105618, 71270, 72319, 76148, 12076, 70034, 16416, 48351, 30529]"
109935,"[66141, 59303, 17069, 481, 93895, 24464, 13282, 73183, 59546, 76217]"
109936,"[41714, 71708, 38382, 21433, 17683, 109356, 46463, 39813, 4904, 35351]"
109937,"[102189, 41012, 63166, 86921, 50716, 77071, 80784, 45211, 21592, 9432]"
109938,"[74241, 4255, 97171, 24158, 82517, 13322, 53263, 2466, 82205, 103142]"
109939,"[88354, 69005, 25212, 5141, 41591, 11306, 105635, 108239, 95605, 39251]"
109940,"[68351, 2170, 37653, 51871, 29173, 93887, 17331, 95510, 85455, 18700]"
109941,"[22452, 51749, 14458, 67552, 76386, 9506, 18683, 103138, 29048, 7974]"
109942,"[35100, 85628, 38331, 29257, 10990, 23358, 6753, 107788, 107647, 24501]"
109943,"[98165, 30701, 72068, 56014, 49203, 66497, 98757, 105162, 12825, 76343]"
109944,"[72240, 77855, 95265, 70828, 47285, 18105, 63381, 49091, 10940, 30712]"
109945,"[61234, 23365, 107538, 102899, 74591, 59671, 89498, 61170, 31226, 49330]"
109946,"[102684, 26289, 25008, 105007, 23847, 60617, 72291, 12854, 97492, 63780]"
109947,"[106617, 59666, 109238, 71995, 33497, 85267, 108874, 82293, 15644, 91289]"
109948,"[39906, 79010, 1220, 67549, 62042, 72457, 87477, 22907, 45989, 104958]"
109949,"[104247, 11246, 2493, 19366, 23632, 64975, 49019, 8492, 15947, 68971]"
109950,"[15206, 41023, 39475, 8095, 86401, 40964, 40451, 50732, 15493, 79869]"
109951,"[6517, 23048, 18646, 95451, 104807, 31061, 106793, 22486, 37469, 46632]"
109952,"[49173, 84515, 61189, 97262, 74617, 94586, 52065, 6303, 94471, 50224]"
109953,"[12512, 33080, 78507, 47421, 50976, 4751, 39469, 99439, 38310, 68818]"
109954,"[46862, 61350, 42599, 81275, 98515, 72357, 38294, 57481, 29995, 105340]"
109955,"[91347, 99373, 99111, 1120, 371, 105951, 106050, 87073, 95392, 33950]"
109956,"[18238, 53522, 102253, 97322, 11618, 79241, 10849, 12689, 10302, 10069]"
109957,"[69566, 83752, 64705, 101380, 109172, 21768, 86158, 61950, 81515, 97961]"
109958,"[53381, 72101, 39429, 8959, 7931, 99565, 21763, 100203, 8156, 95363]"
109959,"[70799, 98495, 23187, 100960, 59396, 39498, 46319, 12041, 107219, 8536]"
109960,"[25351, 66234, 87099, 98039, 5353, 4453, 26106, 52274, 9760, 57982]"
109961,"[15305, 95715, 34170, 20008, 81669, 27490, 66740, 12308, 73743, 91112]"
109962,"[104092, 68183, 75238, 83387, 82157, 44476, 75107, 57851, 106886, 84782]"
109963,"[71966, 29997, 96730, 26907, 104690, 3953, 13436, 79060, 38963, 99628]"
109964,"[36686, 29311, 54769, 38392, 99661, 11744, 10363, 82224, 20935, 92976]"
109965,"[14085, 38823, 63406, 86418, 62009, 100307, 95640, 3196, 49343, 96064]"
109966,"[79448, 19383, 13409, 12536, 12595, 30100, 91059, 70273, 39434, 74684]"
109967,"[19006, 29768, 46619, 109142, 12178, 44074, 89668, 98116, 60449, 46838]"
109968,"[26561, 92838, 6416, 27792, 14455, 104573, 70959, 91117, 108280, 69997]"
109969,"[100006, 99529, 44447, 32679, 104668, 109634, 56611, 108284, 32551, 98487]"
109970,"[21952, 19578, 97951, 80760, 102937, 100602, 75706, 96824, 28967, 24028]"
109971,"[99018, 49734, 29490, 99450, 18352, 66418, 33773, 91192, 3707, 96932]"
109972,"[107257, 31605, 82388, 54529, 95178, 105339, 11990, 102551, 74626, 43574]"
109973,"[26439, 20103, 8056, 51936, 6312, 76343, 22885, 12523, 65599, 93498]"
109974,"[15936, 78682, 71952, 54183, 9580, 109459, 39568, 77352, 14012, 72731]"
109975,"[36500, 108825, 43331, 3900, 3603, 18016, 55798, 1625, 33466, 57443]"
109976,"[75223, 2995, 38945, 11061, 76509, 65662, 20025, 43234, 85774, 12930]"
109977,"[93850, 102770, 63748, 54967, 88646, 100440, 6726, 9579, 31830, 47928]"
109978,"[34690, 81477, 57994, 17162, 37034, 74853, 50898, 80981, 84721, 64126]"
109979,"[29620, 41297, 48215, 73385, 42335, 54091, 99288, 44057, 49833, 81414]"
109980,"[73279, 105099, 1885, 88749, 96285, 81228, 50554, 9515, 103367, 103884]"
109981,"[13903, 61288, 16704, 7774, 21226, 40237, 80246, 74545, 22297, 92788]"
109982,"[48776, 25235, 72568, 19320, 62905, 42716, 8046, 18663, 43612, 18754]"
109983,"[39319, 45157, 96787, 61763, 39820, 59632, 62916, 91917, 98907, 6750]"
109984,"[89903, 22647, 25359, 49227, 4046, 62373, 83615, 325, 68912, 40251]"
109985,"[1513, 12432, 97514, 73767, 102850, 35865, 76628, 63215, 7306, 28745]"
109986,"[26554, 39474, 45977, 55500, 12700, 53143, 79631, 26838, 81025, 19373]"
109987,"[54994, 13321, 45617, 71947, 554, 64119, 33559, 74045, 46851, 99410]"
109988,"[24612, 27788, 21578, 68107, 67804, 48861, 106813, 50935, 43547, 13837]"
109989,"[70537, 96296, 13208, 82489, 61952, 8885, 17417, 58309, 16630, 98126]"
109990,"[9743, 34274, 21367, 85833, 20543, 8750, 58146, 67551, 93302, 107533]"
109991,"[48676, 8858, 108685, 102094, 97192, 29419, 8946, 71541, 79211, 79555]"
109992,"[25922, 9558, 87619, 64875, 33424, 9811, 16174, 23489, 19244, 84051]"
109993,"[80894, 65207, 73818, 72272, 57304, 7791, 26894, 7628, 12467, 75788]"
109994,"[101876, 88676, 2159, 61983, 8808, 78874, 42727, 103724, 94494, 273]"
109995,"[32508, 101712, 10734, 10271, 62222, 69722, 73163, 65693, 13490, 77505]"
109996,"[93072, 37631, 33970, 30898, 100183, 50575, 52577, 47715, 16207, 20520]"
109997,"[27766, 25866, 80556, 50671, 15755, 52986, 87575, 29111, 39456, 8996]"
109998,"[33467, 2384, 71231, 81664, 96146, 27094, 19846, 30195, 107428, 2079]"
109999,"[24790, 54601, 44480, 38024, 53819, 61891, 78757, 31535, 80506, 57225]"
110000,"[46832, 22302, 14133, 2254, 8576, 52201, 107136, 52966, 106268, 34780]"
110001,"[72647, 39066, 44041, 37581, 3694, 80102, 67250, 108333, 105290, 61587]"
110002,"[19982, 30085, 74228, 74745, 81916, 46922, 55165, 55217, 72036, 41644]"
110003,"[56448, 30591, 100557, 86572, 2412, 45382, 66507, 90762, 20565, 20631]"
110004,"[31913, 30901, 27125, 108691, 48955, 26952, 84284, 902, 44869, 90088]"
110005,"[44119, 93535, 103362, 57109, 56247, 30000, 64783, 90450, 78011, 82522]"
110006,"[63358, 1614, 65878, 98063, 32272, 30174, 39455, 94062, 10452, 98047]"
110007,"[68043, 82717, 4000, 25246, 35751, 73274, 41274, 4093, 108993, 1780]"
110008,"[82409, 54382, 78156, 61446, 54134, 54398, 77938, 45727, 35741, 42749]"
110009,"[22791, 48963, 67356, 42985, 96302, 50873, 56679, 19766, 19318, 104429]"
110010,"[90708, 42620, 69577, 68115, 69581, 42621, 7152, 39515, 20925, 9827]"
110011,"[38793, 18798, 6059, 84814, 55738, 30910, 71996, 74813, 101198, 37259]"
110012,"[22402, 72578, 30934, 54706, 38999, 4465, 30442, 93424, 88988, 24368]"
110013,"[101701, 96344, 45037, 92679, 93430, 42872, 51799, 8656, 40880, 41757]"
110014,"[15931, 26378, 42797, 69630, 48234, 105245, 43875, 35131, 74505, 81223]"
110015,"[32273, 105666, 67421, 37880, 35576, 30516, 13391, 100447, 55100, 15539]"
110016,"[94326, 69731, 66216, 28200, 6392, 15093, 76599, 52981, 60544, 18707]"
110017,"[24153, 27573, 98328, 9016, 64357, 84614, 7790, 105379, 1122, 90101]"
110018,"[19640, 106768, 69421, 42525, 92960, 20355, 14248, 32709, 58444, 94078]"
110019,"[77939, 47684, 99578, 89745, 35143, 88023, 43352, 38611, 95988, 71853]"
110020,"[93974, 59330, 24750, 29842, 101286, 86318, 11282, 89496, 86730, 71850]"
110021,"[77577, 89876, 13647, 34246, 28341, 98888, 64045, 40491, 70060, 106111]"
110022,"[82354, 103525, 101567, 56088, 818, 11118, 85993, 49163, 70607, 100176]"
110023,"[82962, 29416, 3930, 9846, 58720, 99663, 98950, 60820, 20402, 47524]"
110024,"[40461, 109069, 65155, 9015, 30030, 30009, 75073, 33652, 15036, 54956]"
110025,"[39315, 10272, 87539, 97298, 38010, 47915, 81646, 386, 31578, 39511]"
110026,"[46587, 49831, 41102, 69236, 11499, 68932, 37840, 80163, 33171, 71486]"
110027,"[43487, 24398, 58698, 64898, 73110, 6284, 17090, 73538, 51433, 45694]"
110028,"[13093, 86333, 29833, 100843, 14415, 13586, 39878, 107098, 5207, 3302]"
110029,"[68310, 82980, 41565, 39013, 82168, 64152, 63676, 105454, 88127, 25397]"
110030,"[70308, 51820, 62090, 106462, 32804, 2804, 42498, 1260, 10622, 92996]"
110031,"[60190, 74039, 105678, 4556, 4218, 32728, 83383, 3049, 41730, 33710]"
110032,"[58794, 50890, 24076, 106332, 14305, 92822, 18413, 237, 55837, 72576]"
110033,"[39048, 42623, 44371, 87973, 88606, 67642, 61758, 106229, 83655, 50246]"
110034,"[47364, 98157, 1211, 77128, 81905, 66262, 23194, 4848, 87542, 32201]"
110035,"[46948, 42190, 61482, 20548, 64746, 100350, 72593, 74733, 852, 76156]"
110036,"[59005, 27402, 80740, 65261, 54841, 50110, 73276, 59630, 6650, 78930]"
110037,"[50377, 97652, 46498, 101339, 83772, 89917, 12912, 97541, 13707, 104389]"
110038,"[108590, 28223, 2757, 65540, 20531, 79505, 23289, 108893, 91609, 1285]"
110039,"[39132, 101897, 68847, 23864, 107985, 80549, 26832, 60329, 57066, 44873]"
110040,"[92916, 255, 60107, 85616, 24448, 4957, 99687, 58658, 100490, 8939]"
110041,"[65099, 7885, 95140, 13270, 17008, 36700, 97397, 77274, 1436, 35573]"
110042,"[78403, 67899, 108421, 27438, 37849, 67032, 44284, 60839, 7419, 32045]"
110043,"[36498, 14997, 28641, 38403, 27550, 59236, 16684, 72770, 72404, 20381]"
110044,"[42689, 30493, 25329, 91622, 16438, 54948, 18947, 79245, 77412, 3666]"
110045,"[19517, 21387, 91025, 59648, 108402, 11215, 42607, 80403, 43971, 67467]"
110046,"[16679, 104890, 79683, 67303, 56929, 15141, 60950, 3052, 24395, 97344]"
110047,"[66816, 94538, 18356, 46800, 76745, 40076, 73762, 57712, 64812, 92621]"
110048,"[72603, 99187, 98480, 63743, 12218, 83559, 48532, 71014, 6524, 108431]"
110049,"[30541, 16668, 99845, 11962, 100000, 39731, 55634, 46569, 94018, 61051]"
110050,"[60967, 81322, 76257, 64367, 26137, 23179, 40217, 48946, 69092, 62779]"
110051,"[76126, 1477, 9911, 61574, 92654, 54886, 77484, 74093, 49688, 102540]"
110052,"[56840, 1514, 3009, 4541, 12458, 42750, 72398, 14748, 9613, 85878]"
110053,"[16977, 84442, 22674, 23793, 14435, 14000, 27641, 21534, 23552, 33664]"
110054,"[73114, 39254, 834, 29256, 94905, 29778, 18091, 63539, 86870, 44711]"
110055,"[20462, 72332, 87638, 10646, 60838, 103762, 57693, 66921, 92766, 41096]"
110056,"[20023, 64799, 20795, 53432, 98960, 77895, 44742, 48665, 10047, 71466]"
110057,"[19873, 101953, 8070, 55052, 15225, 82052, 21408, 72880, 12695, 70214]"
110058,"[47075, 30832, 24414, 64936, 43795, 6356, 37986, 9214, 67701, 102405]"
110059,"[25191, 81854, 89844, 24405, 47527, 80443, 4769, 58303, 79790, 23700]"
110060,"[90541, 2577, 2399, 75780, 9651, 85240, 15543, 85602, 55616, 21671]"
110061,"[56067, 25506, 31375, 4544, 27951, 89052, 16520, 87440, 36432, 11185]"
110062,"[25349, 101378, 13189, 74015, 96640, 101783, 71177, 40326, 54167, 85277]"
110063,"[46791, 46854, 31997, 20272, 54103, 19339, 34117, 64957, 58123, 26645]"
110064,"[14508, 39033, 8374, 67769, 98163, 3700, 101364, 83739, 3948, 28876]"
110065,"[58702, 83190, 59259, 73133, 8242, 50364, 76705, 20310, 97561, 44569]"
110066,"[16322, 1029, 47601, 63231, 1605, 71778, 35782, 41782, 43038, 54937]"
110067,"[69882, 99976, 87648, 12800, 15261, 12624, 92497, 92812, 92865, 690]"
110068,"[79047, 7505, 94086, 30121, 68417, 27807, 5618, 102640, 87807, 55273]"
110069,"[106511, 22279, 18685, 51623, 74844, 90865, 103724, 98845, 106623, 80622]"
110070,"[21632, 80328, 57950, 55152, 35449, 46280, 51402, 41344, 71189, 59435]"
110071,"[63593, 47986, 27970, 30809, 17615, 21508, 44833, 34791, 56070, 98243]"
110072,"[1662, 109533, 1878, 58449, 40755, 696, 61976, 97009, 77749, 53061]"
110073,"[40004, 84928, 42960, 63932, 42142, 81088, 63100, 73023, 76610, 9801]"
110074,"[79396, 48456, 62409, 69449, 43668, 5369, 54149, 79915, 74008, 38317]"
110075,"[52519, 3417, 18951, 93010, 57756, 15999, 105971, 56574, 14228, 32242]"
110076,"[43422, 41320, 26948, 1770, 64994, 63650, 39290, 72350, 11746, 28399]"
110077,"[21005, 54118, 62583, 87033, 15793, 53911, 40609, 23484, 105144, 17490]"
110078,"[9790, 89812, 42397, 45262, 100937, 49417, 41068, 80673, 84972, 71212]"
110079,"[11145, 20000, 51376, 74843, 82026, 62510, 93541, 35430, 77947, 20211]"
110080,"[26200, 91016, 24986, 83020, 25356, 19677, 53789, 92802, 50432, 102406]"
110081,"[106632, 5527, 100627, 6339, 79874, 88744, 44249, 97760, 73697, 65681]"
110082,"[1991, 73699, 64987, 44296, 25647, 42472, 38246, 75415, 43169, 18147]"
110083,"[101185, 63312, 1084, 70481, 61642, 37643, 54543, 92179, 14002, 68969]"
110084,"[91414, 44701, 22548, 65034, 50453, 93011, 78995, 56410, 49766, 31342]"
110085,"[101535, 85002, 35621, 49389, 91372, 7371, 32342, 39888, 106653, 2464]"
110086,"[38980, 35979, 100368, 62124, 72201, 78898, 94866, 65365, 26664, 109074]"
110087,"[105674, 94471, 17879, 74874, 53099, 69315, 106184, 93891, 17068, 97262]"
110088,"[12397, 64161, 96417, 66673, 20693, 48805, 50889, 57623, 86823, 84204]"
110089,"[64565, 103441, 86631, 69390, 98609, 79012, 108505, 72103, 84860, 84240]"
110090,"[18035, 64617, 82395, 61603, 99770, 73672, 86976, 26191, 46321, 32009]"
110091,"[63886, 43176, 9932, 13480, 65228, 56206, 56233, 87170, 73500, 59169]"
110092,"[64818, 17758, 5549, 72216, 103630, 72410, 89008, 8804, 44916, 1058]"
110093,"[22310, 62612, 47242, 48221, 83679, 55429, 66270, 37282, 44926, 31039]"
110094,"[106100, 105080, 80396, 24791, 23045, 49340, 60821, 51674, 66908, 83496]"
110095,"[97461, 10180, 103799, 69663, 35352, 38733, 12328, 96733, 48490, 9695]"
110096,"[84817, 15191, 70735, 95867, 6561, 3504, 96489, 65003, 52208, 72414]"
110097,"[85049, 22871, 88386, 107737, 34121, 103923, 37354, 75579, 47847, 23139]"
110098,"[3478, 12979, 57286, 15331, 73109, 59662, 86697, 84551, 79193, 24133]"
110099,"[73539, 25327, 86661, 72597, 104399, 66558, 76330, 17642, 88004, 106817]"
110100,"[79490, 104510, 18373, 15956, 2158, 10175, 10268, 68574, 100912, 70883]"
110101,"[177, 8461, 26661, 45965, 93358, 10093, 99689, 93693, 26639, 94030]"
110102,"[87439, 59242, 1671, 56178, 86242, 59302, 3898, 67206, 70308, 106462]"
110103,"[35406, 70990, 85253, 30770, 19591, 9658, 48211, 59764, 18659, 58208]"
110104,"[102397, 57429, 58557, 104973, 100111, 375, 22305, 62682, 12835, 54626]"
110105,"[82643, 66578, 33719, 102837, 17935, 49889, 50425, 40956, 4067, 4096]"
110106,"[106780, 23371, 24913, 74705, 84520, 21685, 65141, 9490, 17725, 63631]"
110107,"[41193, 87996, 25687, 88982, 51272, 101466, 846, 53282, 30531, 2263]"
110108,"[35810, 2282, 104079, 107076, 85351, 103872, 4770, 106130, 41641, 71993]"
110109,"[44669, 43702, 28714, 82692, 85467, 86458, 38400, 96719, 55947, 80753]"
110110,"[54477, 41917, 41440, 44807, 65269, 42729, 11830, 25, 44334, 76960]"
110111,"[2160, 85559, 29663, 108800, 14181, 98220, 40407, 7332, 17625, 23715]"
110112,"[1385, 8426, 19355, 12074, 17971, 33308, 23825, 52098, 43611, 69813]"
110113,"[10864, 37545, 37281, 52991, 106236, 63970, 40360, 6793, 16507, 73119]"
110114,"[40495, 8449, 107131, 51941, 56141, 12830, 105285, 50319, 56344, 6689]"
110115,"[66961, 29915, 18039, 105766, 37757, 49405, 6705, 83149, 29994, 105966]"
110116,"[4766, 27761, 100512, 38787, 7429, 11730, 30189, 26120, 87760, 63604]"
110117,"[49368, 17166, 36192, 16245, 26756, 6662, 97924, 59774, 47620, 34679]"
110118,"[11743, 2057, 48966, 85454, 90469, 63635, 95254, 61553, 68403, 24573]"
110119,"[100553, 24356, 47937, 102875, 98626, 3162, 36279, 33716, 36354, 43667]"
110120,"[52623, 4851, 53191, 36512, 83945, 56336, 108756, 13911, 92624, 15543]"
110121,"[73281, 34164, 36507, 29803, 35519, 78639, 22053, 2695, 69317, 83141]"
110122,"[76379, 76636, 35260, 63116, 36838, 44711, 87857, 55467, 89683, 74426]"
110123,"[46181, 86093, 52132, 90866, 109545, 88486, 103050, 52842, 59339, 14297]"
110124,"[62609, 38774, 91593, 1527, 24948, 34033, 109407, 18452, 107629, 13963]"
110125,"[94793, 9344, 89848, 19074, 7693, 4669, 26081, 49853, 2138, 11081]"
110126,"[51194, 102846, 81661, 88685, 65310, 106975, 56355, 68356, 69447, 3977]"
110127,"[103213, 18067, 66058, 96113, 89304, 98978, 67487, 20645, 89157, 97601]"
110128,"[67927, 60269, 82542, 28740, 75585, 85570, 25472, 73846, 7933, 22007]"
110129,"[66412, 47535, 103437, 42851, 35634, 29283, 50393, 90151, 66298, 75776]"
110130,"[36503, 101350, 72022, 17761, 7454, 94208, 59455, 56852, 29954, 42200]"
110131,"[47951, 28671, 88523, 41082, 106343, 68486, 55642, 89373, 88363, 11195]"
110132,"[15817, 16780, 18266, 15076, 79407, 77670, 36196, 63075, 85822, 41376]"
110133,"[34954, 23915, 47358, 31600, 104593, 28026, 1940, 100920, 6678, 52245]"
110134,"[2155, 97446, 12015, 33391, 46487, 20177, 7489, 5287, 11771, 69862]"
110135,"[61778, 60223, 27294, 46248, 63205, 16195, 90447, 94185, 92883, 17208]"
110136,"[67899, 26589, 107107, 37486, 89682, 41947, 11754, 44284, 67032, 62602]"
110137,"[13626, 31733, 17003, 17715, 67752, 7792, 16578, 2409, 59623, 31794]"
110138,"[54914, 4818, 54027, 49486, 8213, 59533, 94879, 56208, 89060, 53369]"
110139,"[61808, 36710, 28184, 107325, 697, 98655, 80117, 26499, 54727, 65696]"
110140,"[13790, 25803, 104565, 737, 42798, 103840, 12768, 45286, 60051, 23946]"
110141,"[30884, 8071, 107843, 5719, 76990, 11302, 49662, 19999, 77649, 105270]"
110142,"[102049, 84860, 102384, 20010, 47762, 63671, 99640, 58865, 46651, 6713]"
110143,"[105262, 5311, 34687, 103440, 87990, 34845, 98599, 85965, 65451, 93366]"
110144,"[38552, 74671, 25464, 83973, 7515, 3230, 77858, 87247, 77533, 80671]"
110145,"[16434, 28733, 5118, 107362, 3929, 95299, 80916, 81594, 19493, 92267]"
110146,"[83230, 82624, 33567, 66172, 99180, 53423, 51254, 99808, 12963, 9118]"
110147,"[89222, 62766, 88760, 76365, 34257, 30952, 73343, 104834, 104431, 90858]"
110148,"[44948, 38190, 81836, 28378, 42843, 86520, 52530, 12698, 61251, 98293]"
110149,"[28198, 76579, 31259, 44637, 63532, 28403, 85538, 12524, 32601, 76428]"
110150,"[25717, 3141, 64990, 96658, 32360, 18412, 51800, 82954, 47949, 82707]"
110151,"[87394, 57258, 11174, 107468, 35278, 75056, 18850, 63929, 78962, 105918]"
110152,"[61014, 86771, 68787, 59447, 8175, 101552, 26320, 103500, 56332, 38805]"
110153,"[29828, 56950, 83069, 77312, 100291, 8525, 89707, 5254, 69038, 89929]"
110154,"[52608, 39731, 42792, 53612, 106105, 24691, 27461, 63921, 6976, 50696]"
110155,"[69412, 47677, 108810, 81264, 16620, 85278, 103099, 106532, 94788, 62419]"
110156,"[31977, 56066, 107486, 61139, 95404, 80160, 68115, 31420, 37045, 4571]"
110157,"[26443, 46588, 30207, 42465, 36006, 56709, 63292, 92509, 104065, 85682]"
110158,"[104866, 30886, 22833, 88713, 85008, 20770, 108133, 26119, 32889, 96698]"
110159,"[107853, 105081, 524, 57883, 59692, 82730, 104602, 80341, 40849, 53499]"
110160,"[14638, 93229, 24858, 6399, 33159, 77193, 49617, 59580, 49924, 61080]"
110161,"[57505, 39477, 34699, 24198, 101312, 77752, 101277, 101115, 89521, 59811]"
110162,"[101166, 6408, 106697, 3343, 68908, 68745, 45312, 96078, 46644, 23995]"
110163,"[15914, 29309, 82334, 54384, 34275, 79957, 109647, 17850, 101983, 101563]"
110164,"[94048, 48530, 14384, 29574, 96106, 39065, 79422, 109365, 61490, 53080]"
110165,"[87064, 27705, 36235, 38176, 75218, 1126, 108597, 98943, 57551, 48037]"
110166,"[12100, 20202, 72159, 30297, 61838, 95815, 79774, 55089, 92017, 12502]"
110167,"[80352, 107583, 62581, 46137, 39237, 51566, 2022, 9468, 46824, 101247]"
110168,"[63450, 45814, 60233, 45107, 70434, 96084, 103254, 18074, 91308, 40534]"
110169,"[76621, 80967, 99246, 27916, 17586, 15369, 78023, 91082, 18645, 7695]"
110170,"[57835, 109559, 100725, 43076, 42386, 97266, 16859, 12540, 3349, 29057]"
110171,"[105912, 102517, 100411, 79708, 105012, 68656, 4407, 91897, 90813, 59543]"
110172,"[42236, 108073, 6933, 31940, 59040, 29382, 47140, 103970, 53506, 92952]"
110173,"[53897, 39309, 50884, 73599, 76961, 37491, 36928, 34004, 3798, 17252]"
110174,"[93914, 103265, 36383, 104693, 1390, 54031, 1449, 56083, 47980, 103100]"
110175,"[29371, 56940, 40350, 38160, 40590, 41220, 62769, 48305, 38862, 69333]"
110176,"[105038, 99978, 81261, 98052, 5564, 21921, 27285, 17544, 40919, 87945]"
110177,"[105615, 14809, 47339, 79189, 12115, 35715, 49184, 85673, 14362, 43813]"
110178,"[90095, 96479, 2393, 24391, 51003, 10673, 53446, 32173, 92529, 40602]"
110179,"[78392, 32182, 20915, 73742, 64481, 89973, 35770, 51362, 92855, 2027]"
110180,"[97407, 32941, 763, 72233, 91248, 83558, 56513, 64033, 71514, 60396]"
110181,"[27293, 12935, 80760, 102937, 44856, 51728, 14732, 77283, 9788, 10906]"
110182,"[46047, 64174, 89244, 12073, 42727, 101876, 34600, 25497, 102816, 19191]"
110183,"[103112, 100933, 61992, 17752, 41884, 25968, 23096, 10620, 16616, 108686]"
110184,"[60392, 51376, 66555, 75872, 62510, 80292, 65012, 4810, 20211, 16678]"
110185,"[31944, 70870, 34239, 63463, 19574, 4380, 17601, 2011, 18165, 65943]"
110186,"[73592, 42118, 44848, 87762, 54734, 37474, 78285, 92457, 64771, 79745]"
110187,"[35537, 9211, 7918, 99436, 97162, 20624, 18540, 84913, 63714, 62014]"
110188,"[78066, 108983, 78922, 60470, 46182, 46745, 59595, 75608, 35757, 9901]"
110189,"[98671, 68020, 55177, 25908, 10256, 85179, 101078, 22350, 61141, 89386]"
110190,"[105993, 4304, 50469, 37617, 77688, 67768, 21324, 53790, 67465, 81438]"
110191,"[24407, 4177, 62819, 18525, 92640, 68671, 14800, 738, 2452, 5772]"
110192,"[4161, 39396, 17247, 16733, 55658, 27932, 78505, 61514, 11033, 91708]"
110193,"[96499, 95945, 53451, 11675, 63390, 74674, 75454, 89556, 1093, 4418]"
110194,"[70721, 69810, 7938, 96424, 27182, 96559, 68188, 24902, 28995, 15351]"
110195,"[36686, 29311, 54769, 38392, 18708, 45812, 7729, 99661, 38481, 98286]"
110196,"[88598, 6138, 101803, 6576, 5853, 50069, 76468, 72739, 50174, 82074]"
110197,"[53316, 62601, 82905, 32713, 7534, 37661, 70549, 24276, 97444, 103810]"
110198,"[79074, 86486, 6040, 30125, 98962, 76317, 71914, 461, 63125, 9488]"
110199,"[71349, 81772, 102996, 68693, 81687, 45084, 29149, 106316, 44574, 97409]"
110200,"[26035, 94777, 76502, 17318, 13438, 7002, 32553, 24947, 35503, 24208]"
110201,"[69696, 39354, 107104, 96931, 69490, 99618, 66330, 40871, 13111, 40989]"
110202,"[43057, 35778, 11994, 15103, 78388, 35065, 6231, 70840, 91277, 58184]"
110203,"[57170, 69663, 35352, 9244, 48490, 12328, 99485, 73838, 7222, 104209]"
110204,"[106470, 103533, 68449, 23782, 88647, 65536, 75242, 10210, 28731, 27019]"
110205,"[100716, 107935, 86164, 308, 39322, 78372, 48311, 64034, 92690, 12865]"
110206,"[94761, 97549, 47486, 108683, 2674, 79368, 38998, 64777, 31528, 90023]"
110207,"[77187, 72502, 30206, 48049, 89232, 26064, 109334, 23279, 13159, 71620]"
110208,"[24060, 57039, 22609, 51371, 90155, 49750, 55115, 109260, 104861, 7658]"
110209,"[50150, 25769, 58972, 69605, 86446, 1722, 107645, 15534, 23514, 17384]"
110210,"[18098, 43964, 28061, 47963, 34027, 98293, 50249, 70458, 7682, 24548]"
110211,"[24582, 25372, 95441, 62637, 59972, 99090, 108426, 63801, 73380, 11633]"
110212,"[94019, 14164, 57316, 11574, 38281, 70855, 11190, 46227, 69416, 2231]"
110213,"[32845, 81679, 66801, 33353, 3304, 35768, 30322, 43294, 25826, 47198]"
110214,"[98156, 55734, 26429, 60252, 26899, 19683, 13030, 70530, 16644, 35275]"
110215,"[42855, 58689, 78532, 15473, 57610, 88879, 7932, 6497, 17605, 88705]"
110216,"[62730, 76735, 86161, 58243, 37896, 8385, 65939, 89037, 42515, 30406]"
110217,"[81447, 69583, 2557, 100332, 55276, 85174, 82486, 6346, 84878, 226]"
110218,"[38760, 92912, 86717, 13854, 21604, 96892, 70713, 12683, 90668, 74416]"
110219,"[12640, 69347, 90508, 28624, 77138, 56844, 73106, 29986, 32265, 93812]"
110220,"[15949, 53827, 74699, 99979, 71587, 86725, 3376, 45143, 80000, 49916]"
110221,"[49744, 36975, 82802, 13351, 32726, 45252, 3462, 1147, 107754, 4438]"
110222,"[74564, 92558, 29165, 74806, 37416, 101900, 28899, 220, 48024, 76304]"
110223,"[80711, 65214, 12464, 79642, 15960, 49491, 21135, 106107, 83968, 32547]"
110224,"[46274, 30201, 14896, 71783, 89107, 70561, 32130, 30543, 78738, 105107]"
110225,"[13895, 98426, 77934, 41367, 109459, 41708, 42719, 4530, 39752, 63522]"
110226,"[45079, 2849, 20762, 2109, 92965, 4236, 49537, 72461, 32374, 67745]"
110227,"[75708, 22908, 1291, 87650, 104100, 59355, 26159, 79537, 35922, 102541]"
110228,"[108677, 61871, 55802, 18471, 39710, 69907, 55042, 32262, 98780, 98525]"
110229,"[70086, 88315, 4579, 60888, 18863, 55710, 27483, 1909, 59041, 76837]"
110230,"[9015, 35292, 86908, 109706, 30009, 105656, 55245, 55307, 2911, 89221]"
110231,"[57396, 26690, 97737, 108702, 15210, 97703, 6353, 70648, 60998, 94787]"
110232,"[12445, 6179, 2454, 87224, 25462, 99370, 89238, 3427, 51327, 57482]"
110233,"[53140, 45345, 81368, 102123, 34981, 40600, 1441, 71156, 58118, 5657]"
110234,"[4654, 102492, 57083, 58391, 103586, 52688, 39337, 68305, 43220, 76503]"
110235,"[9783, 37888, 91635, 26545, 56598, 81126, 64065, 24773, 11380, 73390]"
110236,"[40968, 37187, 56926, 4566, 5719, 43660, 21348, 33484, 8071, 105270]"
110237,"[63310, 30384, 66535, 71332, 78561, 35158, 80034, 98278, 76566, 85063]"
110238,"[58384, 25659, 34595, 78172, 100162, 71546, 17923, 1154, 20698, 74374]"
110239,"[92178, 37441, 3468, 88696, 65547, 16613, 31723, 39166, 21646, 16423]"
110240,"[107795, 107749, 34658, 32069, 4013, 43297, 86874, 75485, 20573, 65466]"
110241,"[13908, 14554, 33541, 84009, 3188, 87935, 91160, 39478, 72589, 32825]"
110242,"[85832, 101617, 9035, 41490, 5677, 37650, 91761, 83801, 99598, 11560]"
110243,"[89436, 13228, 12397, 67400, 21345, 57426, 65121, 97318, 105471, 24316]"
110244,"[81820, 107261, 3195, 82334, 106157, 80754, 101291, 81399, 36913, 15914]"
110245,"[68590, 109433, 50477, 23032, 47043, 42181, 43531, 44831, 82804, 75281]"
110246,"[100789, 90647, 73484, 90139, 57389, 96475, 67952, 20481, 37445, 26359]"
110247,"[62841, 108971, 40746, 58479, 54564, 67283, 8422, 93231, 86051, 19791]"
110248,"[53869, 32185, 60742, 98085, 9757, 47391, 17063, 92051, 105993, 36739]"
110249,"[24672, 40792, 32342, 7371, 100964, 81608, 90991, 80911, 19935, 68771]"
110250,"[79537, 17070, 2456, 65179, 30710, 64059, 22908, 26159, 1291, 3269]"
110251,"[57546, 102958, 71626, 100515, 37601, 34675, 44778, 79197, 9008, 85913]"
110252,"[49069, 100462, 28768, 92929, 7989, 48312, 23426, 76297, 83510, 27291]"
110253,"[85544, 23018, 46934, 80132, 85555, 26729, 41946, 71089, 28634, 98132]"
110254,"[10324, 40948, 95788, 100102, 33398, 61416, 25835, 27052, 34201, 8052]"
110255,"[83723, 41900, 86237, 3964, 22196, 160, 20046, 19755, 19614, 72506]"
110256,"[95159, 88687, 59174, 36987, 17677, 46573, 93051, 61353, 95852, 95917]"
110257,"[77749, 41938, 86032, 20640, 107420, 94759, 70665, 97009, 58449, 103809]"
110258,"[37145, 69454, 43434, 1784, 35360, 2755, 87062, 31523, 68063, 57510]"
110259,"[11074, 43488, 61559, 61146, 33289, 49028, 6934, 79515, 1480, 100632]"
110260,"[94048, 61490, 53080, 96106, 39065, 95436, 76992, 34735, 79422, 14061]"
110261,"[17462, 26943, 66881, 100353, 44161, 26120, 81337, 50911, 26100, 19909]"
110262,"[5892, 46245, 79097, 60145, 34231, 76371, 17013, 48970, 61211, 89247]"
110263,"[102724, 48569, 40705, 91179, 28481, 32447, 15663, 12688, 63634, 67126]"
110264,"[2527, 31638, 32854, 107311, 69898, 50899, 79204, 22511, 81423, 54476]"
110265,"[44942, 43678, 71510, 50491, 75895, 67997, 82461, 14, 61218, 66794]"
110266,"[6977, 73115, 72383, 94157, 20699, 95727, 50287, 55577, 27431, 97107]"
110267,"[66575, 12012, 51637, 42486, 17584, 81488, 75139, 69505, 92990, 77583]"
110268,"[15275, 77290, 3287, 24464, 82037, 2708, 94948, 68591, 108592, 40730]"
110269,"[90396, 87848, 13722, 99757, 86022, 64025, 14084, 2658, 44321, 85146]"
110270,"[86948, 22095, 88296, 94017, 22772, 49586, 58965, 50313, 6071, 19046]"
110271,"[29236, 23797, 84468, 73675, 29712, 33798, 102869, 78284, 79188, 21145]"
110272,"[20810, 94325, 104196, 104017, 28732, 52794, 77718, 28608, 15938, 69881]"
110273,"[6774, 24897, 13567, 50083, 62225, 6452, 108759, 102269, 58799, 88216]"
110274,"[21172, 9236, 62021, 43215, 98975, 72375, 56123, 62373, 80949, 41005]"
110275,"[71158, 6461, 4729, 11094, 74924, 11461, 38468, 23129, 60041, 45288]"
110276,"[45954, 61444, 15667, 4860, 9696, 15114, 45683, 28213, 60848, 7915]"
110277,"[35233, 23499, 74498, 93454, 34080, 101757, 104743, 74366, 17640, 2833]"
110278,"[51932, 15062, 50708, 30060, 58889, 69880, 100244, 46109, 73842, 83948]"
110279,"[102094, 8858, 105986, 81942, 21402, 108685, 55541, 20569, 104135, 94528]"
110280,"[64432, 96358, 46132, 106613, 55158, 62323, 3333, 56648, 79858, 98932]"
110281,"[58558, 107476, 52873, 41471, 98316, 108163, 91392, 15266, 6310, 106857]"
110282,"[88042, 35950, 43857, 38151, 109729, 29527, 5471, 86735, 17519, 76929]"
110283,"[91997, 46414, 47225, 106071, 74048, 71839, 46253, 109065, 27677, 76160]"
110284,"[39674, 25248, 81691, 86449, 44347, 37878, 4646, 25502, 17187, 24852]"
110285,"[77918, 84319, 21516, 49709, 4003, 29226, 81694, 37637, 18339, 74404]"
110286,"[98602, 42010, 65224, 85772, 74868, 12723, 41157, 57516, 55600, 30257]"
110287,"[101276, 11907, 82923, 26390, 42092, 54921, 62229, 83210, 62707, 6860]"
110288,"[80993, 7014, 74977, 8630, 14399, 2929, 1473, 99933, 61824, 59360]"
110289,"[17632, 95551, 65056, 94965, 69445, 70389, 2764, 91819, 85519, 6220]"
110290,"[54931, 102437, 89990, 37494, 13025, 65743, 95361, 10864, 68419, 28504]"
110291,"[101193, 61518, 18003, 1339, 108629, 104375, 78437, 40849, 53499, 80080]"
110292,"[46120, 66658, 81106, 8776, 50177, 76772, 94704, 86235, 24348, 3460]"
110293,"[91585, 35408, 105402, 37689, 33068, 97137, 24026, 62947, 59036, 1404]"
110294,"[85843, 11595, 91552, 79792, 106203, 98131, 38470, 35700, 34240, 107743]"
110295,"[77747, 30579, 55411, 87729, 14031, 100463, 529, 6752, 68736, 63408]"
110296,"[66363, 83034, 73053, 1209, 97972, 43005, 25749, 49549, 5031, 64167]"
110297,"[83713, 34338, 54060, 32044, 46712, 8275, 77269, 20562, 11885, 79168]"
110298,"[85584, 5581, 93421, 924, 74840, 304, 70115, 64264, 39601, 8212]"
110299,"[14342, 103936, 36775, 47665, 15756, 81786, 48727, 35479, 55719, 13487]"
110300,"[61688, 65972, 74456, 105688, 65088, 97948, 80191, 46749, 61835, 82195]"
110301,"[91489, 90338, 64371, 51245, 57681, 88822, 45892, 100576, 82617, 65628]"
110302,"[54862, 21357, 47823, 102710, 26550, 99, 69584, 106736, 20962, 48441]"
110303,"[21606, 75599, 108300, 62393, 33381, 86642, 65681, 8446, 108856, 2951]"
110304,"[83666, 7987, 95207, 97562, 52438, 12286, 64842, 12490, 51546, 56010]"
110305,"[11456, 46549, 7111, 97490, 59267, 7981, 47384, 98816, 37145, 8527]"
110306,"[100563, 56132, 78178, 78739, 62145, 18807, 25346, 92648, 53931, 107077]"
110307,"[7500, 89125, 31083, 88835, 56151, 76045, 20872, 95488, 75114, 22021]"
110308,"[55062, 58253, 91986, 66157, 57260, 95118, 88960, 25219, 61920, 31582]"
110309,"[40104, 92726, 2146, 38324, 78037, 79625, 93683, 96119, 5100, 35883]"
110310,"[106668, 13252, 28600, 14340, 101400, 81379, 29648, 32656, 103459, 61]"
110311,"[54113, 49265, 58242, 40730, 36967, 7172, 67926, 82198, 28455, 87149]"
110312,"[33892, 86448, 65160, 105300, 49728, 103049, 65945, 92140, 13585, 80089]"
110313,"[8451, 18791, 66074, 98802, 65148, 39959, 64731, 100372, 64671, 98259]"
110314,"[91171, 17085, 10020, 57895, 15699, 80832, 27168, 24324, 52373, 106944]"
110315,"[43068, 64498, 43042, 106659, 45042, 17103, 107502, 37868, 35363, 43557]"
110316,"[80632, 84788, 92465, 63107, 85574, 51458, 90799, 29224, 53624, 50087]"
110317,"[62555, 42874, 81830, 80940, 89289, 64872, 65743, 87656, 14931, 107375]"
110318,"[51059, 106208, 53439, 5006, 53663, 3025, 21268, 84017, 84449, 23848]"
110319,"[95147, 22369, 109032, 62588, 16238, 74393, 21200, 91207, 30395, 67479]"
110320,"[9612, 10054, 41907, 23692, 26589, 12067, 82105, 61673, 104233, 44284]"
110321,"[59419, 23456, 94408, 15570, 80703, 74682, 14335, 105082, 2016, 11066]"
110322,"[70983, 75875, 29295, 15021, 103998, 95118, 37179, 102332, 32215, 24894]"
110323,"[8910, 11052, 97548, 72955, 79830, 100587, 71690, 20809, 52593, 69778]"
110324,"[77101, 106194, 20007, 33355, 9222, 869, 75779, 107590, 47465, 91180]"
110325,"[11173, 65357, 95149, 46707, 36142, 20455, 56437, 106832, 78923, 63797]"
110326,"[54771, 21401, 36084, 66415, 52769, 75793, 70328, 60015, 10449, 91057]"
110327,"[19348, 39208, 90346, 36317, 35568, 54088, 20412, 101416, 46813, 16293]"
110328,"[88115, 74371, 101485, 76258, 51733, 98632, 87950, 45304, 79179, 99281]"
110329,"[9563, 19567, 89083, 86705, 25970, 82139, 59522, 39852, 41590, 18381]"
110330,"[45598, 83233, 26370, 65753, 7222, 75154, 66818, 33666, 35352, 69663]"
110331,"[7577, 37407, 35730, 32096, 23350, 54339, 11503, 32848, 30665, 11956]"
110332,"[54928, 723, 66648, 22554, 30566, 73806, 50810, 6681, 83291, 108294]"
110333,"[49726, 20799, 28111, 107920, 24811, 88685, 9115, 65310, 77962, 91794]"
110334,"[72791, 7680, 52711, 75902, 7777, 21139, 63726, 4432, 99447, 18998]"
110335,"[14436, 108117, 15803, 31239, 72763, 13878, 90570, 93638, 77319, 70181]"
110336,"[71043, 84278, 87535, 65170, 73098, 92941, 44677, 101863, 46370, 83795]"
110337,"[75086, 28311, 63185, 25514, 42936, 24185, 76179, 30789, 8303, 57209]"
110338,"[75706, 109534, 103887, 109449, 38993, 57886, 16652, 66279, 88071, 83748]"
110339,"[67626, 105490, 97573, 14167, 40377, 83477, 71662, 87478, 94920, 16062]"
110340,"[48780, 6128, 75098, 33528, 83838, 40424, 89472, 53151, 47675, 107295]"
110341,"[62331, 10432, 91355, 41330, 75324, 7220, 66052, 7086, 109454, 24266]"
110342,"[19329, 41027, 34433, 75316, 6630, 980, 25795, 54697, 33700, 15596]"
110343,"[82707, 104679, 32121, 95287, 7255, 39827, 25717, 28962, 82954, 64990]"
110344,"[18556, 44818, 44857, 43851, 19515, 81333, 91431, 47324, 61881, 85650]"
110345,"[36990, 67444, 21083, 66163, 30807, 24196, 103, 59438, 59408, 66878]"
110346,"[101311, 1073, 67108, 59161, 89462, 11399, 73241, 69401, 99614, 41673]"
110347,"[49273, 33364, 67464, 67557, 23923, 86080, 20404, 46799, 14518, 33885]"
110348,"[86391, 13108, 79499, 80050, 89300, 93631, 108866, 36629, 48025, 60120]"
110349,"[93642, 100346, 365, 53845, 107411, 39083, 12556, 91211, 43417, 20555]"
110350,"[8166, 79222, 76608, 76477, 13202, 83835, 80586, 52599, 3539, 19416]"
110351,"[35384, 108641, 31272, 22434, 30040, 67026, 97079, 86764, 53900, 16639]"
110352,"[3335, 93452, 99584, 91957, 87931, 94158, 81584, 25736, 72849, 82010]"
110353,"[50505, 99748, 68969, 48209, 8571, 8761, 28351, 1064, 27067, 50909]"
110354,"[28795, 53503, 32903, 92051, 95257, 102825, 67465, 17695, 81438, 71142]"
110355,"[72062, 98312, 53995, 76370, 93522, 35911, 100940, 59555, 62002, 67172]"
110356,"[36926, 87770, 89571, 80877, 14659, 59848, 33377, 38523, 87940, 81388]"
110357,"[94279, 77554, 100955, 104458, 71847, 78148, 36682, 8869, 53655, 86831]"
110358,"[68824, 90809, 92678, 90447, 27294, 50891, 80314, 45234, 70533, 54678]"
110359,"[3007, 52293, 33437, 87790, 99215, 43244, 102929, 64240, 12441, 37355]"
110360,"[13571, 101059, 20519, 98566, 92558, 56200, 97373, 95909, 6130, 2353]"
110361,"[32619, 23708, 49592, 1339, 41492, 61674, 86242, 98493, 88107, 33884]"
110362,"[106498, 77647, 7031, 94273, 30350, 43947, 81507, 16264, 104957, 13180]"
110363,"[17035, 31485, 99030, 2533, 34649, 45275, 88093, 49239, 84688, 69433]"
110364,"[30275, 11445, 50733, 70951, 48914, 40599, 11904, 64866, 171, 82878]"
110365,"[9709, 70947, 91310, 48208, 96480, 62465, 23247, 108299, 91753, 71549]"
110366,"[53008, 70297, 85337, 61695, 106917, 11297, 93357, 31937, 60938, 109525]"
110367,"[84839, 91581, 15447, 54133, 69022, 87640, 190, 71681, 54363, 73533]"
110368,"[44226, 42957, 98006, 9761, 108482, 7367, 91040, 63572, 3961, 108309]"
110369,"[52180, 78229, 82592, 67170, 15020, 64959, 27243, 53375, 10553, 77638]"
110370,"[9957, 13618, 103171, 90348, 26474, 27958, 107914, 14010, 42272, 74715]"
110371,"[39682, 41467, 17251, 97377, 34398, 77051, 68466, 9835, 54138, 54690]"
110372,"[50238, 17152, 89634, 57644, 27146, 23717, 92392, 34355, 92807, 92042]"
110373,"[37178, 70891, 12072, 77777, 60158, 52269, 93703, 18600, 97482, 93663]"
110374,"[83714, 56524, 78407, 5021, 12274, 56035, 98821, 19256, 17963, 50709]"
110375,"[68267, 36367, 20342, 94203, 107798, 36467, 16471, 53040, 36109, 41812]"
110376,"[59399, 85705, 13333, 28131, 105358, 18724, 106658, 7898, 104761, 39992]"
110377,"[28977, 101987, 49532, 107534, 20379, 97997, 67220, 81497, 38339, 44481]"
110378,"[58614, 26543, 85829, 71009, 15679, 109240, 76267, 14683, 206, 3532]"
110379,"[7264, 3553, 71972, 37522, 95304, 48686, 62942, 75750, 45867, 41406]"
110380,"[8361, 99644, 83028, 11426, 90532, 108291, 93843, 87520, 35323, 21188]"
110381,"[14457, 22616, 37989, 6297, 77417, 89972, 67593, 10650, 54048, 52068]"
110382,"[109748, 11519, 40091, 76762, 69894, 51627, 7224, 16019, 70910, 78931]"
110383,"[48686, 56051, 104060, 30306, 66272, 53872, 12719, 79626, 56169, 104187]"
110384,"[59442, 145, 65083, 8560, 73474, 41218, 89529, 4954, 89285, 18859]"
110385,"[103067, 54712, 100671, 46772, 38590, 72028, 70586, 63254, 94559, 22089]"
110386,"[78032, 97749, 79782, 7200, 45707, 80618, 55428, 31351, 39324, 104908]"
110387,"[48124, 56844, 79682, 19730, 87836, 96903, 20871, 76152, 67113, 92680]"
110388,"[28103, 29361, 6335, 97373, 22499, 101900, 58047, 31390, 64844, 37416]"
110389,"[18886, 81135, 6336, 74754, 94703, 18475, 38713, 37955, 29877, 83203]"
110390,"[5241, 106376, 44275, 7723, 109707, 83544, 64424, 46592, 57512, 27844]"
110391,"[19740, 15552, 85141, 104529, 107504, 89044, 31006, 83703, 23103, 7380]"
110392,"[61088, 64839, 25355, 58905, 18997, 61238, 106039, 47892, 59251, 68552]"
110393,"[97935, 905, 99997, 11411, 22825, 29881, 81810, 88812, 67115, 29185]"
110394,"[10743, 19513, 103190, 7198, 92674, 56449, 37326, 70955, 79269, 31170]"
110395,"[15415, 86291, 79079, 70472, 54188, 13465, 76369, 75699, 13280, 16408]"
110396,"[22532, 74670, 51501, 73151, 20253, 93336, 2278, 576, 69224, 95783]"
110397,"[68965, 76450, 11494, 103794, 56646, 86996, 76506, 1701, 108540, 91577]"
110398,"[7659, 24460, 13134, 35463, 37665, 20126, 49675, 21799, 34720, 89892]"
110399,"[63356, 57622, 43599, 87522, 96166, 46895, 34550, 37713, 87670, 72100]"
110400,"[78339, 34338, 58220, 7645, 40050, 77707, 84443, 30524, 22227, 65288]"
110401,"[6253, 50818, 75738, 96027, 84226, 65709, 47918, 60246, 71776, 40195]"
110402,"[70835, 107055, 103637, 38083, 27546, 18423, 102623, 74555, 17406, 65503]"
110403,"[102041, 26588, 68014, 42761, 78093, 109496, 64758, 15693, 35545, 57527]"
110404,"[30456, 67325, 50941, 71699, 106439, 34077, 68959, 91335, 92712, 98433]"
110405,"[88114, 81216, 35856, 106311, 66709, 102032, 84027, 16125, 70203, 100941]"
110406,"[99089, 60847, 53380, 59786, 94218, 79146, 64594, 80376, 7948, 74782]"
110407,"[87448, 74640, 85303, 107637, 105646, 34110, 85971, 77498, 50996, 84948]"
110408,"[41927, 78694, 76684, 55453, 38376, 13782, 61348, 33753, 48586, 26913]"
110409,"[22715, 10772, 48529, 68819, 37138, 77262, 9909, 14500, 40989, 96931]"
110410,"[23528, 103246, 74910, 58924, 3878, 18867, 17047, 39798, 105640, 99729]"
110411,"[94580, 95691, 30779, 91193, 95084, 95098, 74712, 3432, 65624, 34230]"
110412,"[46045, 81377, 88964, 70411, 97398, 37965, 36855, 9207, 52996, 80542]"
110413,"[8446, 86642, 68754, 53029, 64087, 40536, 30360, 74522, 21606, 75360]"
110414,"[69159, 2545, 29062, 38431, 95050, 41924, 35276, 3724, 51345, 53627]"
110415,"[79167, 79639, 14101, 64036, 92401, 32138, 82081, 95145, 84084, 46488]"
110416,"[28270, 20024, 8828, 52830, 84277, 709, 20525, 9259, 72759, 2629]"
110417,"[51804, 99390, 2594, 82667, 72154, 682, 35915, 31800, 105299, 105579]"
110418,"[66532, 33023, 85304, 68545, 37386, 51154, 74805, 109506, 10116, 85771]"
110419,"[12431, 57132, 155, 58296, 102662, 3851, 73186, 96904, 83681, 85210]"
110420,"[98268, 34341, 108860, 46064, 67680, 45730, 56857, 27654, 86501, 14709]"
110421,"[95812, 26183, 36507, 24727, 93241, 19359, 82904, 15422, 67226, 30917]"
110422,"[93710, 46375, 89468, 47162, 4012, 97390, 18878, 20296, 87299, 109467]"
110423,"[60097, 43155, 108964, 5232, 83610, 4457, 94575, 37636, 55976, 55414]"
110424,"[61298, 44058, 79007, 87797, 73026, 97358, 7630, 52630, 61216, 15633]"
110425,"[53560, 65071, 39439, 42771, 105350, 15244, 63765, 20257, 29660, 99042]"
110426,"[88443, 61193, 45321, 57598, 39730, 90420, 30062, 6173, 3150, 3054]"
110427,"[84955, 86058, 34743, 27569, 16326, 60146, 37552, 98717, 11873, 27513]"
110428,"[44106, 8793, 63437, 65423, 35449, 79438, 64646, 98085, 81438, 84693]"
110429,"[90279, 68019, 34755, 44951, 49646, 89284, 15734, 86829, 45589, 82450]"
110430,"[15980, 84808, 43737, 9437, 8351, 4111, 88029, 104168, 104634, 102053]"
110431,"[1128, 98506, 59100, 80892, 27994, 32142, 83988, 17213, 27265, 27644]"
110432,"[40830, 75879, 62774, 12689, 24082, 80203, 74023, 70307, 38770, 58677]"
110433,"[61924, 76539, 37389, 59898, 74327, 2656, 48697, 36522, 47013, 53909]"
110434,"[13891, 8025, 64917, 108029, 51442, 83449, 74348, 4425, 63973, 98048]"
110435,"[42896, 77616, 104971, 96492, 34456, 50372, 23126, 104368, 104416, 22370]"
110436,"[108360, 27054, 98611, 40635, 59538, 15610, 51836, 77913, 73295, 21109]"
110437,"[48116, 48688, 42190, 26426, 80074, 2415, 14792, 104465, 12282, 5137]"
110438,"[60590, 52813, 103439, 35098, 50914, 1689, 28689, 39671, 17034, 13143]"
110439,"[9494, 8546, 39030, 93966, 5623, 107601, 84297, 8300, 58776, 103044]"
110440,"[53833, 18326, 22222, 104728, 79995, 96158, 50593, 48229, 88963, 93360]"
110441,"[35547, 13800, 108498, 11996, 31181, 71844, 50471, 86044, 44392, 99248]"
110442,"[62675, 70322, 76691, 9433, 3043, 108356, 48126, 27164, 90202, 44007]"
110443,"[72035, 72481, 14894, 51118, 35906, 87591, 40967, 40869, 11782, 66989]"
110444,"[43765, 41617, 80284, 43604, 77509, 508, 92569, 21607, 99987, 13061]"
110445,"[37062, 5827, 24706, 72549, 28515, 34722, 78004, 86409, 38070, 23944]"
110446,"[24708, 77680, 31179, 93760, 42853, 582, 31782, 35299, 106928, 104765]"
110447,"[39129, 73217, 20974, 1235, 43053, 46222, 61031, 105252, 75843, 107234]"
110448,"[93901, 44363, 18320, 26555, 11294, 2671, 22693, 9044, 84427, 87209]"
110449,"[64853, 50059, 14236, 912, 27462, 7137, 90211, 13449, 82844, 17560]"
110450,"[25688, 60784, 90010, 92975, 75335, 64298, 21354, 80927, 50522, 65109]"
110451,"[33972, 27374, 82417, 35184, 100068, 26730, 45547, 78837, 109227, 43056]"
110452,"[64735, 71923, 8066, 4296, 78341, 14637, 84819, 72739, 76468, 106899]"
110453,"[84235, 27116, 59651, 79281, 69479, 18694, 13349, 95671, 44989, 105356]"
110454,"[3483, 32280, 12370, 59062, 33128, 94960, 42650, 38441, 28781, 54000]"
110455,"[42216, 90700, 47303, 86260, 2677, 7448, 103430, 60971, 18536, 24009]"
110456,"[41751, 87116, 25804, 4140, 81226, 84944, 44072, 49962, 47849, 18711]"
110457,"[77489, 76356, 87911, 48265, 106040, 94773, 97481, 2031, 36854, 98239]"
110458,"[10882, 18169, 9388, 88846, 66004, 22611, 72043, 65439, 96923, 35666]"
110459,"[21624, 7447, 45445, 97940, 240, 17137, 57736, 727, 68609, 95908]"
110460,"[48535, 16057, 18157, 67169, 11100, 7761, 57579, 41007, 56583, 99197]"
110461,"[33172, 6060, 109391, 7188, 9392, 20514, 35873, 23890, 44171, 48302]"
110462,"[63965, 84118, 45997, 4653, 74698, 99608, 103639, 32611, 8018, 106974]"
110463,"[18078, 33820, 45834, 61950, 98867, 41627, 6757, 21768, 41950, 24346]"
110464,"[78084, 75047, 77884, 61945, 822, 1232, 108798, 2584, 59331, 94000]"
110465,"[2757, 55217, 108590, 55165, 79505, 17339, 20531, 17065, 28223, 14391]"
110466,"[82048, 81935, 81063, 45782, 29917, 47334, 13856, 91735, 18164, 63178]"
110467,"[97681, 104637, 80576, 61413, 83216, 47442, 85033, 8002, 93159, 19601]"
110468,"[52054, 18026, 59796, 100473, 73817, 89135, 21350, 49166, 42225, 67306]"
110469,"[45345, 102123, 77990, 22533, 53140, 1441, 14095, 40600, 80337, 81368]"
110470,"[83523, 50843, 88210, 7181, 73823, 27056, 31457, 18341, 105594, 93279]"
110471,"[63024, 24800, 33116, 10785, 38536, 13365, 46618, 95063, 107279, 38456]"
110472,"[47417, 44946, 14734, 4774, 14055, 50194, 77764, 61258, 17901, 34920]"
110473,"[77397, 26178, 66195, 88208, 37009, 32774, 48908, 86573, 68230, 76637]"
110474,"[22877, 79546, 87677, 65857, 100790, 69212, 4008, 53841, 51163, 24605]"
110475,"[5686, 85905, 60013, 81652, 22458, 77025, 54255, 428, 95669, 15233]"
110476,"[47385, 68157, 8207, 8947, 23329, 41186, 52189, 96721, 37008, 91828]"
110477,"[95754, 10074, 31296, 51661, 88477, 69368, 17938, 18543, 83026, 107142]"
110478,"[64792, 42499, 90327, 33055, 41962, 74582, 25066, 42324, 74486, 63227]"
110479,"[84591, 46880, 35429, 15876, 83999, 28588, 104229, 67576, 70258, 31008]"
110480,"[1817, 8039, 22114, 40771, 59230, 85045, 46244, 34960, 98576, 99070]"
110481,"[36766, 95397, 26907, 80861, 36810, 75477, 64798, 31449, 82187, 99628]"
110482,"[26384, 39145, 73294, 69225, 6005, 49523, 12973, 54911, 105626, 106629]"
110483,"[76395, 88443, 59119, 45321, 89170, 83204, 78159, 4217, 3150, 6173]"
110484,"[23221, 10927, 21117, 26073, 81499, 17912, 13416, 67193, 57646, 77067]"
110485,"[95030, 7983, 56091, 101280, 93939, 44166, 29930, 31691, 28958, 17348]"
110486,"[66096, 57709, 103750, 31910, 69500, 61970, 41139, 49924, 5681, 78262]"
110487,"[60382, 79962, 58595, 35361, 19639, 33746, 13078, 92741, 95594, 47192]"
110488,"[4101, 43883, 55143, 33888, 23034, 26587, 62358, 5141, 18621, 31521]"
110489,"[77856, 49039, 57076, 34577, 65475, 74742, 73932, 60031, 70805, 104530]"
110490,"[60865, 16853, 98929, 107466, 105576, 35711, 47196, 4721, 35569, 86820]"
110491,"[94777, 74528, 92504, 52070, 13438, 76502, 17771, 87906, 32553, 4297]"
110492,"[29291, 34595, 99768, 97901, 1353, 41564, 96346, 28554, 46093, 21358]"
110493,"[213, 38428, 106818, 3439, 31587, 44065, 29661, 67463, 66542, 70411]"
110494,"[55058, 78024, 100039, 13978, 42068, 13704, 10478, 23433, 36419, 1488]"
110495,"[81572, 53471, 103506, 31393, 15594, 11501, 89071, 102518, 53046, 103503]"
110496,"[40181, 405, 105831, 108340, 67187, 67689, 87192, 34096, 83902, 3822]"
110497,"[38176, 87064, 24044, 73731, 15171, 21053, 108597, 24097, 75218, 77423]"
110498,"[35820, 32395, 22704, 81732, 49130, 80496, 79192, 897, 174, 52298]"
110499,"[44589, 76436, 86959, 92501, 13327, 90604, 64745, 39898, 59345, 108559]"
110500,"[46814, 104022, 46846, 27409, 65023, 7559, 34785, 103242, 103355, 61171]"
110501,"[77646, 8614, 148, 99108, 78126, 85698, 49335, 61930, 5305, 86621]"
110502,"[42566, 48131, 4174, 71991, 72331, 49033, 37519, 26716, 86747, 59201]"
110503,"[30707, 21449, 1712, 62768, 35871, 67959, 1295, 65703, 58394, 53909]"
110504,"[2389, 82521, 77423, 97412, 49269, 70224, 57533, 93955, 1600, 619]"
110505,"[9004, 79468, 54655, 4629, 36214, 93000, 90816, 3859, 16877, 21263]"
110506,"[58969, 80164, 34840, 1007, 18709, 82211, 47021, 36605, 29572, 99095]"
110507,"[98859, 59197, 14938, 25680, 53450, 22260, 17304, 88445, 60187, 96678]"
110508,"[16142, 11380, 81569, 3712, 25834, 86183, 55038, 98552, 54212, 37761]"
110509,"[78837, 43056, 82417, 35184, 33972, 23826, 93788, 45547, 52230, 43761]"
110510,"[61003, 44591, 35682, 54629, 31777, 31073, 20965, 37295, 12442, 37128]"
110511,"[49483, 68841, 51401, 71587, 16284, 67809, 12518, 99979, 73980, 10541]"
110512,"[106051, 95625, 57226, 43692, 62154, 68075, 12155, 16622, 95744, 38148]"
110513,"[28219, 19133, 94779, 15916, 106600, 30882, 63507, 36994, 103620, 27795]"
110514,"[67081, 36533, 38720, 75437, 45701, 57135, 96887, 57387, 102101, 93474]"
110515,"[27117, 22144, 70340, 43282, 84577, 16795, 57176, 106554, 17051, 11522]"
110516,"[79433, 65875, 101210, 19444, 31171, 95163, 33960, 14702, 93824, 29681]"
110517,"[72744, 101030, 42477, 91795, 88328, 56756, 39452, 1365, 49098, 38825]"
110518,"[49864, 103873, 6197, 50415, 20771, 66824, 54573, 5670, 73972, 23911]"
110519,"[74762, 85064, 90022, 67437, 44236, 103912, 29740, 28317, 9376, 103621]"
110520,"[55522, 80140, 4280, 75668, 11952, 18139, 18978, 9603, 15580, 32900]"
110521,"[12332, 9531, 104944, 86130, 32779, 107634, 59472, 10708, 19247, 80283]"
110522,"[52943, 19442, 90504, 71512, 105631, 35044, 100201, 45789, 91916, 61283]"
110523,"[58679, 54745, 54322, 8634, 104398, 61935, 95466, 92315, 11831, 101288]"
110524,"[66442, 76178, 103192, 38513, 62632, 87509, 35496, 84705, 52396, 24769]"
110525,"[8887, 15467, 82172, 61623, 42558, 90327, 42279, 64923, 4559, 61303]"
110526,"[69539, 97665, 27687, 102624, 106606, 22219, 103386, 74453, 62145, 48976]"
110527,"[97282, 57528, 33713, 10526, 38450, 89360, 29401, 865, 27865, 38686]"
110528,"[80411, 32952, 84208, 100052, 89211, 86004, 39035, 103784, 22582, 38081]"
110529,"[100236, 105035, 781, 95597, 102929, 66471, 29489, 91242, 106508, 64471]"
110530,"[33402, 70841, 15694, 59459, 9747, 80416, 52491, 94529, 47061, 4178]"
110531,"[27410, 63937, 7842, 44738, 44601, 75, 78325, 32014, 84128, 89088]"
110532,"[3325, 29397, 38447, 68892, 67111, 22203, 16047, 56102, 67909, 33751]"
110533,"[53738, 102498, 81119, 106278, 44060, 70331, 81097, 11660, 100159, 80435]"
110534,"[62067, 47292, 65299, 27069, 52016, 77138, 66151, 20871, 93812, 29986]"
110535,"[94669, 39084, 76626, 92550, 93577, 54615, 31827, 36729, 57347, 25369]"
110536,"[100471, 54815, 36757, 106000, 104569, 73870, 18731, 9879, 79210, 59780]"
110537,"[41751, 81226, 84944, 44072, 47153, 49962, 38453, 87116, 83197, 72326]"
110538,"[59297, 36998, 91647, 72, 22076, 72571, 38099, 95648, 90181, 46184]"
110539,"[37347, 70378, 29628, 108905, 71195, 59618, 26343, 98387, 32541, 12697]"
110540,"[66106, 37343, 64332, 89747, 28147, 107499, 16590, 41191, 75487, 101268]"
110541,"[104808, 72391, 82063, 99715, 35827, 105931, 56167, 82768, 68008, 86882]"
110542,"[52167, 64723, 41761, 247, 100518, 100017, 86606, 45207, 85395, 1337]"
110543,"[31013, 66675, 71869, 103652, 65829, 104069, 58701, 48251, 109611, 56447]"
110544,"[55683, 35048, 8790, 1413, 99123, 14005, 35136, 43277, 78029, 58123]"
110545,"[51937, 64982, 106807, 38661, 16319, 81282, 99400, 30066, 28275, 60672]"
110546,"[29550, 39133, 99882, 61167, 22687, 69816, 97559, 20167, 68749, 72367]"
110547,"[63253, 34558, 86087, 96525, 90020, 78579, 75178, 82206, 41976, 105384]"
110548,"[10616, 64209, 104061, 97479, 6793, 16507, 37494, 60191, 17196, 108339]"
110549,"[20076, 75422, 107137, 42909, 66174, 78594, 31119, 76640, 58506, 87796]"
110550,"[91964, 50685, 49145, 65147, 19780, 15863, 104170, 32820, 82732, 103822]"
110551,"[45385, 11111, 84007, 88702, 9542, 67023, 61888, 82760, 19996, 9798]"
110552,"[65988, 86906, 97444, 77183, 87877, 29893, 62601, 32713, 89316, 37746]"
110553,"[706, 99349, 4798, 28811, 30736, 57826, 54422, 41956, 53010, 22630]"
110554,"[34251, 80465, 71482, 48672, 13029, 44101, 24263, 96714, 95324, 12211]"
110555,"[8718, 98964, 5732, 51279, 1580, 48067, 55512, 53145, 47203, 47640]"
110556,"[23463, 59696, 108171, 102888, 21374, 66544, 64455, 95980, 101022, 95378]"
110557,"[4303, 81219, 81738, 27158, 18030, 37821, 89755, 107892, 34566, 108639]"
110558,"[41188, 39483, 1685, 64976, 33341, 36551, 106739, 95784, 1416, 66234]"
110559,"[98929, 107466, 35711, 31243, 104259, 36204, 22983, 42910, 15165, 70388]"
110560,"[16166, 8710, 56374, 49653, 60843, 55774, 34163, 40616, 62862, 68272]"
110561,"[55252, 19450, 107460, 80715, 55878, 74953, 89334, 82, 21813, 55127]"
110562,"[50529, 77454, 71357, 107940, 83703, 25011, 52667, 74916, 18489, 100193]"
110563,"[67560, 20196, 39028, 53906, 68500, 11091, 62000, 34461, 36613, 65200]"
110564,"[101119, 93697, 9170, 88742, 93232, 92294, 13668, 10425, 26148, 14188]"
110565,"[3475, 69778, 36513, 16936, 17454, 97548, 8910, 5222, 108008, 74756]"
110566,"[96627, 74927, 64783, 30000, 40737, 14700, 48658, 78730, 29706, 58274]"
110567,"[84523, 61673, 8403, 96030, 12761, 57927, 962, 58923, 73616, 37159]"
110568,"[10445, 44028, 85210, 73414, 54642, 71345, 104348, 105027, 105809, 101978]"
110569,"[78926, 56603, 44263, 10256, 58787, 41823, 43044, 82937, 80169, 25033]"
110570,"[8551, 109086, 29661, 109121, 78131, 104731, 26125, 93767, 56606, 55308]"
110571,"[96986, 47710, 105139, 31254, 3057, 810, 11028, 336, 69305, 89662]"
110572,"[94246, 99701, 89110, 45003, 40448, 52204, 77403, 102441, 32109, 13246]"
110573,"[2009, 53463, 40198, 47093, 100858, 88497, 66913, 67001, 9940, 22238]"
110574,"[31720, 71693, 24650, 77684, 71316, 31778, 38147, 62152, 104159, 79861]"
110575,"[38432, 54460, 109386, 77611, 90380, 43912, 107205, 59873, 49715, 23706]"
110576,"[49322, 39181, 44903, 48783, 10379, 14685, 8611, 65284, 103471, 100269]"
110577,"[15798, 57982, 53218, 80645, 2959, 77206, 56486, 4453, 26106, 25351]"
110578,"[75536, 73267, 67932, 49944, 25051, 76063, 69354, 33895, 46655, 81987]"
110579,"[101189, 89336, 79570, 94082, 51946, 108005, 21028, 98512, 79104, 43994]"
110580,"[76835, 41971, 82380, 2238, 30771, 68013, 25417, 3656, 49505, 87862]"
110581,"[8958, 40913, 49318, 38325, 34951, 94949, 73518, 7318, 54751, 2934]"
110582,"[79509, 99481, 27076, 13348, 62483, 70392, 101543, 290, 65132, 101101]"
110583,"[71846, 74567, 104409, 60318, 86081, 79661, 68399, 100165, 2547, 76625]"
110584,"[89320, 37729, 96911, 66495, 47763, 76043, 84791, 10675, 25775, 5192]"
110585,"[106928, 65758, 91690, 24099, 75980, 2968, 99451, 24708, 16559, 42052]"
110586,"[62776, 34705, 38882, 86626, 20304, 18897, 67667, 89445, 69396, 77305]"
110587,"[20468, 17158, 38570, 73963, 104551, 22922, 22266, 98412, 102582, 50381]"
110588,"[58830, 41668, 19360, 34676, 95200, 88886, 76639, 28868, 27785, 87332]"
110589,"[50043, 44822, 1251, 106781, 35582, 25064, 102837, 57299, 90569, 95398]"
110590,"[7982, 53946, 52196, 96794, 47352, 103476, 9955, 11147, 52581, 98668]"
110591,"[108961, 63033, 32138, 35959, 6437, 109686, 4428, 80708, 89532, 38263]"
110592,"[1543, 40666, 23321, 47538, 49692, 72717, 38391, 24576, 42768, 79831]"
110593,"[15974, 102372, 44707, 21295, 1062, 92955, 67572, 44505, 13886, 4246]"
110594,"[48822, 48652, 101082, 42437, 56320, 86968, 24847, 34680, 23776, 96447]"
110595,"[77715, 103307, 26706, 9876, 106376, 12209, 50633, 37656, 108623, 44475]"
110596,"[7589, 52330, 99365, 74928, 66929, 79498, 43165, 88083, 39437, 83495]"
110597,"[5343, 66791, 68243, 20118, 90025, 43778, 102577, 95593, 22214, 69342]"
110598,"[83251, 12231, 104782, 94827, 24899, 67257, 27160, 94662, 6243, 89020]"
110599,"[78584, 69665, 6224, 22932, 87809, 77624, 104490, 49406, 6015, 83820]"
110600,"[104072, 43569, 52303, 80575, 32945, 8689, 37947, 7882, 22230, 64646]"
110601,"[17692, 7157, 37201, 107313, 91919, 60086, 20286, 31119, 19380, 73215]"
110602,"[56494, 91458, 93320, 53331, 81678, 96384, 109208, 17289, 70621, 78645]"
110603,"[99966, 61430, 89596, 13121, 72209, 31394, 2063, 98111, 37059, 43658]"
110604,"[90648, 45499, 86856, 101954, 72527, 76493, 38887, 32078, 41229, 62724]"
110605,"[53908, 82118, 23800, 89016, 92930, 13712, 9850, 62362, 38039, 11567]"
110606,"[80074, 24656, 51410, 106897, 14900, 35666, 12607, 22272, 92418, 102000]"
110607,"[66760, 52589, 106140, 37334, 98010, 11295, 69008, 57419, 55197, 77046]"
110608,"[16772, 58428, 99845, 76105, 53612, 41762, 46569, 30541, 94018, 83747]"
110609,"[10967, 45868, 34512, 72250, 20036, 70187, 60943, 97832, 9959, 92657]"
110610,"[59540, 64193, 64032, 99108, 194, 54330, 103883, 89611, 65976, 36263]"
110611,"[98346, 9528, 63768, 19238, 61883, 4190, 37281, 58266, 77122, 52128]"
110612,"[73904, 81751, 39959, 41070, 22589, 88554, 52493, 64757, 101915, 101062]"
110613,"[47293, 102256, 18026, 24863, 91015, 68033, 80942, 11206, 19193, 67306]"
110614,"[24145, 20805, 96608, 1503, 17721, 21930, 53406, 36972, 35733, 41472]"
110615,"[91670, 24296, 79527, 108012, 72714, 59709, 27049, 101289, 93406, 70010]"
110616,"[30430, 4088, 89406, 8855, 33942, 31784, 1723, 370, 14165, 100721]"
110617,"[36327, 70291, 16003, 5147, 79364, 31544, 104331, 5785, 111, 30124]"
110618,"[27076, 70453, 70392, 61506, 103874, 87886, 9154, 26705, 74889, 83365]"
110619,"[13487, 4016, 92151, 33427, 59973, 3556, 43695, 78824, 58492, 71979]"
110620,"[48104, 70939, 105701, 45026, 28015, 90702, 30927, 104032, 28008, 68586]"
110621,"[47211, 78443, 84078, 7913, 36296, 60748, 80798, 103295, 38239, 18221]"
110622,"[54446, 95687, 78104, 10611, 18198, 78185, 98648, 103959, 75023, 94616]"
110623,"[73236, 76048, 18054, 32959, 60944, 26912, 106655, 78363, 81537, 88632]"
110624,"[43853, 26234, 1998, 23091, 60342, 65871, 36994, 978, 9160, 27795]"
110625,"[30133, 46636, 99479, 30631, 86897, 41566, 78610, 58315, 36708, 68551]"
110626,"[41888, 77250, 15487, 85730, 10472, 81717, 87780, 44497, 79006, 59842]"
110627,"[37599, 91650, 87534, 3444, 93697, 56822, 27471, 104801, 18405, 6857]"
110628,"[69533, 19085, 74498, 23499, 86673, 11788, 95264, 71752, 29853, 21207]"
110629,"[18959, 104590, 19954, 91661, 44096, 15951, 47255, 107287, 3806, 77439]"
110630,"[54948, 66921, 10809, 57726, 42000, 29250, 54901, 17181, 30493, 57124]"
110631,"[68307, 16842, 28303, 15762, 11571, 49914, 70186, 36824, 70027, 81327]"
110632,"[10498, 60403, 78103, 6065, 817, 72931, 97606, 81279, 22190, 60652]"
110633,"[25544, 96558, 7440, 19246, 105872, 97883, 99098, 86193, 57235, 37352]"
110634,"[15712, 2818, 59973, 492, 2455, 68548, 69432, 16665, 18990, 20137]"
110635,"[62417, 104111, 67331, 24307, 50025, 71984, 32555, 85764, 75870, 68026]"
110636,"[30292, 59673, 79186, 9164, 41876, 47840, 49705, 3770, 39897, 73077]"
110637,"[71451, 108422, 105896, 74092, 8726, 59468, 17851, 1224, 91845, 19882]"
110638,"[18182, 43309, 38789, 16038, 59464, 7448, 75062, 82156, 59216, 92236]"
110639,"[48943, 20102, 22404, 41084, 57377, 5606, 43803, 73603, 83941, 35229]"
110640,"[7554, 4035, 106732, 721, 88714, 37052, 3837, 68584, 36001, 4125]"
110641,"[76743, 79544, 64963, 8047, 43565, 70168, 88342, 2462, 45327, 12990]"
110642,"[2192, 101594, 12157, 102520, 76302, 5033, 106855, 71864, 42752, 105585]"
110643,"[50010, 48115, 82276, 23887, 98, 35757, 75608, 79912, 74775, 15575]"
110644,"[1814, 88040, 45515, 9927, 10362, 13065, 105124, 18778, 66412, 45049]"
110645,"[25718, 46920, 51175, 55521, 15213, 24865, 70264, 24909, 28817, 6642]"
110646,"[12667, 15623, 30725, 52367, 26869, 24268, 18089, 101321, 92921, 26933]"
110647,"[80210, 69750, 36715, 33762, 92176, 49866, 35713, 80881, 31302, 6518]"
110648,"[104494, 3580, 106814, 51003, 59085, 42425, 31524, 52726, 20225, 99655]"
110649,"[68188, 96559, 27182, 19501, 69810, 100263, 12519, 67195, 68657, 55572]"
110650,"[33267, 48195, 35990, 47434, 63225, 67495, 43930, 40580, 54567, 48765]"
110651,"[92060, 64296, 77685, 89671, 8760, 47436, 71351, 93559, 65415, 107497]"
110652,"[90755, 45445, 97678, 9728, 38897, 37081, 75457, 70447, 77968, 21624]"
110653,"[21055, 7393, 1512, 59052, 54067, 79823, 52638, 32594, 3021, 25388]"
110654,"[25221, 64378, 105012, 71837, 3746, 105651, 75070, 887, 96520, 93709]"
110655,"[20152, 59288, 40780, 20406, 26156, 68703, 6264, 17622, 95093, 94637]"
110656,"[16434, 28733, 80758, 80916, 7073, 100998, 19724, 110, 92267, 75998]"
110657,"[39975, 59067, 23847, 40778, 105007, 108003, 25008, 87805, 97507, 20378]"
110658,"[32927, 24210, 13001, 67887, 60704, 39314, 5662, 99930, 67174, 58839]"
110659,"[1931, 60671, 23205, 96541, 101911, 23725, 21628, 84844, 32602, 10252]"
110660,"[66513, 15987, 103632, 89742, 107274, 93528, 41911, 76522, 36802, 74385]"
110661,"[6770, 21998, 81522, 72495, 47444, 62570, 98751, 100289, 80750, 56330]"
110662,"[30421, 60030, 6578, 67727, 28444, 4208, 57040, 63247, 41474, 86911]"
110663,"[63577, 48916, 7669, 36262, 35787, 93736, 49301, 55463, 41586, 73]"
110664,"[31271, 16846, 76103, 59634, 75585, 45798, 7572, 99797, 1764, 94592]"
110665,"[81914, 51312, 68962, 37889, 40238, 44714, 26527, 91954, 11758, 68646]"
110666,"[34008, 56800, 105057, 64804, 5548, 107983, 49923, 69935, 38234, 3234]"
110667,"[89386, 18271, 15865, 94276, 95292, 19039, 53277, 43052, 41064, 89359]"
110668,"[72977, 9294, 88587, 76392, 46642, 99453, 99248, 52275, 31107, 47242]"
110669,"[58929, 53990, 91639, 1214, 29054, 78150, 42184, 72287, 98702, 53190]"
110670,"[89867, 50961, 14535, 1543, 42175, 92596, 40666, 39557, 18966, 24251]"
110671,"[6631, 61098, 67790, 8117, 99228, 84488, 30244, 12961, 16534, 64492]"
110672,"[56769, 12545, 53927, 80987, 72757, 59903, 21079, 82668, 67831, 48628]"
110673,"[53741, 59828, 24628, 40739, 98621, 68511, 30979, 64038, 59571, 90774]"
110674,"[22135, 42379, 2146, 84703, 18893, 70495, 62125, 59028, 35347, 66543]"
110675,"[41853, 105937, 89750, 98366, 102785, 7703, 101127, 29118, 69748, 66766]"
110676,"[97809, 49227, 7204, 105309, 5383, 90658, 62054, 9998, 91302, 14029]"
110677,"[45004, 79313, 60746, 107955, 52921, 51054, 107762, 94691, 49161, 55153]"
110678,"[16636, 16979, 64579, 67432, 77948, 71079, 104173, 88670, 41525, 63137]"
110679,"[33843, 69289, 5211, 43563, 39007, 23927, 74001, 58770, 104463, 13952]"
110680,"[50185, 16901, 27672, 105837, 80815, 58642, 89803, 72828, 19560, 14657]"
110681,"[56157, 87312, 81412, 56220, 72248, 103912, 94185, 51150, 35239, 53793]"
110682,"[20581, 59645, 61616, 94502, 98518, 93058, 90769, 43046, 43684, 72605]"
110683,"[41027, 34433, 47922, 2953, 548, 96560, 6630, 51545, 70401, 61876]"
110684,"[99205, 87418, 35582, 17798, 49976, 4870, 86402, 61967, 69229, 61044]"
110685,"[30484, 64878, 41046, 87824, 71001, 25079, 84566, 27432, 9051, 42366]"
110686,"[42500, 6751, 1402, 28956, 24524, 100107, 10954, 9814, 48661, 63895]"
110687,"[72028, 103067, 71239, 33902, 76070, 78570, 21977, 54874, 54966, 77551]"
110688,"[58355, 63191, 35177, 7039, 99380, 95152, 32015, 95270, 73577, 14124]"
110689,"[61652, 47996, 102075, 59624, 95663, 3085, 34031, 11995, 73167, 6575]"
110690,"[4895, 46866, 33403, 106282, 72263, 82106, 1833, 93860, 23876, 61572]"
110691,"[23867, 105822, 49544, 88990, 100197, 17524, 22242, 92326, 99977, 86761]"
110692,"[46390, 54963, 34623, 60679, 100687, 80167, 45250, 84732, 20177, 62590]"
110693,"[4800, 60910, 95018, 77353, 6528, 44008, 46673, 100532, 90847, 53416]"
110694,"[9890, 108152, 29918, 97680, 72213, 16287, 58623, 107021, 75125, 96758]"
110695,"[62020, 98399, 40679, 104057, 20819, 84582, 44793, 64835, 20403, 109651]"
110696,"[74923, 104872, 98613, 50386, 95610, 6667, 73013, 69077, 47327, 31838]"
110697,"[1374, 97953, 59094, 74679, 43077, 28237, 35454, 16759, 52644, 75552]"
110698,"[31180, 86875, 88780, 61038, 45317, 12937, 86110, 95701, 94168, 2570]"
110699,"[2525, 71540, 42742, 102133, 25261, 89142, 20460, 33789, 106391, 43529]"
110700,"[76509, 9360, 25604, 3760, 72343, 37728, 103698, 90159, 63028, 86898]"
110701,"[99863, 19153, 86678, 20314, 101903, 67111, 55582, 82223, 63818, 84571]"
110702,"[83292, 33523, 51271, 40460, 91861, 47409, 88287, 90318, 71773, 57169]"
110703,"[68048, 14520, 43777, 89369, 90076, 103915, 2856, 49236, 34841, 66475]"
110704,"[106765, 73627, 108805, 60415, 30257, 90097, 31033, 18161, 10394, 36703]"
110705,"[25262, 73367, 53139, 98810, 44771, 60623, 23589, 57233, 99570, 52851]"
110706,"[56444, 40263, 42490, 29626, 5575, 94690, 56440, 48694, 42516, 45634]"
110707,"[23442, 108444, 62673, 79868, 65169, 50874, 61665, 60578, 7006, 514]"
110708,"[64225, 818, 78169, 4711, 51394, 109057, 47350, 24896, 91162, 91675]"
110709,"[21661, 86062, 86173, 35362, 50140, 45155, 5876, 49542, 49776, 45906]"
110710,"[3410, 90171, 77255, 98695, 57134, 24555, 95144, 92137, 21233, 108877]"
110711,"[47032, 49439, 29969, 20035, 72896, 102193, 44783, 10643, 65606, 82915]"
110712,"[71527, 59805, 94369, 9978, 48651, 40722, 49093, 53989, 107582, 99950]"
110713,"[79676, 9094, 108191, 50050, 50500, 52680, 88294, 34890, 72133, 63265]"
110714,"[42944, 13308, 54208, 71192, 103015, 50795, 75842, 31765, 62963, 15449]"
110715,"[102588, 78654, 91913, 25569, 42075, 17821, 6181, 60217, 64250, 106772]"
110716,"[24756, 91101, 22730, 38942, 103093, 97197, 4667, 75633, 80067, 97323]"
110717,"[42881, 54923, 46284, 21278, 17820, 25118, 85886, 101325, 67352, 69213]"
110718,"[74846, 71383, 50793, 37394, 17730, 49657, 55174, 41913, 74444, 32718]"
110719,"[30986, 90186, 339, 53210, 99693, 23296, 76698, 79949, 78733, 3146]"
110720,"[25544, 99582, 86193, 57235, 99098, 105872, 97883, 7185, 8591, 44721]"
110721,"[72230, 107599, 105581, 93924, 25494, 107125, 83455, 87674, 7083, 40870]"
110722,"[102886, 90820, 103448, 63876, 97728, 78348, 64446, 33866, 105048, 89581]"
110723,"[106612, 61014, 86771, 69826, 101552, 92094, 47087, 5882, 74364, 32912]"
110724,"[28316, 71139, 90282, 20280, 28843, 75314, 52702, 44165, 42219, 27806]"
110725,"[34967, 36232, 104153, 26134, 92855, 20991, 100698, 44389, 43317, 498]"
110726,"[105592, 80924, 63633, 107921, 98028, 54018, 25980, 50470, 89032, 66781]"
110727,"[63267, 108896, 6358, 3100, 108922, 14865, 64949, 1171, 53388, 44384]"
110728,"[28077, 61492, 40828, 86468, 10888, 97216, 7330, 45612, 104643, 36696]"
110729,"[62854, 85649, 42573, 15636, 30472, 48262, 79560, 18913, 70630, 70199]"
110730,"[11516, 32614, 79925, 93764, 90637, 19682, 30988, 74526, 103405, 1576]"
110731,"[94400, 14306, 16175, 84226, 107391, 103249, 90574, 61441, 3142, 16493]"
110732,"[106266, 104000, 73981, 22880, 51250, 91039, 104834, 68197, 47825, 52731]"
110733,"[54446, 95687, 29649, 98648, 18417, 95301, 53976, 5791, 23299, 97069]"
110734,"[46887, 53306, 38348, 7038, 23437, 77031, 432, 56673, 81770, 82190]"
110735,"[9125, 107016, 29019, 9835, 79480, 92704, 54501, 13514, 84013, 17493]"
110736,"[97617, 28662, 29679, 25030, 80557, 12049, 70277, 88305, 1195, 17233]"
110737,"[91336, 30928, 42762, 63858, 64293, 76167, 8645, 90867, 16446, 90100]"
110738,"[73975, 45115, 102098, 77570, 91439, 8812, 109284, 13833, 12077, 52550]"
110739,"[38259, 35297, 63267, 91062, 58800, 108456, 3100, 58165, 37435, 24733]"
110740,"[77860, 4527, 77338, 75349, 51341, 29310, 108949, 43978, 16122, 2993]"
110741,"[10028, 51232, 93856, 50115, 18673, 38675, 60693, 89261, 57223, 15523]"
110742,"[24028, 68209, 82754, 6284, 25408, 77485, 11490, 35724, 64898, 77283]"
110743,"[76934, 64086, 11839, 11366, 64906, 86165, 5278, 67732, 108878, 33129]"
110744,"[96297, 83603, 65766, 102675, 30588, 98533, 74892, 97971, 13253, 72828]"
110745,"[58518, 57433, 64951, 98211, 2942, 73776, 59591, 53884, 63005, 37824]"
110746,"[40615, 64446, 102886, 94171, 2149, 29725, 89241, 78278, 98488, 54040]"
110747,"[53040, 20342, 94203, 7475, 94699, 30676, 61703, 82373, 36367, 46516]"
110748,"[80132, 60021, 12234, 91757, 4059, 53250, 46654, 69269, 3353, 84150]"
110749,"[74582, 42324, 33055, 64792, 61303, 41962, 25066, 74486, 13158, 42499]"
110750,"[72456, 70540, 80864, 109076, 28906, 101616, 76190, 56619, 48627, 28108]"
110751,"[84941, 26758, 29243, 90206, 46032, 100482, 100947, 105548, 48911, 106234]"
110752,"[41833, 57853, 34377, 103489, 44167, 57003, 72107, 55060, 65108, 20259]"
110753,"[89963, 38404, 28625, 58791, 25081, 33618, 70498, 113, 105216, 73765]"
110754,"[30987, 105650, 53200, 65393, 36580, 2834, 43226, 109575, 76850, 74038]"
110755,"[99540, 5110, 3693, 98266, 28865, 16165, 60601, 10793, 101841, 57965]"
110756,"[107232, 84774, 101823, 69130, 13787, 80100, 68522, 5139, 18290, 66601]"
110757,"[17451, 41814, 82814, 106454, 105221, 10612, 29044, 31304, 41199, 104391]"
110758,"[45003, 99954, 102441, 43246, 32109, 52204, 45974, 103373, 18249, 72617]"
110759,"[10018, 21540, 79817, 25028, 100458, 25935, 14707, 66078, 85731, 13034]"
110760,"[70085, 108929, 68642, 41692, 102487, 76895, 14669, 49400, 41848, 24446]"
110761,"[9791, 90384, 89835, 98927, 13761, 12204, 27335, 83021, 48445, 55218]"
110762,"[72089, 42237, 77342, 61610, 63437, 57143, 21632, 55152, 9476, 2965]"
110763,"[102188, 36188, 106386, 107808, 78153, 95875, 43483, 98981, 70165, 73315]"
110764,"[64007, 44004, 52558, 22533, 51599, 86871, 32153, 94540, 48782, 10316]"
110765,"[31815, 93615, 51601, 31661, 97267, 13540, 4561, 63273, 31811, 63392]"
110766,"[47974, 59520, 91337, 103561, 53170, 49291, 36274, 61916, 61479, 60938]"
110767,"[61701, 37784, 47055, 106896, 31986, 89125, 11639, 55615, 6538, 95777]"
110768,"[3541, 108076, 100255, 21500, 2501, 32787, 28096, 17094, 51907, 17222]"
110769,"[62791, 99495, 106106, 14446, 91995, 88394, 8266, 103989, 7067, 102963]"
110770,"[79998, 25010, 85230, 54858, 96950, 41029, 60714, 64790, 12263, 34041]"
110771,"[16657, 27314, 8131, 42194, 57032, 78206, 83598, 49585, 7734, 89239]"
110772,"[93087, 24050, 9606, 90522, 85924, 8424, 36127, 33453, 57345, 22698]"
110773,"[52530, 91937, 57943, 92191, 24489, 84830, 44948, 108614, 38190, 65982]"
110774,"[39571, 48961, 18826, 92308, 36186, 79281, 76580, 46746, 13496, 37054]"
110775,"[42023, 58702, 14858, 36995, 25362, 2508, 31358, 46797, 47776, 107438]"
110776,"[29084, 78324, 3531, 94252, 92871, 58151, 103664, 27999, 53564, 56394]"
110777,"[89597, 50782, 58215, 54563, 6930, 42074, 39522, 44316, 81946, 90576]"
110778,"[6061, 27557, 31278, 56855, 6739, 65166, 62513, 91468, 106301, 43550]"
110779,"[104904, 53405, 60250, 96605, 91582, 26464, 94440, 307, 56695, 101228]"
110780,"[104823, 50454, 101673, 19602, 894, 14116, 102420, 62235, 97404, 58812]"
110781,"[84615, 81803, 24765, 50457, 9632, 37402, 71730, 40258, 30221, 14336]"
110782,"[66518, 93019, 15936, 63522, 38973, 5982, 80762, 108976, 65460, 86201]"
110783,"[22770, 78577, 37633, 84696, 13678, 99363, 102957, 23397, 18987, 57669]"
110784,"[42558, 86274, 26428, 105428, 65794, 84583, 15067, 40571, 13158, 61041]"
110785,"[875, 57745, 22975, 29707, 62982, 60131, 101804, 73946, 68684, 48524]"
110786,"[1868, 107343, 2163, 22873, 101063, 58117, 14279, 91170, 99758, 58644]"
110787,"[28879, 6669, 109218, 40623, 57874, 86207, 97885, 52548, 28546, 77941]"
110788,"[106042, 34012, 62101, 52415, 77520, 10682, 9155, 51162, 68719, 16539]"
110789,"[84086, 7531, 42061, 46967, 5865, 73001, 46599, 6886, 59866, 11238]"
110790,"[16611, 69481, 32834, 7134, 6688, 48187, 35148, 80476, 109545, 14297]"
110791,"[86229, 52995, 102119, 92759, 66028, 101074, 20693, 22069, 35083, 53389]"
110792,"[79514, 25841, 58014, 52716, 5459, 48435, 37265, 8908, 92609, 73262]"
110793,"[38597, 94347, 36907, 12463, 85370, 59681, 73319, 41609, 16949, 37332]"
110794,"[63226, 27332, 71151, 83264, 79506, 28818, 25358, 14484, 15258, 94135]"
110795,"[18918, 45386, 9063, 1257, 46182, 65411, 83427, 9901, 56212, 49971]"
110796,"[2646, 105598, 35019, 23220, 54590, 758, 104312, 83579, 64258, 80392]"
110797,"[61216, 18671, 44058, 7757, 10307, 41843, 72092, 86769, 1967, 90409]"
110798,"[30559, 5653, 74352, 23386, 95401, 4937, 83476, 57468, 6973, 99555]"
110799,"[12146, 95616, 34368, 89373, 11272, 7833, 66275, 94098, 3072, 53487]"
110800,"[34025, 92756, 26623, 39323, 78060, 58399, 17519, 89537, 28576, 28417]"
110801,"[63202, 29201, 38689, 58594, 91374, 83536, 46200, 6778, 95831, 11237]"
110802,"[79317, 52798, 22385, 36755, 54300, 67188, 96422, 33967, 60180, 35159]"
110803,"[25608, 26864, 78595, 41918, 99544, 106199, 184, 23074, 56012, 8687]"
110804,"[51366, 98016, 79612, 25000, 16747, 20675, 89098, 106398, 23997, 60060]"
110805,"[6995, 96428, 1520, 31253, 77034, 95301, 48825, 78019, 46935, 83167]"
110806,"[51776, 23403, 13297, 5676, 55192, 50503, 95995, 9177, 50056, 10298]"
110807,"[54131, 25575, 98259, 64671, 48571, 22340, 108951, 67946, 101915, 65148]"
110808,"[70594, 100915, 107358, 37163, 75628, 68071, 50626, 92490, 78908, 40799]"
110809,"[28422, 108444, 7356, 55597, 23442, 21724, 46499, 1367, 44545, 25553]"
110810,"[19517, 103010, 3871, 13757, 22106, 25479, 23859, 26650, 43693, 2235]"
110811,"[101599, 23934, 26317, 80362, 107972, 34762, 22334, 101347, 4772, 52826]"
110812,"[69423, 36350, 30967, 23117, 44988, 22994, 41896, 95899, 38798, 62575]"
110813,"[101528, 102402, 15381, 70327, 87629, 37067, 90863, 61236, 59888, 33823]"
110814,"[52489, 20896, 108105, 1462, 50920, 396, 24638, 40130, 34036, 86410]"
110815,"[47846, 66728, 106671, 27131, 83382, 98563, 100642, 36617, 8313, 77772]"
110816,"[21462, 8378, 73491, 73152, 106507, 70126, 101760, 25768, 92386, 106364]"
110817,"[1116, 10157, 23407, 90038, 67792, 93980, 51651, 32916, 57998, 4026]"
110818,"[35755, 80853, 17789, 81531, 101784, 4079, 53361, 102584, 39385, 58682]"
110819,"[101257, 78278, 53340, 75964, 88939, 84656, 56507, 33683, 40615, 11089]"
110820,"[55540, 100040, 39105, 66763, 42791, 44662, 51691, 104842, 5438, 92938]"
110821,"[77621, 30253, 100943, 94646, 1120, 55021, 55136, 2535, 92180, 59711]"
110822,"[88348, 90979, 48004, 89493, 43414, 86125, 95346, 52772, 47720, 51314]"
110823,"[69669, 35367, 51880, 17301, 28906, 54021, 99702, 24347, 77500, 66055]"
110824,"[107591, 22839, 67103, 26781, 45024, 1691, 105064, 48586, 8691, 27685]"
110825,"[108157, 58476, 87237, 24562, 92213, 86332, 50819, 58871, 83883, 12617]"
110826,"[102141, 59911, 88616, 18190, 58062, 1046, 2824, 2277, 19007, 23177]"
110827,"[67522, 29549, 22339, 73156, 104641, 27174, 77585, 18462, 87009, 99498]"
110828,"[74826, 90204, 58428, 94018, 20682, 39224, 31852, 50336, 63037, 96425]"
110829,"[88773, 14830, 94900, 50303, 73918, 72389, 97382, 23826, 41791, 56099]"
110830,"[90982, 55389, 79265, 55928, 69751, 7654, 35931, 1386, 10881, 66366]"
110831,"[67539, 35201, 2873, 13397, 50834, 40958, 40177, 21280, 85429, 52180]"
110832,"[1878, 32720, 72832, 40755, 65009, 104297, 11626, 77749, 61942, 74834]"
110833,"[21017, 66472, 32676, 16484, 81525, 32686, 89273, 53247, 29217, 21868]"
110834,"[33808, 43768, 61670, 70445, 57567, 71998, 38104, 103477, 1662, 16188]"
110835,"[81596, 34435, 15234, 65732, 106279, 87733, 90416, 16779, 83866, 60503]"
110836,"[16514, 93836, 107499, 52150, 13562, 16403, 96989, 65243, 10822, 16080]"
110837,"[93065, 8140, 65904, 29534, 45487, 42288, 109154, 21270, 44624, 70154]"
110838,"[62389, 28970, 109765, 27063, 58133, 28032, 52453, 10344, 86453, 102550]"
110839,"[64408, 45241, 32364, 63764, 26620, 3297, 12134, 2852, 98747, 16340]"
110840,"[9083, 69811, 19715, 80626, 82641, 79144, 45899, 92035, 23561, 71687]"
110841,"[1394, 51706, 3611, 57008, 23294, 65927, 92586, 84125, 55246, 93217]"
110842,"[45485, 109676, 64065, 24773, 37994, 21087, 54084, 43274, 100871, 108643]"
110843,"[6720, 102634, 88138, 79451, 34912, 21831, 3837, 49394, 23368, 54842]"
110844,"[92796, 63520, 17565, 19299, 49972, 104393, 54045, 21142, 18829, 72370]"
110845,"[26830, 11770, 55763, 101553, 32695, 12673, 97435, 81236, 82799, 57763]"
110846,"[18487, 12260, 103009, 22968, 48859, 27347, 28297, 86981, 56069, 50161]"
110847,"[53120, 6616, 36448, 73488, 72712, 99847, 69597, 70710, 4953, 99316]"
110848,"[92224, 101129, 45333, 95593, 20090, 17545, 69492, 74636, 63154, 24553]"
110849,"[82698, 5332, 105811, 127, 99583, 25348, 56032, 63781, 82668, 8663]"
110850,"[35202, 83790, 76099, 83466, 60978, 85808, 44349, 22247, 34203, 59668]"
110851,"[54285, 87240, 80563, 54362, 63734, 678, 26491, 70831, 65376, 21321]"
110852,"[71427, 69757, 49896, 11631, 109525, 91151, 34841, 68655, 169, 13958]"
110853,"[39717, 100428, 31174, 55116, 95910, 63963, 73622, 45800, 3064, 97683]"
110854,"[95428, 3675, 65522, 103083, 2444, 47508, 42185, 19028, 87903, 43769]"
110855,"[99672, 64695, 46072, 38482, 81569, 10026, 4897, 92472, 1397, 66954]"
110856,"[74503, 68886, 42374, 80533, 93661, 22346, 57455, 4526, 51982, 22274]"
110857,"[92003, 109095, 97928, 79528, 88067, 4045, 40151, 51381, 90861, 101054]"
110858,"[53307, 12109, 49628, 41372, 62668, 99172, 30394, 28178, 96956, 59343]"
110859,"[7652, 64459, 32189, 302, 9362, 77573, 76667, 105316, 52790, 9820]"
110860,"[104815, 23250, 78152, 66062, 80498, 47883, 23598, 96559, 96424, 52542]"
110861,"[36597, 109300, 87609, 63888, 43727, 55733, 93922, 55572, 98861, 91927]"
110862,"[83810, 37311, 99119, 1807, 37358, 40235, 18680, 69725, 26905, 81146]"
110863,"[39645, 16118, 64245, 16992, 17036, 87618, 86273, 58845, 13467, 89026]"
110864,"[42682, 23377, 38500, 15661, 97017, 104646, 12304, 55842, 101348, 69737]"
110865,"[21552, 41498, 18353, 21453, 73367, 106751, 98677, 104672, 35962, 79042]"
110866,"[46464, 28575, 13624, 33635, 21418, 78981, 65636, 17118, 39095, 86212]"
110867,"[33246, 87492, 74885, 15928, 105342, 13116, 19573, 31488, 62363, 49266]"
110868,"[94348, 77800, 13615, 14100, 58711, 103217, 106794, 30710, 88822, 106537]"
110869,"[94682, 84264, 86043, 33204, 84803, 33805, 107607, 104197, 86325, 63441]"
110870,"[89802, 67589, 83779, 61278, 2532, 24241, 55176, 42278, 63695, 95738]"
110871,"[25880, 90635, 21511, 42091, 47389, 87837, 72669, 26018, 28912, 3648]"
110872,"[82434, 31173, 17675, 60546, 91784, 67484, 28260, 91576, 36680, 75645]"
110873,"[61528, 50080, 17046, 75362, 63479, 7287, 23884, 83067, 93441, 63675]"
110874,"[103325, 14908, 89106, 53522, 6329, 92597, 61812, 26667, 11418, 42227]"
110875,"[104282, 83697, 104908, 37560, 100523, 108447, 59457, 74007, 96860, 98448]"
110876,"[54954, 80504, 78431, 86428, 15038, 19448, 14791, 76926, 32450, 25895]"
110877,"[64897, 86391, 104325, 71037, 98465, 103707, 100648, 97516, 51, 12202]"
110878,"[68149, 67878, 28549, 71682, 82060, 67341, 66695, 15387, 40457, 94619]"
110879,"[85345, 81783, 82027, 92984, 63805, 1868, 75358, 20413, 92752, 2943]"
110880,"[63035, 93135, 33898, 35113, 74369, 25124, 83218, 87541, 17892, 101510]"
110881,"[98308, 59455, 34654, 39154, 29954, 9672, 81464, 104881, 26981, 95465]"
110882,"[60609, 98409, 107317, 93538, 47890, 55189, 19531, 70233, 91325, 30762]"
110883,"[1094, 66444, 39148, 104828, 61597, 94472, 87301, 47230, 61744, 77948]"
110884,"[93332, 32411, 99801, 109397, 80475, 68219, 40287, 102582, 71079, 4309]"
110885,"[1517, 51465, 35014, 99417, 78686, 108165, 75795, 9217, 86308, 36455]"
110886,"[67941, 41159, 3117, 67063, 29934, 106569, 65187, 41771, 90091, 66554]"
110887,"[96970, 60494, 101, 46869, 30701, 27348, 1756, 98419, 93728, 97113]"
110888,"[65154, 20052, 4369, 73701, 91743, 46382, 1581, 93500, 19794, 5820]"
110889,"[95923, 74076, 26856, 70418, 53815, 74593, 729, 92129, 942, 49232]"
110890,"[67001, 103169, 52650, 15072, 43560, 2587, 42397, 83036, 62247, 4117]"
110891,"[48695, 19642, 59714, 94847, 24316, 51488, 107807, 54929, 63193, 57623]"
110892,"[56866, 88450, 24834, 29850, 18077, 27057, 108802, 20832, 41876, 19099]"
110893,"[13898, 104882, 75049, 38106, 2240, 29442, 24633, 34186, 15399, 27205]"
110894,"[44696, 7311, 78511, 2007, 23277, 33278, 83654, 74302, 34442, 94192]"
110895,"[74986, 107959, 21898, 8090, 43029, 48140, 59312, 20674, 46315, 85646]"
110896,"[102527, 101731, 72510, 44942, 66039, 34748, 10382, 63686, 86689, 104785]"
110897,"[21712, 44639, 61251, 63874, 81416, 93571, 29511, 43158, 87105, 22664]"
110898,"[8550, 87632, 94913, 62441, 39363, 77162, 82658, 17180, 33667, 108572]"
110899,"[73557, 10339, 77029, 24174, 17885, 106959, 60829, 36770, 2461, 25986]"
110900,"[8015, 48954, 25793, 45113, 99677, 47596, 10834, 106841, 107100, 99328]"
110901,"[24854, 51672, 30846, 35399, 77886, 96442, 438, 68822, 89994, 55545]"
110902,"[92174, 35492, 100974, 94483, 35203, 69375, 85899, 21475, 20392, 21912]"
110903,"[21595, 65924, 68581, 48184, 94927, 102711, 89642, 87249, 87118, 58573]"
110904,"[53484, 13270, 12790, 35573, 31070, 39931, 101337, 77274, 95140, 63554]"
110905,"[102108, 23838, 48061, 21517, 17994, 34787, 12338, 105283, 57965, 40669]"
110906,"[80208, 88267, 42594, 4470, 23193, 42508, 65102, 57671, 14534, 58017]"
110907,"[53411, 71143, 34734, 57051, 15390, 31556, 34144, 62413, 81499, 100207]"
110908,"[26502, 48190, 62536, 9671, 72855, 95820, 34722, 73192, 8327, 104827]"
110909,"[21299, 13422, 33796, 9393, 32988, 62694, 25317, 90212, 23703, 82380]"
110910,"[19019, 76188, 44853, 101997, 60318, 59448, 7330, 72158, 26222, 57909]"
110911,"[57246, 38081, 10426, 10483, 18731, 9879, 27281, 37047, 54815, 76319]"
110912,"[108168, 84760, 87860, 75085, 68257, 107463, 1221, 2618, 23815, 64387]"
110913,"[87635, 108465, 59707, 11182, 21672, 74641, 7074, 30901, 995, 17367]"
110914,"[21823, 78407, 10582, 99952, 39948, 14565, 55515, 58894, 19975, 86643]"
110915,"[83462, 3560, 55697, 43109, 41394, 52758, 2703, 64475, 109428, 4144]"
110916,"[42959, 16208, 1834, 99210, 44593, 49991, 102895, 94702, 71849, 4054]"
110917,"[84353, 55930, 97942, 53932, 102950, 54089, 99442, 72930, 64945, 76778]"
110918,"[84152, 44582, 81784, 93849, 93729, 16396, 4409, 94460, 32789, 1328]"
110919,"[56218, 34604, 57128, 103966, 2546, 66569, 103957, 15475, 53963, 109567]"
110920,"[17830, 2147, 21690, 67265, 61253, 65296, 15088, 66281, 37690, 51492]"
110921,"[21888, 7872, 58317, 18899, 2346, 18746, 109704, 40340, 29982, 1704]"
110922,"[60542, 31371, 68075, 52628, 93862, 63499, 8796, 78550, 63068, 16622]"
110923,"[10451, 29862, 109171, 36299, 84196, 99131, 64426, 4426, 15178, 108435]"
110924,"[26051, 7707, 87883, 25614, 71553, 7760, 98269, 55568, 35816, 49121]"
110925,"[60163, 91497, 53944, 103486, 40745, 25784, 67383, 104078, 23127, 98187]"
110926,"[81535, 86446, 69191, 90914, 5138, 59665, 40404, 94350, 19700, 26634]"
110927,"[21222, 95950, 72857, 56363, 40435, 84560, 24616, 71747, 26992, 31359]"
110928,"[73957, 39533, 12350, 73732, 98661, 12075, 73642, 100890, 72793, 69027]"
110929,"[27616, 58491, 53383, 29192, 104935, 28195, 9203, 26988, 86716, 22170]"
110930,"[16574, 41505, 49481, 25323, 84090, 31647, 106029, 2706, 109260, 12685]"
110931,"[100483, 78766, 14667, 40811, 69952, 31012, 77238, 24322, 59553, 74395]"
110932,"[92834, 68295, 99411, 27581, 34127, 78175, 73177, 37758, 53520, 95124]"
110933,"[30148, 6252, 11532, 4571, 36491, 33393, 40509, 27892, 76339, 3414]"
110934,"[48939, 59496, 29950, 20520, 28603, 2960, 40612, 100469, 76843, 17698]"
110935,"[45144, 91307, 100394, 97907, 60116, 84092, 100791, 21621, 51911, 97632]"
110936,"[104808, 105931, 72391, 86882, 8000, 68008, 82063, 99715, 60287, 27936]"
110937,"[32679, 104668, 109634, 100006, 48003, 24167, 18711, 62468, 5814, 56611]"
110938,"[7556, 56038, 78182, 64558, 3703, 71180, 24459, 15124, 62258, 48800]"
110939,"[37449, 31367, 90204, 72602, 91365, 37530, 79108, 12396, 106893, 100000]"
110940,"[69576, 31419, 66802, 57153, 68193, 92009, 57544, 96281, 36762, 109746]"
110941,"[103930, 19679, 95212, 56940, 91655, 78367, 102196, 95330, 55590, 24816]"
110942,"[6532, 74979, 47786, 54179, 48289, 30998, 52177, 44340, 5533, 62465]"
110943,"[66489, 9944, 98560, 105216, 81695, 62026, 33618, 55117, 6982, 9903]"
110944,"[101539, 109600, 50466, 11323, 60699, 93106, 94029, 10246, 45281, 101960]"
110945,"[67729, 105909, 26763, 10649, 64814, 29279, 25223, 108763, 20781, 21176]"
110946,"[94395, 83913, 9875, 52400, 55964, 91376, 49167, 50826, 68621, 37926]"
110947,"[17835, 105057, 49318, 77205, 56379, 63816, 36641, 29172, 94885, 88933]"
110948,"[72607, 79266, 15052, 59946, 59795, 55083, 99432, 63808, 102090, 21192]"
110949,"[25264, 69471, 58737, 86415, 76074, 54532, 32325, 56921, 102599, 2617]"
110950,"[100758, 16613, 92012, 109712, 102400, 51294, 66126, 85804, 61261, 105217]"
110951,"[40475, 3683, 27543, 92118, 55181, 10989, 56983, 55718, 82922, 89789]"
110952,"[35354, 80907, 90323, 38897, 99230, 108491, 9937, 95908, 103679, 27895]"
110953,"[96551, 39870, 17915, 69671, 96318, 60933, 43990, 17632, 77862, 85266]"
110954,"[97430, 45680, 87062, 83526, 10119, 67305, 95286, 72789, 3175, 78766]"
110955,"[17379, 31052, 84318, 84661, 66124, 109468, 29314, 100065, 57312, 4249]"
110956,"[30470, 102569, 108474, 72581, 32668, 102681, 59740, 104176, 94241, 17861]"
110957,"[103768, 32670, 60892, 2982, 45964, 59815, 96016, 57548, 45792, 109177]"
110958,"[103069, 10036, 59303, 44141, 83887, 89598, 15820, 59546, 80540, 32492]"
110959,"[44515, 35757, 75608, 71973, 22430, 94498, 60297, 84940, 26859, 47243]"
110960,"[13516, 45720, 68638, 668, 81001, 74181, 75721, 25112, 10377, 100384]"
110961,"[76806, 88409, 10382, 35171, 47789, 54032, 82455, 13762, 32583, 101206]"
110962,"[46081, 75357, 74278, 108457, 94644, 58681, 12080, 32457, 38371, 40837]"
110963,"[76009, 46670, 20264, 94279, 77554, 36682, 44639, 85594, 86831, 83543]"
110964,"[49148, 56084, 41356, 2443, 24300, 97558, 2793, 58219, 99139, 27385]"
110965,"[106620, 3520, 20903, 78028, 76340, 13651, 6719, 37525, 14625, 63348]"
110966,"[36878, 60841, 7514, 59950, 69161, 81131, 61979, 73404, 88792, 12922]"
110967,"[99985, 53245, 94414, 72756, 11036, 11051, 36833, 92114, 106566, 3880]"
110968,"[96648, 15211, 96867, 39669, 62256, 259, 15287, 56025, 17946, 67515]"
110969,"[62753, 43960, 64614, 76613, 6486, 35529, 90307, 90784, 88817, 76284]"
110970,"[54505, 63307, 17405, 58783, 43323, 54961, 10307, 1967, 45556, 47893]"
110971,"[57865, 74827, 33793, 86108, 36545, 47861, 37836, 85226, 56938, 36175]"
110972,"[33799, 23236, 32904, 80055, 81672, 34587, 5489, 12436, 14714, 37446]"
110973,"[85873, 81311, 104546, 39365, 97994, 57488, 55065, 94714, 82015, 40439]"
110974,"[106568, 11820, 81423, 90254, 41011, 61320, 92067, 79204, 45654, 109561]"
110975,"[14915, 64986, 74009, 40359, 88223, 70857, 92196, 15711, 96160, 45052]"
110976,"[20560, 65576, 35329, 98534, 102320, 38062, 11836, 84128, 89088, 96186]"
110977,"[89486, 34331, 54183, 19712, 59969, 76810, 80550, 71952, 65460, 39786]"
110978,"[89007, 59658, 7636, 3400, 101479, 3671, 79580, 8136, 24556, 69802]"
110979,"[71789, 66726, 86825, 26744, 7889, 71647, 102652, 105368, 103012, 42872]"
110980,"[97656, 4183, 58466, 141, 43190, 19649, 84837, 21532, 54268, 41685]"
110981,"[108403, 35279, 78592, 78902, 20905, 30157, 63546, 17099, 108644, 97513]"
110982,"[92911, 100498, 72656, 65247, 82132, 37374, 64781, 72823, 39591, 1040]"
110983,"[47381, 79541, 72162, 33936, 21843, 21594, 2044, 11677, 45077, 17899]"
110984,"[86253, 46487, 80167, 93112, 51096, 59168, 63200, 62590, 19393, 89790]"
110985,"[25459, 31749, 23058, 38528, 3864, 1255, 92095, 74475, 96079, 93855]"
110986,"[11430, 70693, 84822, 54169, 84673, 16212, 107048, 68986, 89703, 20402]"
110987,"[83147, 31355, 74011, 73795, 57124, 28487, 65773, 63038, 97295, 105387]"
110988,"[25482, 69462, 82520, 34608, 94308, 50918, 95226, 32292, 9624, 94639]"
110989,"[83074, 40432, 52990, 66935, 88356, 89326, 105241, 92986, 99052, 57465]"
110990,"[30533, 69866, 90218, 10886, 104725, 76275, 59869, 103237, 86008, 15709]"
110991,"[14419, 100373, 4230, 8598, 60133, 42748, 83031, 88396, 22222, 81802]"
110992,"[15961, 40210, 102778, 67154, 97544, 103156, 89463, 83996, 64150, 92411]"
110993,"[17308, 58853, 67215, 18366, 89091, 14311, 73940, 64997, 97831, 91069]"
110994,"[86876, 66956, 36834, 26452, 43459, 56074, 35336, 63093, 109182, 4921]"
110995,"[1534, 32377, 51721, 95958, 24315, 79330, 12580, 94794, 18927, 75299]"
110996,"[70753, 81043, 14639, 68722, 102935, 53215, 90193, 85172, 81220, 84180]"
110997,"[36586, 85892, 103235, 108474, 77982, 81586, 104176, 32668, 84547, 30660]"
110998,"[50533, 109570, 13272, 35663, 25216, 40272, 94231, 81718, 41108, 4459]"
110999,"[58705, 51380, 108572, 89949, 55507, 71049, 46756, 90434, 22332, 8550]"
111000,"[97210, 90031, 40320, 87598, 87747, 82083, 104473, 76080, 49472, 78742]"
111001,"[90326, 21668, 32971, 52010, 53905, 101033, 57508, 38754, 16587, 79952]"
111002,"[40772, 11288, 2615, 27936, 8885, 64673, 90084, 46604, 60497, 74073]"
111003,"[65663, 23560, 47960, 107780, 36764, 44590, 39335, 8114, 28839, 100681]"
111004,"[6921, 54613, 20905, 26674, 94481, 78902, 36402, 108539, 42831, 93502]"
111005,"[76923, 103395, 47407, 53420, 31837, 70035, 109692, 43606, 3295, 16667]"
111006,"[45652, 5415, 27185, 4460, 27089, 92539, 18030, 73842, 55574, 71300]"
111007,"[10985, 97176, 74516, 65443, 98889, 99403, 22631, 76198, 45741, 3862]"
111008,"[25127, 52677, 36564, 26786, 41834, 39329, 100135, 91525, 54061, 36591]"
111009,"[29353, 47344, 88380, 102068, 101059, 97373, 2083, 6335, 81655, 67986]"
111010,"[90245, 99160, 11583, 82511, 78076, 73427, 49917, 36143, 54445, 49461]"
111011,"[37769, 93819, 3572, 2298, 90291, 57657, 20808, 637, 10038, 43262]"
111012,"[78121, 35944, 22254, 43845, 47199, 53509, 106647, 50154, 100073, 97817]"
111013,"[25717, 3141, 96658, 30722, 39827, 76456, 32360, 64990, 82954, 51800]"
111014,"[1746, 102201, 81909, 33277, 29280, 66267, 38573, 21365, 89748, 6828]"
111015,"[21153, 66937, 30361, 72018, 14160, 24750, 61132, 86730, 93974, 32930]"
111016,"[37634, 26468, 2320, 47231, 27401, 64337, 94919, 70105, 61393, 62104]"
111017,"[75061, 66291, 97853, 28186, 74388, 28526, 85055, 24904, 90970, 84756]"
111018,"[92021, 76849, 9878, 102712, 44933, 51068, 16748, 16135, 4070, 50729]"
111019,"[61085, 46822, 49760, 79485, 59378, 62059, 50877, 47809, 76905, 48111]"
111020,"[90289, 64538, 95733, 25111, 3704, 29556, 57540, 20109, 89188, 22584]"
111021,"[106805, 93229, 88475, 32494, 48098, 7608, 7985, 35701, 103583, 57993]"
111022,"[88968, 107127, 104806, 42162, 54250, 29525, 14961, 66661, 62490, 66127]"
111023,"[32943, 69045, 49433, 976, 29659, 21253, 80866, 27145, 20496, 21936]"
111024,"[88550, 11535, 1984, 227, 59493, 45662, 89675, 662, 93641, 44565]"
111025,"[75717, 97015, 6795, 106189, 27491, 102508, 108931, 49720, 69204, 13748]"
111026,"[75833, 25284, 29095, 109590, 75806, 36240, 22359, 9019, 108343, 26594]"
111027,"[105584, 49196, 68056, 17470, 27436, 24969, 7611, 2184, 84898, 83471]"
111028,"[69314, 20495, 70023, 53157, 71129, 73093, 74544, 80104, 106720, 93813]"
111029,"[66734, 2309, 104380, 84077, 101980, 102851, 71619, 27346, 79842, 42636]"
111030,"[91661, 28616, 80135, 10263, 18536, 47255, 89440, 792, 13988, 63076]"
111031,"[78022, 54164, 75922, 93975, 39347, 38360, 66634, 84523, 65673, 35312]"
111032,"[32669, 12758, 17668, 72076, 86953, 41890, 52673, 7059, 97335, 2333]"
111033,"[75484, 71216, 3988, 78242, 70935, 97678, 68825, 23641, 4524, 16857]"
111034,"[102248, 44549, 108027, 27818, 37750, 103207, 10501, 102311, 55879, 93257]"
111035,"[8891, 13453, 50304, 46326, 1054, 35786, 89054, 9663, 37598, 1296]"
111036,"[39387, 48351, 98222, 85736, 7471, 40989, 68601, 13764, 80995, 61585]"
111037,"[40822, 107760, 42208, 28182, 109335, 26465, 46986, 70608, 53631, 93903]"
111038,"[104332, 26131, 45178, 24156, 884, 10134, 67125, 76600, 278, 49450]"
111039,"[80634, 102800, 78411, 11560, 41781, 49954, 85716, 69477, 85213, 52425]"
111040,"[14344, 47388, 44022, 34660, 948, 45545, 19592, 33035, 96959, 72191]"
111041,"[4222, 76910, 29199, 105360, 91715, 66314, 18754, 19882, 33937, 75549]"
111042,"[6097, 21095, 91647, 76563, 84795, 12613, 89209, 4596, 91236, 79475]"
111043,"[87014, 21541, 41810, 78407, 63819, 76768, 72921, 96583, 19088, 97835]"
111044,"[68690, 44328, 108604, 70729, 37122, 62333, 10017, 24378, 34379, 78838]"
111045,"[83127, 62226, 9424, 71856, 12124, 54160, 51300, 30398, 103395, 40952]"
111046,"[73518, 100496, 38780, 8958, 35447, 38003, 18950, 17150, 49279, 28168]"
111047,"[94379, 26509, 9110, 45307, 108566, 41911, 102787, 43486, 92228, 62384]"
111048,"[27576, 73654, 94474, 2867, 23510, 93669, 33555, 98917, 21136, 23394]"
111049,"[52288, 27964, 68843, 85676, 38399, 91451, 95791, 80060, 59790, 77091]"
111050,"[109480, 105808, 91937, 41765, 77377, 35293, 95858, 24489, 105641, 21411]"
111051,"[51991, 39523, 35093, 28876, 41814, 20868, 86387, 60084, 17451, 25291]"
111052,"[9670, 75028, 33712, 87988, 72895, 10479, 54351, 50782, 35815, 78833]"
111053,"[90257, 71284, 74310, 44817, 41326, 95698, 73736, 100474, 43276, 76535]"
111054,"[43075, 57588, 59104, 63663, 8656, 96344, 17680, 63736, 91130, 12506]"
111055,"[105138, 2149, 25279, 48503, 90469, 48969, 22216, 98804, 85454, 2057]"
111056,"[56485, 93095, 64642, 23681, 72454, 39449, 85292, 30743, 65244, 86335]"
111057,"[32206, 23735, 23137, 33191, 36323, 75292, 95836, 10521, 96681, 102213]"
111058,"[22529, 23765, 101343, 54644, 67097, 24010, 99944, 102491, 53365, 71794]"
111059,"[11056, 36902, 87503, 51159, 66588, 60585, 71159, 35625, 36106, 105159]"
111060,"[80253, 80605, 11557, 98521, 2252, 41090, 66885, 8411, 46444, 37782]"
111061,"[54930, 106364, 78840, 97290, 83857, 28452, 60131, 71030, 81234, 24245]"
111062,"[82641, 89820, 92312, 68257, 2618, 4823, 19715, 23561, 33678, 94189]"
111063,"[101499, 2041, 13566, 39553, 85492, 70749, 63674, 108554, 28159, 99651]"
111064,"[107184, 53156, 16057, 45089, 22810, 4692, 79290, 18157, 14420, 52941]"
111065,"[43596, 40592, 4386, 35696, 52035, 9585, 21531, 85989, 60900, 46111]"
111066,"[47293, 66522, 33634, 24863, 67306, 18026, 107152, 97902, 87235, 8955]"
111067,"[45983, 109352, 41390, 104160, 41142, 98699, 20970, 57651, 6592, 38265]"
111068,"[63103, 44014, 58669, 18211, 99805, 80453, 89657, 75298, 36826, 89341]"
111069,"[20799, 104237, 6298, 88685, 52253, 16449, 77962, 20357, 49033, 22449]"
111070,"[77267, 27716, 55400, 65454, 100222, 46881, 109363, 11855, 51066, 22271]"
111071,"[99857, 80231, 3565, 37737, 44776, 79589, 16510, 109275, 19625, 66389]"
111072,"[85176, 92643, 65184, 54050, 94444, 38312, 63028, 30663, 69512, 17105]"
111073,"[100286, 5214, 106979, 88132, 89583, 6056, 36995, 82225, 91535, 81611]"
111074,"[95778, 12980, 38744, 40227, 97378, 15664, 79738, 55708, 72330, 62919]"
111075,"[27988, 1463, 77572, 102413, 30794, 14770, 21010, 25398, 103250, 69284]"
111076,"[11637, 65757, 79361, 7566, 94328, 68315, 71857, 6432, 45819, 61332]"
111077,"[56247, 56261, 73903, 28048, 92468, 96743, 63629, 44765, 91856, 90778]"
111078,"[18033, 18321, 34504, 94938, 58061, 97238, 82130, 32612, 11676, 66114]"
111079,"[50521, 98418, 51356, 9656, 22656, 88642, 4993, 75151, 76724, 32686]"
111080,"[86797, 2553, 9211, 22847, 18295, 38769, 84095, 84833, 47137, 102877]"
111081,"[87663, 43069, 33282, 91104, 57757, 54728, 92292, 11590, 40844, 27882]"
111082,"[55403, 65366, 97750, 77287, 21023, 63244, 103422, 75033, 2870, 9812]"
111083,"[71293, 35296, 45026, 17042, 56016, 102993, 77016, 48104, 97005, 18120]"
111084,"[76275, 37230, 15709, 79795, 100659, 73223, 81487, 6050, 83710, 74585]"
111085,"[95577, 11108, 61602, 18371, 50868, 57152, 74345, 98622, 31356, 4855]"
111086,"[81353, 66855, 28922, 61988, 84058, 49830, 35738, 69069, 19477, 44457]"
111087,"[5871, 97864, 77700, 8076, 54507, 14164, 20349, 62678, 11574, 35860]"
111088,"[29070, 61002, 45014, 46666, 45301, 16828, 38628, 12268, 70122, 42020]"
111089,"[21996, 58584, 47272, 8534, 42035, 80968, 97941, 80532, 21314, 32474]"
111090,"[81724, 52031, 84641, 46974, 2667, 64664, 25214, 27096, 2069, 44269]"
111091,"[76549, 53728, 24108, 82189, 67132, 40622, 21224, 22707, 68532, 39284]"
111092,"[63184, 61970, 74162, 35556, 32494, 14638, 20108, 3634, 93229, 6399]"
111093,"[32923, 982, 50413, 52600, 56832, 34801, 21782, 47358, 48096, 39288]"
111094,"[48409, 38292, 51324, 75588, 45627, 95811, 8000, 25757, 103848, 17770]"
111095,"[61301, 100511, 65409, 74631, 36785, 49207, 108555, 78146, 82809, 81024]"
111096,"[97999, 29797, 109562, 45790, 45089, 54612, 64449, 6638, 17999, 78071]"
111097,"[99718, 107811, 8391, 12652, 96902, 81861, 72218, 74831, 97124, 81238]"
111098,"[100741, 46898, 97800, 14059, 34342, 63346, 10847, 83488, 67783, 11372]"
111099,"[95438, 49528, 37014, 69790, 3957, 38432, 29895, 73559, 59930, 27455]"
111100,"[104490, 108886, 16234, 59043, 94070, 78584, 61319, 13691, 99168, 79389]"
111101,"[42029, 2559, 18954, 18816, 64664, 5884, 32852, 39667, 94980, 61657]"
111102,"[102101, 65936, 45567, 67094, 10688, 75735, 52647, 96371, 81206, 38132]"
111103,"[92484, 109546, 64656, 107998, 58483, 82845, 99041, 95733, 86738, 49072]"
111104,"[28267, 66811, 38171, 89902, 80560, 29073, 90275, 52730, 30045, 104066]"
111105,"[23719, 97498, 54660, 80377, 74109, 89458, 61855, 9792, 51387, 76336]"
111106,"[88036, 92630, 3443, 73821, 43544, 27351, 99621, 29774, 25610, 70835]"
111107,"[54147, 52597, 57675, 43266, 60576, 4677, 77134, 92309, 72996, 70684]"
111108,"[71391, 2035, 1286, 100786, 98890, 83299, 30862, 104768, 5733, 68968]"
111109,"[98495, 53750, 103723, 66905, 59396, 1117, 32568, 64196, 27862, 65832]"
111110,"[22848, 46195, 97641, 27643, 98670, 107468, 94304, 78962, 12703, 9408]"
111111,"[107489, 24455, 2076, 69054, 70587, 39221, 12217, 69611, 82877, 52966]"
111112,"[93618, 85703, 624, 34688, 30535, 86448, 83435, 44077, 65085, 68880]"
111113,"[104030, 73208, 108255, 42943, 79888, 76766, 75781, 68129, 77561, 26440]"
111114,"[84611, 15416, 57559, 85581, 33389, 8969, 83873, 73623, 85015, 42068]"
111115,"[35934, 61461, 101514, 89921, 34370, 63425, 72013, 107335, 53357, 103447]"
111116,"[60991, 30170, 46881, 65535, 24534, 22098, 27716, 11855, 109363, 86839]"
111117,"[45675, 57486, 48224, 36011, 68256, 53842, 25133, 102524, 81259, 62895]"
111118,"[70384, 6750, 15620, 30114, 56535, 82857, 73176, 102017, 102589, 77889]"
111119,"[4657, 76854, 19990, 12150, 54398, 77938, 88148, 101831, 27249, 5477]"
111120,"[106194, 73427, 89830, 11583, 75779, 10877, 55502, 31635, 77101, 34376]"
111121,"[29930, 26551, 21092, 31078, 68441, 107471, 67949, 22576, 46374, 92349]"
111122,"[44493, 15859, 14909, 68243, 100207, 25738, 33957, 81845, 29558, 9081]"
111123,"[10939, 56117, 39165, 4812, 96085, 37699, 32259, 25170, 89954, 35344]"
111124,"[97675, 35460, 32776, 3050, 16384, 5379, 86884, 91069, 35966, 58581]"
111125,"[39412, 44509, 29784, 15237, 3590, 91173, 73832, 85949, 84931, 43337]"
111126,"[62187, 67817, 99316, 16472, 44087, 98724, 29991, 11396, 68510, 70572]"
111127,"[21102, 16567, 90860, 39718, 66367, 39507, 54280, 77126, 93589, 69318]"
111128,"[91613, 69884, 47743, 28250, 20997, 66780, 29021, 19091, 12634, 30408]"
111129,"[48774, 86433, 55938, 51858, 20237, 79354, 65074, 23153, 36435, 93314]"
111130,"[8019, 40669, 19751, 104943, 17529, 81408, 4261, 78767, 81059, 73056]"
111131,"[16755, 16412, 84133, 104377, 42852, 87772, 56866, 55494, 44432, 32391]"
111132,"[106851, 95281, 12959, 15752, 4215, 30044, 87653, 43457, 82504, 38069]"
111133,"[65416, 13497, 61852, 65078, 17757, 93896, 2105, 60393, 24716, 99572]"
111134,"[21538, 104222, 89217, 52252, 48429, 56480, 40715, 74268, 11345, 96839]"
111135,"[12355, 17206, 47214, 23178, 16555, 16744, 66410, 35865, 76628, 61104]"
111136,"[2568, 88470, 8232, 26153, 74484, 87423, 2566, 23999, 69565, 61380]"
111137,"[6438, 8279, 92278, 3467, 17420, 36753, 82744, 87361, 10594, 99657]"
111138,"[74013, 45139, 102423, 32112, 53377, 4855, 28148, 99439, 38310, 58299]"
111139,"[39416, 64846, 55287, 44100, 102519, 19658, 96124, 39049, 45659, 33472]"
111140,"[3687, 93920, 89822, 41141, 55540, 48306, 471, 60129, 105112, 72493]"
111141,"[96065, 43981, 106999, 74272, 32315, 60598, 18003, 27587, 105345, 70279]"
111142,"[83447, 71260, 82537, 22241, 68982, 82251, 77949, 39067, 63099, 42012]"
111143,"[30924, 47529, 49932, 72124, 83741, 59179, 8857, 105969, 65595, 88316]"
111144,"[97525, 97539, 107874, 47871, 17347, 19328, 61554, 51342, 60700, 87257]"
111145,"[78466, 28207, 73547, 19172, 38966, 75701, 58112, 21140, 28646, 90038]"
111146,"[102268, 2640, 104441, 28042, 58047, 27350, 55050, 65462, 43751, 44689]"
111147,"[33377, 3899, 67638, 84178, 44838, 44724, 107177, 36269, 38953, 20964]"
111148,"[99210, 38757, 43679, 9537, 29141, 25247, 102895, 24804, 18284, 64861]"
111149,"[18376, 79345, 32429, 64243, 104734, 79651, 93162, 44297, 55405, 96891]"
111150,"[55913, 69234, 49928, 38444, 42539, 85746, 61613, 34548, 69384, 56392]"
111151,"[19294, 29538, 98145, 43552, 71081, 37233, 41580, 94176, 35463, 52391]"
111152,"[43607, 1827, 74717, 62464, 31600, 94365, 51929, 1940, 58290, 42044]"
111153,"[106796, 24698, 31819, 50585, 76191, 90692, 106272, 49580, 99209, 74523]"
111154,"[12328, 48490, 84275, 97461, 100086, 69663, 35352, 9244, 96733, 69]"
111155,"[53193, 42545, 95454, 8004, 70717, 62244, 36521, 92519, 37913, 32320]"
111156,"[51569, 8224, 5154, 59894, 72363, 98174, 1425, 44158, 46636, 68551]"
111157,"[103762, 24917, 42158, 62815, 30708, 40212, 92766, 31616, 42150, 70581]"
111158,"[102384, 20255, 73725, 84455, 102049, 1888, 69123, 99970, 12874, 46868]"
111159,"[9063, 44693, 26229, 45386, 78784, 75115, 19555, 91237, 10812, 13469]"
111160,"[83450, 44258, 97432, 34890, 57077, 2172, 36131, 8949, 48878, 71781]"
111161,"[29808, 60007, 48334, 103864, 81381, 77185, 71253, 60540, 108653, 56949]"
111162,"[39860, 5521, 76518, 107633, 3116, 53327, 71210, 80797, 86997, 13122]"
111163,"[84908, 57833, 27855, 48016, 97414, 40708, 102551, 57714, 107257, 66669]"
111164,"[60743, 99463, 88012, 4892, 24320, 26598, 101120, 25050, 27241, 103171]"
111165,"[56780, 95775, 75329, 57115, 48093, 20297, 64948, 56826, 16636, 72708]"
111166,"[40181, 23059, 70250, 105831, 67187, 108340, 87192, 67689, 34096, 23650]"
111167,"[24788, 57663, 103685, 67929, 6009, 89204, 50337, 91095, 94486, 637]"
111168,"[13748, 72188, 64443, 4621, 36557, 56985, 63869, 51908, 9394, 30667]"
111169,"[7017, 6652, 17550, 13388, 23605, 68845, 107616, 73214, 21807, 37854]"
111170,"[108831, 66762, 39495, 97753, 81264, 97456, 41606, 676, 79039, 75944]"
111171,"[47417, 85151, 13565, 78126, 49335, 85698, 61258, 37056, 64713, 79283]"
111172,"[42501, 61354, 87841, 46985, 1591, 101280, 57550, 72553, 104420, 22518]"
111173,"[22950, 14791, 12701, 84021, 54954, 80504, 64279, 19448, 78431, 19523]"
111174,"[55245, 15036, 827, 89221, 71556, 248, 82108, 90014, 40374, 48463]"
111175,"[60403, 72931, 70438, 63654, 31291, 6065, 32658, 22612, 78103, 22190]"
111176,"[90607, 2700, 29755, 79453, 4976, 42001, 93290, 75240, 50925, 102298]"
111177,"[44117, 27311, 7375, 27911, 88919, 64038, 55313, 44463, 31298, 105382]"
111178,"[5771, 47504, 108548, 75167, 97465, 64181, 40836, 37374, 1690, 74397]"
111179,"[35836, 19585, 80160, 82015, 85873, 30649, 106845, 62375, 14442, 31420]"
111180,"[62058, 14429, 49280, 54908, 23464, 35112, 20481, 58902, 8530, 65828]"
111181,"[75430, 39130, 3868, 77719, 101764, 3763, 16336, 61375, 34858, 42605]"
111182,"[98380, 80657, 102559, 68989, 6917, 6119, 89311, 80064, 943, 93367]"
111183,"[29980, 56942, 56551, 1495, 3772, 55156, 59475, 59629, 44512, 100085]"
111184,"[67864, 17280, 59810, 109420, 54509, 107888, 93321, 48129, 41555, 70174]"
111185,"[15106, 72110, 51600, 66408, 65264, 10718, 80862, 71068, 54594, 77196]"
111186,"[53288, 29899, 74285, 63866, 106843, 24636, 71814, 64266, 64810, 78]"
111187,"[60706, 80530, 86166, 79942, 3237, 16682, 53856, 77587, 16619, 49225]"
111188,"[82737, 58684, 4121, 84619, 33676, 58639, 11362, 49627, 95133, 89038]"
111189,"[29138, 4084, 36685, 108717, 13961, 106098, 49696, 74820, 1888, 25106]"
111190,"[34154, 74647, 59765, 78317, 87142, 10533, 34795, 73813, 27579, 65181]"
111191,"[74675, 94944, 94785, 74364, 61014, 86771, 61981, 38091, 41290, 20075]"
111192,"[78425, 77218, 88229, 75886, 38483, 29347, 46707, 6144, 67153, 58931]"
111193,"[60801, 82912, 46675, 59071, 9578, 38352, 59523, 98483, 3249, 104832]"
111194,"[63354, 108053, 109612, 27327, 63338, 60157, 105255, 3091, 50097, 9999]"
111195,"[67587, 16527, 2464, 100436, 35621, 3658, 81483, 57500, 91351, 105905]"
111196,"[83951, 62158, 13866, 16551, 51575, 60024, 23662, 11774, 13086, 19344]"
111197,"[9237, 5963, 12026, 96261, 87324, 36920, 48026, 69179, 68137, 80218]"
111198,"[32942, 90346, 27899, 97323, 80067, 34624, 80492, 56189, 61861, 5684]"
111199,"[55930, 84353, 35162, 84595, 44146, 106602, 68861, 20626, 33940, 102950]"
111200,"[15201, 65893, 31872, 88856, 102262, 60608, 94718, 109227, 16040, 48328]"
111201,"[86213, 18658, 43801, 98946, 33094, 16138, 12298, 86406, 92125, 13977]"
111202,"[92919, 47758, 38672, 92231, 22115, 62223, 71631, 76665, 41607, 64589]"
111203,"[65666, 7485, 97239, 14594, 55486, 37294, 79387, 74668, 26466, 94393]"
111204,"[17157, 2827, 27371, 16770, 32842, 8669, 83553, 99883, 108017, 108094]"
111205,"[30877, 56981, 46894, 3380, 38079, 78827, 20813, 63415, 84018, 92711]"
111206,"[54902, 45771, 16761, 59674, 14910, 32745, 106329, 14958, 30648, 50457]"
111207,"[73065, 45970, 77669, 63798, 61712, 30711, 27540, 15446, 1956, 90815]"
111208,"[22062, 2635, 83999, 104229, 60313, 67576, 70258, 33318, 105242, 84591]"
111209,"[60743, 95366, 101941, 33997, 107364, 24665, 26598, 88785, 4892, 24305]"
111210,"[90770, 3101, 101076, 71699, 58815, 46344, 59433, 3668, 102362, 89275]"
111211,"[76164, 100836, 98573, 86041, 81614, 7054, 11568, 10454, 92830, 9112]"
111212,"[49512, 60735, 18753, 61296, 64903, 63556, 99678, 65419, 99139, 5320]"
111213,"[74880, 22980, 47365, 21682, 107771, 92960, 39341, 88599, 41862, 55017]"
111214,"[55282, 85560, 77323, 78941, 27813, 34773, 67133, 107600, 29619, 108852]"
111215,"[50689, 35543, 10144, 29575, 23255, 30751, 9438, 100433, 13801, 105329]"
111216,"[86193, 99098, 105872, 57235, 59125, 97883, 68558, 25544, 96558, 7440]"
111217,"[18602, 48066, 35642, 30898, 33970, 26312, 40572, 10545, 8950, 43992]"
111218,"[82135, 39190, 96174, 1735, 7752, 101467, 64965, 96217, 3126, 40602]"
111219,"[14402, 49550, 104231, 52137, 22958, 63539, 17588, 95537, 18233, 44087]"
111220,"[107416, 71075, 38790, 29622, 67520, 86755, 12765, 38952, 61387, 53622]"
111221,"[43393, 14582, 84247, 84761, 70405, 22541, 70385, 22799, 98660, 20048]"
111222,"[91851, 16065, 100571, 62269, 55882, 102883, 96365, 61859, 75111, 97359]"
111223,"[102888, 21374, 26888, 69460, 85629, 33654, 95378, 64297, 29465, 42538]"
111224,"[82388, 105339, 20114, 28711, 5430, 23694, 28904, 25780, 100944, 102551]"
111225,"[97045, 86057, 83101, 10537, 95764, 23365, 102360, 64794, 65080, 19344]"
111226,"[27428, 17346, 68056, 54979, 81585, 68692, 30724, 66415, 1628, 11958]"
111227,"[23102, 18431, 25015, 11860, 47604, 24736, 77638, 63158, 82924, 65329]"
111228,"[76360, 95611, 23534, 10775, 91305, 24728, 82607, 108375, 58455, 16661]"
111229,"[83815, 71406, 34423, 56480, 96839, 40715, 3818, 8569, 109580, 47411]"
111230,"[68242, 98648, 16434, 28733, 12609, 5118, 80916, 94282, 46502, 63435]"
111231,"[14931, 107375, 85461, 2304, 106613, 81830, 8188, 45918, 48107, 58100]"
111232,"[57557, 40332, 55618, 96528, 51923, 108815, 101510, 105477, 55272, 65026]"
111233,"[77704, 15246, 98140, 73993, 10160, 4101, 9974, 47696, 48587, 41699]"
111234,"[85301, 86588, 65273, 75135, 83349, 45781, 85813, 27494, 82328, 102299]"
111235,"[107482, 22033, 8500, 109616, 47365, 46256, 39646, 81147, 106415, 68537]"
111236,"[87124, 92428, 6185, 18135, 59364, 28145, 33072, 85678, 24873, 60100]"
111237,"[82239, 75859, 15267, 69639, 51698, 5470, 24903, 34166, 30300, 39344]"
111238,"[74287, 97580, 27514, 11449, 89528, 9403, 19858, 5334, 103219, 107331]"
111239,"[93269, 18323, 62795, 91781, 65187, 51317, 88689, 67063, 41771, 99524]"
111240,"[33407, 55986, 103019, 43864, 2408, 1631, 85478, 4974, 13258, 5776]"
111241,"[12857, 81344, 10142, 66357, 58435, 84483, 64780, 83886, 80217, 25315]"
111242,"[3022, 91482, 81336, 47590, 69970, 38627, 106230, 43372, 65980, 57297]"
111243,"[91008, 63145, 95533, 52279, 40964, 102328, 14367, 4289, 2739, 26944]"
111244,"[91416, 56929, 534, 79139, 16679, 24395, 60950, 71454, 51876, 72878]"
111245,"[28973, 27499, 38297, 30618, 69068, 66476, 87677, 103847, 41365, 101416]"
111246,"[10382, 88409, 40153, 57479, 64457, 47789, 25774, 104785, 101630, 25669]"
111247,"[60444, 109772, 23763, 98491, 93325, 49581, 94386, 21205, 52758, 2453]"
111248,"[96452, 84492, 22663, 91301, 107664, 21221, 35885, 103357, 106966, 18857]"
111249,"[81692, 71379, 3346, 2793, 62010, 24300, 7907, 63389, 79197, 97558]"
111250,"[67500, 92874, 29721, 12535, 47414, 21693, 62724, 47272, 59489, 94573]"
111251,"[63539, 44711, 28620, 29778, 105746, 73039, 34542, 28423, 5361, 49550]"
111252,"[35990, 48765, 64430, 23488, 34992, 71858, 47591, 48195, 43642, 108126]"
111253,"[103073, 26778, 93297, 53702, 93177, 88527, 103527, 80290, 43762, 65234]"
111254,"[14737, 16724, 62384, 92228, 33968, 45803, 77394, 65882, 82677, 14874]"
111255,"[33877, 76298, 94489, 12887, 33366, 41773, 28838, 40419, 91261, 5540]"
111256,"[64993, 48896, 55831, 36718, 14660, 18716, 101765, 42244, 13724, 31428]"
111257,"[92645, 50311, 105602, 18363, 51000, 51253, 37664, 72111, 87139, 32319]"
111258,"[39895, 28492, 34840, 21995, 34665, 16015, 43072, 86998, 74622, 23243]"
111259,"[49020, 55779, 82712, 38469, 104776, 6649, 68488, 102668, 40379, 63376]"
111260,"[52877, 85881, 109763, 53167, 92724, 40437, 62265, 85450, 78697, 34322]"
111261,"[55370, 2815, 74823, 95884, 47570, 5874, 76867, 28933, 109430, 93771]"
111262,"[12677, 37061, 93632, 59093, 16831, 83445, 50883, 86866, 67778, 42674]"
111263,"[107864, 92716, 40997, 42504, 44128, 53643, 27561, 101384, 77002, 69951]"
111264,"[54001, 12929, 72029, 4660, 65397, 5753, 91496, 63589, 54364, 91474]"
111265,"[80259, 21551, 57494, 98719, 64112, 67519, 87308, 16603, 71072, 65790]"
111266,"[63024, 46618, 38456, 51339, 82586, 7225, 62326, 41770, 76444, 31991]"
111267,"[17247, 10316, 62521, 107035, 53486, 19960, 4161, 89142, 25261, 24764]"
111268,"[38143, 34398, 91415, 68466, 18450, 85142, 35345, 56676, 34898, 93208]"
111269,"[16484, 81247, 55565, 66472, 72518, 21566, 47238, 4993, 94813, 89273]"
111270,"[37045, 99266, 2935, 60182, 80160, 61139, 45703, 58575, 65831, 99986]"
111271,"[20004, 82889, 87132, 31074, 91603, 12997, 96152, 87292, 100901, 49036]"
111272,"[26243, 4970, 23796, 99217, 37708, 85349, 69672, 42707, 3130, 94657]"
111273,"[42953, 21814, 58022, 108464, 26129, 31765, 62963, 50795, 90175, 15449]"
111274,"[108738, 51580, 347, 65339, 83310, 106008, 46714, 5176, 51805, 102495]"
111275,"[13179, 59715, 7954, 7248, 106256, 49982, 32394, 52141, 41729, 35687]"
111276,"[8753, 37808, 43168, 80896, 1273, 30090, 14714, 30668, 25268, 53994]"
111277,"[107578, 21073, 9189, 37260, 33326, 76292, 29499, 10609, 48207, 58206]"
111278,"[19693, 83696, 17957, 17663, 65474, 72131, 69171, 42978, 17310, 398]"
111279,"[83247, 88479, 52886, 67354, 11489, 27617, 87061, 4076, 42355, 104366]"
111280,"[60590, 60864, 52813, 35098, 103439, 54777, 44398, 105248, 50914, 47469]"
111281,"[52867, 12096, 100111, 22698, 101483, 76263, 33453, 86564, 2059, 39287]"
111282,"[65359, 83017, 91377, 61277, 15701, 70621, 37097, 37602, 40000, 79706]"
111283,"[55031, 96813, 25213, 5367, 87275, 98613, 108418, 8001, 24879, 60552]"
111284,"[42317, 108891, 61697, 55693, 48540, 105280, 53950, 69708, 45273, 20417]"
111285,"[58089, 70404, 69885, 97078, 68343, 61292, 35185, 86646, 104062, 76924]"
111286,"[68043, 31262, 105118, 95162, 97060, 21436, 53311, 61203, 82717, 97950]"
111287,"[39883, 81233, 26962, 58719, 7982, 65238, 51435, 47352, 10232, 103608]"
111288,"[1700, 22127, 35279, 92784, 79798, 107997, 15734, 101363, 60473, 78902]"
111289,"[33524, 102592, 76117, 42962, 46085, 46288, 11921, 2605, 78393, 18933]"
111290,"[15521, 82577, 96833, 102477, 106292, 18558, 34847, 84993, 85564, 81006]"
111291,"[42479, 85608, 45025, 11503, 40531, 35730, 37407, 86468, 63367, 38215]"
111292,"[27937, 30759, 48296, 36902, 1097, 92977, 61720, 27183, 20497, 97489]"
111293,"[90277, 3959, 37060, 13115, 39730, 84766, 104858, 83204, 52260, 98540]"
111294,"[50894, 24884, 46160, 22338, 24484, 19468, 46027, 22261, 66098, 9294]"
111295,"[63220, 58971, 65277, 9485, 97722, 43426, 543, 22266, 58876, 50326]"
111296,"[3496, 92210, 107523, 4455, 63476, 75316, 17061, 980, 22655, 80264]"
111297,"[56950, 83069, 86981, 99554, 33648, 27274, 58059, 100978, 27347, 94275]"
111298,"[48357, 37385, 27741, 91933, 23389, 98921, 7983, 37722, 61743, 89252]"
111299,"[17062, 96374, 94131, 16441, 18175, 15044, 222, 61653, 103947, 45045]"
111300,"[11672, 16697, 78620, 21985, 98031, 92427, 39001, 54317, 39032, 78453]"
111301,"[15906, 36902, 27183, 47037, 70681, 11056, 87503, 91912, 30759, 56152]"
111302,"[108994, 44366, 69525, 87817, 42653, 73449, 67154, 97544, 103156, 74057]"
111303,"[102447, 46940, 53019, 14681, 63618, 39536, 45670, 95487, 25816, 92964]"
111304,"[51501, 74670, 22532, 57154, 95783, 50294, 69691, 2278, 46069, 3084]"
111305,"[92892, 64405, 94949, 18380, 53106, 35447, 38003, 7957, 41183, 10523]"
111306,"[101975, 59273, 75938, 25589, 8375, 93593, 2562, 89146, 34505, 29866]"
111307,"[84600, 44089, 87718, 102198, 65062, 8279, 92278, 19483, 103846, 46809]"
111308,"[26530, 25568, 81246, 49868, 34969, 109636, 3367, 102365, 55280, 35614]"
111309,"[46194, 31547, 17799, 82332, 100490, 81298, 55843, 76754, 78509, 28175]"
111310,"[92061, 49914, 11571, 64563, 35591, 94310, 28303, 16842, 52482, 88125]"
111311,"[100374, 3123, 49559, 83790, 87937, 9081, 46558, 93999, 85816, 19892]"
111312,"[35517, 53952, 7749, 24695, 34387, 31705, 84085, 31595, 77349, 91426]"
111313,"[45861, 83641, 49229, 99320, 97693, 14409, 14687, 24669, 22745, 31391]"
111314,"[83769, 38704, 101655, 29334, 22447, 73836, 91998, 54780, 58507, 3100]"
111315,"[64970, 8112, 84413, 7857, 39864, 107045, 52913, 33718, 54798, 52782]"
111316,"[95104, 14446, 91995, 103989, 8266, 32080, 73146, 107724, 106106, 106546]"
111317,"[3731, 11767, 76734, 95891, 50774, 58325, 34050, 61329, 107718, 12092]"
111318,"[2181, 44758, 100660, 104334, 79018, 52912, 60888, 78051, 64318, 25285]"
111319,"[33528, 89472, 6128, 75098, 70543, 88981, 78781, 40424, 48780, 53151]"
111320,"[34442, 44526, 49606, 22351, 83654, 76780, 68905, 17456, 89086, 87683]"
111321,"[95229, 45891, 59170, 1141, 27868, 7259, 40526, 12696, 12224, 22293]"
111322,"[45516, 70445, 7502, 57295, 61670, 94837, 58536, 48092, 8519, 92303]"
111323,"[86231, 47202, 10297, 81968, 71650, 58202, 29755, 98177, 34977, 76235]"
111324,"[28577, 108427, 88243, 9352, 95417, 26219, 53018, 51807, 80245, 51702]"
111325,"[60408, 76091, 92545, 94014, 109025, 2920, 88861, 30991, 37962, 53205]"
111326,"[11200, 58280, 11815, 92936, 109358, 74433, 57107, 42980, 35014, 297]"
111327,"[11871, 81904, 9705, 99041, 11285, 79539, 15472, 30256, 64360, 75725]"
111328,"[25677, 24641, 24695, 95626, 79603, 7749, 53952, 96029, 77995, 105880]"
111329,"[74832, 9071, 81171, 28778, 40831, 94006, 47143, 23081, 38434, 1835]"
111330,"[93595, 28696, 59071, 106645, 58326, 100640, 31573, 3249, 47892, 51968]"
111331,"[101486, 47487, 66768, 23649, 76342, 85457, 19717, 62820, 82612, 42110]"
111332,"[87359, 96199, 99469, 78983, 90336, 108475, 85441, 79085, 80582, 107092]"
111333,"[67311, 87897, 28500, 74663, 89179, 96823, 52931, 40857, 70941, 49909]"
111334,"[102907, 94631, 81289, 66790, 30618, 39208, 90346, 45032, 69212, 93198]"
111335,"[7213, 15922, 106182, 78344, 25120, 71565, 91454, 91162, 102513, 74653]"
111336,"[52187, 107742, 63422, 23340, 326, 47222, 105676, 18632, 79242, 15029]"
111337,"[61914, 28369, 36943, 82811, 37214, 61818, 32724, 10701, 14018, 13564]"
111338,"[21057, 68801, 52473, 109434, 50883, 88775, 83514, 98676, 46816, 52318]"
111339,"[67522, 89558, 13981, 54847, 27174, 77585, 18462, 87009, 29549, 51303]"
111340,"[77417, 14457, 104314, 22616, 92154, 66118, 62736, 104261, 89972, 71229]"
111341,"[93507, 10817, 13541, 68723, 8355, 17669, 29736, 70319, 54320, 105629]"
111342,"[50480, 59776, 107919, 956, 103357, 21221, 35885, 75216, 83593, 85039]"
111343,"[106346, 45765, 102185, 31274, 85747, 46958, 59115, 10477, 88909, 41439]"
111344,"[21068, 34695, 70246, 1195, 12816, 101602, 73584, 12049, 4624, 86326]"
111345,"[104348, 73414, 12809, 16991, 71345, 42274, 62422, 12431, 34919, 155]"
111346,"[72406, 10674, 24593, 2209, 103076, 83941, 97185, 6648, 106043, 61379]"
111347,"[77716, 83238, 102801, 85589, 779, 50548, 97794, 65315, 15396, 60708]"
111348,"[65884, 88181, 87642, 45305, 20658, 107308, 18649, 90349, 7695, 65867]"
111349,"[94466, 9623, 98587, 24251, 20208, 64702, 60638, 50592, 78877, 96254]"
111350,"[3297, 42175, 12636, 32364, 63764, 29837, 106821, 47310, 98747, 102743]"
111351,"[52230, 94900, 81018, 11387, 23064, 35695, 106241, 78837, 97382, 34394]"
111352,"[24474, 59210, 54782, 73044, 37031, 14523, 92677, 63119, 42030, 88722]"
111353,"[5898, 7167, 23169, 20139, 25541, 101106, 51134, 99570, 86767, 90093]"
111354,"[62587, 70607, 7631, 79185, 44396, 46960, 50426, 99793, 33769, 62591]"
111355,"[66748, 33423, 41877, 66860, 39003, 64501, 103741, 30280, 72980, 90687]"
111356,"[13962, 69259, 42488, 10791, 28629, 33058, 3824, 97364, 104985, 47539]"
111357,"[90718, 46109, 51932, 15595, 9131, 82399, 71900, 48666, 17926, 18598]"
111358,"[97916, 31542, 28431, 39721, 106379, 1473, 82964, 45314, 44657, 20816]"
111359,"[108368, 91006, 91899, 60553, 108813, 107440, 58344, 39584, 21520, 101363]"
111360,"[63936, 107496, 77689, 89053, 66340, 101841, 44049, 43896, 32526, 17868]"
111361,"[90356, 86300, 30918, 27278, 98555, 85608, 67998, 106595, 54314, 94958]"
111362,"[80048, 13136, 57205, 105636, 30107, 48428, 8436, 93798, 96212, 84134]"
111363,"[42555, 59506, 33092, 77439, 4765, 52163, 102948, 71732, 55812, 18442]"
111364,"[25582, 60294, 20343, 12833, 55691, 51886, 84554, 68207, 66677, 29122]"
111365,"[105926, 44579, 37641, 52101, 1082, 11387, 60183, 94900, 34394, 85852]"
111366,"[23295, 71873, 5272, 24670, 4945, 14855, 94563, 86539, 80951, 85573]"
111367,"[67644, 56473, 6862, 19262, 13823, 84707, 54562, 32257, 54040, 104377]"
111368,"[52426, 33831, 24552, 6490, 69078, 36047, 3466, 74947, 42850, 12388]"
111369,"[81926, 90112, 17267, 98411, 9093, 67202, 57168, 1494, 1419, 65779]"
111370,"[8735, 90523, 48240, 34277, 70771, 82218, 43502, 81634, 61268, 55072]"
111371,"[78691, 16773, 97855, 41623, 5680, 71475, 34346, 94429, 17472, 46435]"
111372,"[72037, 59437, 37624, 47800, 76535, 97780, 73941, 32156, 46337, 95677]"
111373,"[95964, 73380, 101844, 3583, 1426, 82569, 75625, 4988, 3783, 85389]"
111374,"[41077, 103330, 84255, 61762, 105906, 56274, 26178, 81971, 77643, 50167]"
111375,"[53498, 102084, 7355, 93093, 60498, 105462, 78513, 1069, 13903, 59186]"
111376,"[10834, 25529, 98503, 107100, 52707, 80941, 108297, 57499, 4510, 47596]"
111377,"[99611, 56403, 2998, 105144, 80454, 105106, 40859, 37363, 88139, 67608]"
111378,"[84655, 84480, 73485, 12862, 5083, 94101, 88725, 47571, 51475, 75294]"
111379,"[104070, 57615, 86682, 89079, 91124, 76356, 31857, 65306, 49394, 34775]"
111380,"[7393, 77987, 21055, 59052, 98586, 44448, 19701, 79823, 3632, 52638]"
111381,"[7547, 29043, 18772, 65877, 54781, 13579, 40019, 40867, 5506, 78688]"
111382,"[103469, 38794, 38673, 106457, 137, 66133, 37559, 99943, 105103, 82356]"
111383,"[78155, 42881, 25118, 43020, 69108, 21278, 17820, 41734, 38694, 66639]"
111384,"[293, 83282, 90012, 77228, 74428, 65280, 80290, 90130, 77104, 42639]"
111385,"[3043, 39098, 41048, 12023, 29273, 103842, 29296, 92727, 62675, 70322]"
111386,"[88429, 4886, 8858, 37691, 47507, 79847, 109022, 94953, 75441, 94528]"
111387,"[67933, 87916, 11517, 29928, 21015, 75464, 58050, 9538, 76425, 69571]"
111388,"[88240, 55594, 94099, 109299, 69484, 23728, 42832, 101352, 5426, 80287]"
111389,"[9068, 92793, 72040, 97737, 71570, 22505, 16503, 39486, 19821, 31131]"
111390,"[20763, 68313, 17659, 95743, 66382, 42031, 45193, 14524, 15983, 27920]"
111391,"[85303, 107637, 77498, 95043, 108088, 38176, 46984, 50996, 87064, 57551]"
111392,"[6859, 6371, 49776, 15319, 4615, 71112, 107937, 45155, 108090, 16797]"
111393,"[11652, 49415, 23641, 40614, 1899, 70935, 67107, 87744, 57787, 103520]"
111394,"[41647, 57996, 18181, 7359, 98813, 104425, 65422, 41427, 61368, 105851]"
111395,"[9226, 32178, 85792, 20471, 9287, 40999, 18276, 79834, 44001, 77255]"
111396,"[665, 18938, 106961, 1804, 20899, 67378, 35645, 38097, 31050, 66121]"
111397,"[2192, 56241, 43384, 47979, 109366, 2154, 42660, 106855, 69272, 46053]"
111398,"[79607, 28570, 17038, 31959, 106493, 63749, 106519, 17027, 89740, 99367]"
111399,"[42586, 21535, 100438, 77389, 894, 22061, 103214, 23453, 68433, 97758]"
111400,"[15239, 42152, 106438, 8477, 21209, 25473, 24265, 78019, 61432, 106873]"
111401,"[80428, 104409, 105203, 55315, 12511, 49513, 19127, 35196, 48729, 7574]"
111402,"[57021, 65319, 52029, 82722, 62546, 46281, 68103, 97124, 27628, 34161]"
111403,"[93600, 3255, 28254, 38933, 71400, 96300, 13659, 24948, 84506, 456]"
111404,"[105923, 88701, 21230, 79446, 78107, 51906, 68566, 27464, 11365, 71404]"
111405,"[71064, 89447, 97010, 59237, 69126, 72817, 87982, 36248, 9901, 91677]"
111406,"[77139, 95562, 71862, 4791, 14414, 23841, 100870, 97488, 41323, 13933]"
111407,"[16299, 33637, 34525, 36936, 5550, 7653, 8347, 48127, 39881, 63977]"
111408,"[34515, 49867, 50991, 99865, 88055, 22847, 4673, 89394, 95564, 20272]"
111409,"[6865, 17411, 34080, 74880, 40943, 13701, 28597, 20504, 81748, 13556]"
111410,"[68668, 89523, 48534, 27322, 36674, 88997, 103381, 25706, 44914, 63034]"
111411,"[4841, 35957, 4116, 72610, 34851, 83763, 6664, 13141, 51796, 65977]"
111412,"[21194, 30046, 59535, 87518, 77028, 78465, 36960, 80628, 35417, 71150]"
111413,"[78056, 33883, 25927, 19906, 50612, 28282, 24116, 57956, 99027, 38693]"
111414,"[78814, 1737, 63290, 36228, 103787, 65240, 58033, 21482, 31828, 84068]"
111415,"[68664, 74614, 106607, 29834, 13914, 45454, 92019, 35508, 12790, 78189]"
111416,"[26157, 31181, 64088, 31823, 29932, 69108, 79068, 25118, 28882, 13800]"
111417,"[29516, 428, 71164, 2051, 105968, 9682, 8721, 22458, 29605, 5686]"
111418,"[25752, 31658, 103207, 10501, 63793, 27818, 93257, 113, 66830, 38025]"
111419,"[83811, 101562, 107482, 2808, 46256, 8500, 39646, 100630, 81147, 11788]"
111420,"[84106, 11523, 77369, 92820, 109627, 14845, 59269, 69377, 53596, 83704]"
111421,"[68662, 4553, 28913, 47219, 18739, 59901, 8009, 30363, 73460, 85727]"
111422,"[24957, 65886, 68232, 42332, 86337, 96750, 57033, 54462, 31809, 89715]"
111423,"[63445, 83338, 78682, 39752, 99424, 38950, 7551, 49369, 84638, 659]"
111424,"[109739, 79203, 72466, 72272, 51024, 12467, 107903, 22985, 107332, 10459]"
111425,"[42117, 41719, 85767, 42576, 32399, 97000, 24653, 92190, 84977, 59556]"
111426,"[11071, 10673, 78831, 10843, 21993, 102822, 24385, 101467, 89021, 5296]"
111427,"[33466, 22610, 8111, 99973, 19016, 14006, 73437, 102132, 36278, 5077]"
111428,"[6566, 54050, 54821, 31490, 12930, 64881, 90777, 39605, 85774, 56229]"
111429,"[80861, 36810, 81056, 69797, 35374, 75652, 52535, 75052, 47135, 58374]"
111430,"[96135, 90774, 25792, 63623, 18400, 45834, 98654, 73536, 7375, 19793]"
111431,"[22952, 26007, 11752, 59165, 35899, 82059, 40764, 21149, 107803, 99278]"
111432,"[47617, 23532, 75429, 57729, 383, 45073, 54124, 76489, 101328, 49452]"
111433,"[79093, 33850, 56095, 107726, 97364, 106948, 34042, 13962, 13147, 96588]"
111434,"[3044, 81829, 90634, 24821, 83661, 74845, 60035, 87876, 107511, 74883]"
111435,"[86375, 43680, 99344, 77765, 68766, 12551, 59834, 48094, 70962, 53466]"
111436,"[93420, 69726, 97467, 16896, 88860, 101523, 89936, 37743, 81266, 40663]"
111437,"[84534, 6139, 35350, 97804, 52105, 81970, 29020, 22750, 36647, 66102]"
111438,"[4713, 53851, 38718, 42684, 107658, 91783, 43084, 50355, 95749, 13535]"
111439,"[67555, 1874, 9693, 40316, 40830, 28567, 72073, 32761, 80203, 105589]"
111440,"[49033, 71991, 4638, 38080, 3963, 92719, 42566, 77962, 72331, 48131]"
111441,"[14396, 77029, 38450, 34806, 16376, 42368, 106848, 25986, 87767, 36770]"
111442,"[6124, 50823, 97642, 5506, 56908, 72384, 70938, 55195, 45663, 52532]"
111443,"[6356, 30832, 47075, 102405, 97188, 9214, 17747, 108212, 25595, 28056]"
111444,"[69042, 78188, 28983, 81638, 14618, 50647, 28833, 11384, 72781, 11087]"
111445,"[81056, 69797, 52535, 75052, 83793, 46501, 31672, 107141, 807, 4948]"
111446,"[45653, 106826, 53203, 3618, 69890, 41448, 82172, 88179, 68896, 75430]"
111447,"[52904, 5626, 43837, 107248, 58401, 19056, 82087, 88077, 47924, 72745]"
111448,"[68332, 54039, 26951, 101666, 32207, 1250, 41897, 47597, 54447, 21056]"
111449,"[42039, 41963, 71546, 25103, 26391, 66112, 49724, 58384, 1154, 25659]"
111450,"[1523, 66333, 29828, 89707, 11286, 59083, 8525, 86042, 71091, 82960]"
111451,"[69464, 86404, 12574, 102212, 99120, 80563, 105168, 54316, 21058, 39429]"
111452,"[55535, 73144, 107568, 54302, 82284, 86437, 104816, 88193, 62608, 92213]"
111453,"[75685, 33619, 107499, 74395, 64332, 106690, 109742, 41191, 75508, 68185]"
111454,"[93824, 33028, 30842, 91284, 14702, 22185, 62508, 65875, 31322, 23835]"
111455,"[4665, 91687, 11864, 39681, 14021, 88136, 3742, 14355, 102726, 65901]"
111456,"[102815, 59966, 9589, 106166, 43355, 8737, 3310, 52611, 52807, 71911]"
111457,"[104337, 107495, 34329, 71765, 68862, 55026, 36130, 98362, 100353, 50911]"
111458,"[83229, 105556, 3627, 95478, 24692, 47456, 78355, 33930, 48707, 59577]"
111459,"[36751, 15997, 86138, 96872, 21680, 33919, 70177, 16544, 95587, 12006]"
111460,"[71847, 41982, 40840, 30994, 57797, 75610, 69438, 16662, 13400, 23261]"
111461,"[34451, 84961, 61529, 70375, 98310, 54215, 83958, 98510, 87620, 33531]"
111462,"[12456, 91501, 15113, 70110, 58781, 67854, 59161, 41673, 105174, 40611]"
111463,"[39253, 100365, 57456, 70173, 58041, 56127, 6983, 91934, 76066, 54637]"
111464,"[98480, 71014, 63743, 4233, 2816, 15666, 82901, 99187, 101968, 31914]"
111465,"[8296, 49199, 109101, 100896, 74779, 107456, 96797, 94124, 45463, 12069]"
111466,"[58955, 79680, 77657, 54499, 54182, 63503, 50380, 25375, 9605, 13268]"
111467,"[71850, 18194, 6093, 64644, 86318, 106913, 85358, 43090, 50038, 59330]"
111468,"[97372, 105131, 56257, 99874, 97500, 49725, 109747, 63929, 49484, 22513]"
111469,"[49091, 63456, 107340, 46817, 77120, 106262, 77855, 57939, 106002, 63381]"
111470,"[64910, 87930, 55941, 95233, 21222, 31790, 51078, 109123, 74667, 87287]"
111471,"[21305, 105671, 16536, 62506, 25390, 2472, 44757, 97535, 17960, 100497]"
111472,"[79223, 39757, 23462, 13673, 14469, 72200, 75051, 40063, 14184, 74313]"
111473,"[34431, 83692, 96938, 39324, 62264, 76059, 67268, 37560, 91670, 54304]"
111474,"[48182, 87116, 27625, 21698, 84954, 69608, 73245, 100656, 30916, 95070]"
111475,"[99483, 62350, 17205, 19690, 51838, 99753, 10993, 79688, 61399, 17904]"
111476,"[56601, 90316, 25709, 6973, 40738, 86079, 78625, 92796, 4937, 76892]"
111477,"[62832, 70297, 95165, 29190, 1881, 61695, 47228, 38968, 42810, 93357]"
111478,"[61233, 59846, 103703, 76529, 70559, 106381, 61962, 103535, 91043, 93886]"
111479,"[30275, 1303, 9449, 7767, 73885, 62333, 50733, 11314, 9101, 15862]"
111480,"[9914, 104145, 26254, 20493, 63703, 61254, 80867, 39607, 73966, 80302]"
111481,"[5038, 61716, 36525, 17168, 75014, 75281, 82804, 17373, 90572, 75109]"
111482,"[82698, 22294, 5332, 90425, 105811, 56032, 60091, 77928, 82496, 25348]"
111483,"[61940, 18817, 81183, 13453, 99533, 102387, 27996, 82913, 31592, 65513]"
111484,"[101952, 32699, 45322, 67634, 56753, 59128, 31851, 61380, 10807, 1748]"
111485,"[30621, 4266, 32551, 64899, 65613, 12858, 53085, 64977, 19931, 85279]"
111486,"[100100, 35898, 106115, 51140, 101342, 44578, 68475, 18820, 25598, 74006]"
111487,"[30736, 62022, 22630, 53353, 86951, 29269, 57251, 106146, 26814, 35777]"
111488,"[101825, 38898, 35771, 34078, 27172, 100665, 106779, 36815, 89919, 62853]"
111489,"[87371, 7846, 8974, 44536, 80306, 1796, 84698, 96957, 2718, 16809]"
111490,"[17094, 63463, 104530, 57262, 85778, 37928, 99836, 57449, 12673, 9585]"
111491,"[68675, 9010, 88759, 24770, 38532, 41544, 34207, 79608, 51397, 94509]"
111492,"[89434, 109545, 15441, 23089, 102682, 95353, 44572, 23272, 103226, 33103]"
111493,"[67890, 36546, 27912, 84619, 30156, 52046, 106068, 36416, 25551, 108920]"
111494,"[82922, 40475, 5294, 74671, 10989, 99641, 64197, 6270, 81096, 64700]"
111495,"[16343, 30324, 7650, 54208, 42953, 75842, 96216, 49226, 72630, 47395]"
111496,"[90345, 38747, 56540, 51243, 40793, 63928, 74619, 86575, 13040, 10217]"
111497,"[2497, 53800, 70868, 98939, 49379, 53479, 29807, 49891, 97757, 54479]"
111498,"[83733, 98391, 56604, 47979, 106855, 2678, 5033, 93674, 74625, 33327]"
111499,"[73856, 9969, 76930, 39401, 7969, 75794, 59584, 23689, 74272, 52424]"
111500,"[108771, 101899, 62053, 44615, 35623, 25504, 5786, 36858, 58771, 94585]"
111501,"[84850, 79083, 26158, 11721, 103751, 108928, 62518, 85018, 25174, 71236]"
111502,"[97738, 42241, 91838, 98189, 56402, 35000, 28174, 35944, 51653, 73206]"
111503,"[72412, 37507, 66365, 74990, 85966, 33301, 7557, 32962, 85518, 91993]"
111504,"[24942, 29896, 1953, 96888, 28346, 107230, 100081, 99197, 95455, 24512]"
111505,"[83130, 93652, 25010, 44885, 51550, 95787, 26316, 96625, 79998, 23191]"
111506,"[103804, 85821, 77330, 74274, 92095, 30400, 23122, 72974, 97035, 5656]"
111507,"[103519, 10902, 93994, 33943, 48580, 49783, 5735, 74018, 100829, 39480]"
111508,"[52781, 16517, 32511, 94969, 17028, 61776, 22219, 106492, 63776, 96458]"
111509,"[94955, 10349, 18704, 42912, 105213, 67411, 96461, 102282, 106928, 9078]"
111510,"[38878, 81186, 40808, 89404, 91222, 45013, 52909, 89099, 18046, 66377]"
111511,"[93491, 5611, 93603, 98790, 27947, 37185, 107056, 73520, 7098, 64960]"
111512,"[46187, 46729, 69295, 26485, 52328, 10053, 21592, 72718, 53831, 45211]"
111513,"[91249, 47997, 5868, 87995, 104188, 61501, 91131, 52902, 82517, 83083]"
111514,"[59075, 21244, 32944, 62568, 70853, 73661, 59177, 109392, 19009, 70042]"
111515,"[18076, 85013, 45608, 36891, 57307, 106839, 20676, 98085, 54122, 104072]"
111516,"[95002, 34396, 81349, 62900, 43708, 24135, 53690, 91775, 45288, 66539]"
111517,"[46109, 99620, 61707, 51932, 27458, 88549, 24747, 26922, 82399, 15595]"
111518,"[18458, 66310, 17856, 91037, 68794, 106562, 96319, 64418, 12466, 74726]"
111519,"[70915, 80294, 74919, 95688, 52397, 11580, 38178, 42177, 60941, 15814]"
111520,"[66716, 21949, 100345, 21696, 29903, 104472, 21060, 57647, 6754, 17974]"
111521,"[36503, 56852, 54440, 59455, 13324, 52703, 38032, 101350, 72022, 102049]"
111522,"[2477, 83337, 9452, 19871, 79725, 21971, 82271, 84728, 71651, 6780]"
111523,"[17246, 77635, 90045, 8775, 50179, 38960, 38808, 20754, 26123, 37257]"
111524,"[103675, 51181, 2585, 3618, 76352, 84503, 89201, 20584, 3232, 14545]"
111525,"[83333, 27278, 60640, 107762, 38558, 98555, 101163, 96969, 106595, 64862]"
111526,"[35104, 51596, 88432, 102042, 46302, 2133, 44160, 15529, 18681, 5599]"
111527,"[49316, 3681, 7654, 3433, 99014, 85126, 8455, 70845, 26368, 37553]"
111528,"[82884, 105479, 54539, 28003, 100329, 86112, 90867, 46125, 42811, 106783]"
111529,"[79850, 85786, 41400, 103670, 56517, 70505, 38777, 88284, 69221, 79144]"
111530,"[56245, 54932, 58586, 89582, 89440, 13548, 63228, 55781, 18442, 104174]"
111531,"[50247, 97058, 104007, 83994, 54102, 27768, 60903, 1483, 89871, 56380]"
111532,"[13618, 14010, 50506, 26281, 97735, 15157, 24195, 101391, 9957, 107914]"
111533,"[75949, 40777, 29947, 29484, 74368, 43932, 51827, 33522, 22448, 41742]"
111534,"[77481, 12831, 53880, 97464, 76536, 22382, 88041, 87091, 86575, 63173]"
111535,"[65615, 81074, 61052, 93174, 16270, 63853, 4726, 15083, 25420, 89345]"
111536,"[37627, 85377, 33071, 32198, 54817, 96139, 105780, 14996, 20360, 48684]"
111537,"[80817, 89339, 1198, 67501, 3033, 77089, 45278, 83320, 72716, 22083]"
111538,"[45590, 42015, 34996, 45314, 14130, 82964, 37657, 100926, 12117, 12631]"
111539,"[18553, 103081, 35987, 28191, 77971, 12080, 23794, 22065, 49156, 51174]"
111540,"[57755, 64050, 101480, 25513, 70623, 68073, 88196, 50667, 15611, 55150]"
111541,"[3269, 98612, 30710, 81170, 60455, 63548, 79537, 71592, 13615, 5188]"
111542,"[42440, 81631, 96325, 1989, 42169, 102514, 68958, 26665, 81055, 49930]"
111543,"[36842, 103475, 34780, 100480, 98775, 24455, 73492, 8693, 94653, 71719]"
111544,"[57953, 105601, 20858, 57879, 58408, 70806, 84287, 18086, 97974, 22776]"
111545,"[86968, 23776, 44092, 38226, 48822, 40248, 48652, 101082, 39613, 28940]"
111546,"[79124, 73747, 95251, 4292, 54292, 79250, 5511, 4944, 21091, 11420]"
111547,"[109203, 50556, 95891, 10408, 89063, 25477, 72010, 78466, 78811, 3731]"
111548,"[88365, 25664, 102807, 20482, 77261, 11321, 11021, 65128, 34144, 56181]"
111549,"[40949, 93415, 74131, 43009, 4401, 70843, 4354, 80960, 3715, 39316]"
111550,"[16203, 31884, 17327, 53953, 41907, 109549, 51403, 42342, 32760, 59652]"
111551,"[45682, 57623, 84204, 84664, 47063, 21345, 7869, 56689, 32757, 97318]"
111552,"[95884, 28933, 76867, 5874, 14993, 75632, 74823, 53644, 100625, 60622]"
111553,"[85332, 19968, 82604, 76039, 54481, 97892, 91789, 14886, 50004, 54883]"
111554,"[1561, 11160, 41046, 87824, 95318, 44364, 61663, 64878, 105105, 59504]"
111555,"[33970, 30898, 75494, 80846, 88944, 51113, 27219, 88167, 31770, 70098]"
111556,"[52228, 26824, 95364, 3548, 90745, 79781, 31180, 85149, 7922, 28292]"
111557,"[58183, 109618, 99451, 19472, 66765, 70253, 39990, 101482, 49216, 39492]"
111558,"[68580, 62387, 84080, 55724, 74786, 91902, 86367, 36086, 44635, 97142]"
111559,"[7317, 77907, 36468, 89105, 61908, 87107, 22636, 57215, 107861, 79996]"
111560,"[10289, 93147, 61993, 57006, 16200, 28882, 89344, 28680, 100226, 16820]"
111561,"[105507, 60557, 83765, 37633, 11105, 8653, 93719, 35894, 99363, 19613]"
111562,"[15275, 100669, 66141, 24464, 3287, 94948, 62276, 37586, 93657, 76217]"
111563,"[3170, 48713, 12009, 26919, 38821, 63834, 99969, 22074, 107867, 26400]"
111564,"[70754, 24843, 95169, 75057, 25956, 54244, 65937, 43769, 26267, 36385]"
111565,"[93327, 93203, 63390, 7100, 93532, 37820, 97874, 37293, 89285, 45402]"
111566,"[54183, 57602, 36292, 34419, 26903, 76810, 89486, 10562, 19162, 29451]"
111567,"[45366, 8647, 92393, 84581, 14068, 85973, 18290, 95531, 42447, 27042]"
111568,"[73157, 28766, 40078, 108585, 70871, 20624, 96976, 27315, 48833, 9385]"
111569,"[54211, 15111, 78510, 14804, 82331, 52379, 20258, 32970, 44110, 32065]"
111570,"[79702, 51241, 76419, 6456, 50897, 42813, 80845, 39699, 50288, 65005]"
111571,"[25844, 68314, 14039, 68085, 86706, 50722, 18856, 62245, 69873, 45009]"
111572,"[1079, 80251, 24312, 15198, 68165, 94603, 31818, 37226, 9695, 57566]"
111573,"[91337, 28775, 36274, 81544, 38923, 49291, 79556, 103561, 82928, 10279]"
111574,"[69482, 89293, 91172, 82227, 39167, 20049, 80218, 69179, 94002, 68137]"
111575,"[44356, 78768, 23138, 73031, 42715, 26641, 73224, 68323, 58620, 28824]"
111576,"[88832, 50702, 49471, 44063, 61973, 8071, 90141, 49758, 35756, 105270]"
111577,"[43851, 48053, 59486, 82885, 82623, 33670, 89307, 84906, 85349, 4209]"
111578,"[84224, 80105, 37929, 105645, 103832, 45278, 80077, 10802, 18395, 78384]"
111579,"[39645, 77942, 1867, 20009, 63489, 58319, 101755, 34590, 24868, 9681]"
111580,"[48508, 80041, 24333, 92806, 29330, 56610, 412, 52507, 17203, 84269]"
111581,"[86836, 18593, 43787, 102015, 95983, 70303, 87441, 58530, 53969, 61215]"
111582,"[73024, 97389, 38355, 27619, 31475, 32240, 96994, 92467, 107103, 44226]"
111583,"[53548, 65653, 11350, 94891, 90859, 14854, 45378, 78332, 75124, 59451]"
111584,"[97296, 85436, 84668, 13177, 92582, 7800, 107801, 19274, 34058, 83372]"
111585,"[72879, 90927, 83049, 65546, 35872, 740, 77058, 75059, 15136, 72780]"
111586,"[102198, 103850, 43037, 67234, 65787, 104703, 17067, 3194, 37565, 92711]"
111587,"[11496, 58831, 24725, 12388, 75853, 10119, 56626, 79353, 47254, 49908]"
111588,"[46144, 36874, 62783, 79409, 55576, 78148, 47010, 99073, 65712, 35382]"
111589,"[52560, 18814, 58664, 55142, 4702, 66461, 94771, 45290, 12831, 53880]"
111590,"[89981, 105438, 98143, 11927, 59184, 73803, 42514, 38542, 6088, 14437]"
111591,"[71865, 1902, 15187, 2168, 54489, 89998, 80487, 46276, 9815, 84749]"
111592,"[87806, 40173, 43327, 74792, 40340, 109704, 35721, 76272, 64678, 16209]"
111593,"[1340, 12292, 72448, 18758, 63758, 36016, 8198, 30536, 71973, 60470]"
111594,"[59025, 58289, 33234, 90334, 27465, 10480, 36033, 83788, 89402, 97252]"
111595,"[28983, 81080, 85276, 82180, 83224, 48554, 17857, 7965, 84607, 94593]"
111596,"[26318, 103869, 85093, 27470, 52733, 63604, 22970, 85722, 31413, 93842]"
111597,"[95694, 103917, 67422, 61716, 101394, 6226, 82718, 68811, 24766, 28248]"
111598,"[85233, 33765, 88495, 94129, 37487, 4760, 74432, 66327, 8366, 93558]"
111599,"[46312, 4053, 39633, 90931, 50534, 78601, 28582, 33479, 74193, 22944]"
111600,"[74551, 94962, 15897, 14144, 19933, 87802, 71329, 71888, 55087, 27800]"
111601,"[67008, 34001, 27239, 94325, 20810, 29067, 30329, 81254, 104613, 2957]"
111602,"[9850, 62362, 104757, 93842, 13712, 27470, 30836, 70065, 44161, 81337]"
111603,"[42202, 107915, 64637, 85999, 28229, 106767, 45348, 88723, 28543, 33425]"
111604,"[61771, 108718, 56073, 28614, 24836, 93848, 54497, 52312, 52448, 90325]"
111605,"[16802, 99170, 85067, 88939, 82364, 57897, 21525, 102977, 36828, 51989]"
111606,"[1071, 61847, 63197, 26392, 52817, 74860, 13116, 19573, 23549, 14562]"
111607,"[327, 79206, 92477, 69518, 23158, 48286, 53386, 90775, 88213, 9481]"
111608,"[40339, 5649, 70243, 96463, 59598, 54111, 84590, 55575, 9419, 33880]"
111609,"[45577, 86120, 89391, 81677, 12969, 101132, 99315, 18075, 15418, 12345]"
111610,"[38403, 14997, 36498, 74623, 600, 24508, 59236, 28641, 72404, 20381]"
111611,"[103812, 68453, 51737, 25621, 76873, 29601, 80964, 99840, 66185, 28946]"
111612,"[42562, 17824, 46572, 47713, 78790, 58637, 93307, 68823, 88219, 11466]"
111613,"[14593, 13773, 28020, 43310, 78988, 8742, 961, 28836, 32376, 26417]"
111614,"[1178, 11401, 45295, 72183, 17275, 18073, 71530, 80370, 64192, 3826]"
111615,"[17177, 76981, 91086, 18152, 84547, 103015, 38600, 70712, 84467, 31765]"
111616,"[27631, 83782, 101107, 16276, 58733, 7724, 13456, 9179, 75085, 69612]"
111617,"[70116, 29022, 94219, 9877, 39333, 30101, 50409, 84142, 52267, 86663]"
111618,"[59425, 434, 47747, 31590, 42743, 27591, 21587, 62472, 109143, 14976]"
111619,"[103651, 7503, 0, 68136, 58207, 62293, 101419, 99301, 58608, 96144]"
111620,"[101951, 45224, 1098, 106330, 17909, 8580, 89922, 13760, 52779, 47717]"
111621,"[15949, 17800, 19743, 42775, 20389, 38836, 99979, 11011, 27021, 71019]"
111622,"[96669, 41446, 87234, 60009, 17657, 51646, 41816, 13009, 106273, 14421]"
111623,"[65575, 14723, 94223, 107808, 86445, 91140, 95039, 31227, 92424, 102188]"
111624,"[72717, 49692, 57733, 72952, 97247, 87771, 38827, 79831, 105845, 13015]"
111625,"[9293, 39526, 19906, 33883, 28282, 42975, 48509, 8436, 41693, 76619]"
111626,"[54803, 6608, 62594, 96883, 11539, 30973, 49685, 5472, 33323, 51414]"
111627,"[1920, 32698, 98897, 42823, 88504, 7491, 2410, 98184, 14578, 50935]"
111628,"[71307, 3929, 93113, 16433, 63435, 61419, 46782, 68242, 12609, 70090]"
111629,"[19952, 3999, 17596, 25960, 69244, 27473, 21539, 66722, 6140, 77868]"
111630,"[62730, 58243, 95439, 5703, 37896, 89037, 20064, 5086, 73419, 42515]"
111631,"[3154, 55170, 38423, 34990, 11221, 1642, 47616, 75039, 90794, 3145]"
111632,"[8420, 55673, 100167, 14357, 3917, 12847, 70324, 104335, 64291, 79781]"
111633,"[23236, 16844, 65839, 80896, 37446, 77027, 33799, 349, 7450, 93381]"
111634,"[27661, 99661, 11744, 96738, 92976, 82771, 10363, 36686, 20935, 10156]"
111635,"[103382, 60657, 77763, 41190, 88582, 14443, 49234, 74805, 33691, 64836]"
111636,"[56936, 57133, 15509, 32555, 108627, 68026, 75228, 36392, 97944, 25745]"
111637,"[68350, 76110, 18125, 77634, 28660, 13137, 57826, 86571, 21269, 21286]"
111638,"[35319, 104052, 27861, 63333, 97128, 81519, 23913, 93990, 82753, 2095]"
111639,"[35687, 87174, 71581, 106256, 57095, 11441, 26126, 27760, 74045, 60230]"
111640,"[17211, 33849, 53577, 5022, 93633, 67186, 66038, 12991, 57206, 75436]"
111641,"[47543, 26300, 4665, 66331, 90194, 26321, 29655, 11864, 65901, 67057]"
111642,"[65126, 72146, 52486, 27593, 93847, 151, 70309, 94229, 59696, 71836]"
111643,"[58403, 85753, 60886, 107264, 26252, 34072, 76560, 92906, 30837, 67521]"
111644,"[64974, 92085, 57438, 12405, 43700, 12243, 16377, 82370, 61483, 29715]"
111645,"[16015, 34665, 5347, 39074, 48256, 86998, 28464, 10512, 87319, 83119]"
111646,"[74802, 48715, 55582, 63818, 80903, 21294, 24549, 72919, 64561, 68383]"
111647,"[17892, 35631, 103521, 56672, 37341, 11468, 39066, 59981, 65347, 92939]"
111648,"[24310, 103693, 15971, 65905, 27066, 70731, 109173, 70641, 68607, 52957]"
111649,"[55283, 95812, 85627, 94181, 105857, 26183, 24727, 93241, 102940, 22053]"
111650,"[12633, 13887, 99738, 25580, 51654, 30272, 57638, 33151, 101013, 27629]"
111651,"[78477, 59498, 14843, 10081, 13179, 77656, 8837, 11429, 7601, 89033]"
111652,"[81829, 104391, 5094, 74845, 83353, 29220, 29044, 14987, 34861, 41199]"
111653,"[77411, 85853, 52894, 62889, 81194, 32870, 95965, 78669, 81091, 50600]"
111654,"[79365, 101970, 93135, 68835, 28375, 90052, 55811, 16810, 11744, 11301]"
111655,"[32810, 107049, 49488, 23863, 59921, 27280, 56454, 26783, 49270, 91030]"
111656,"[100675, 44907, 58127, 35129, 867, 90162, 109553, 61123, 79958, 45001]"
111657,"[66394, 56052, 75433, 96532, 31418, 40886, 18038, 59260, 40593, 63396]"
111658,"[90436, 86142, 30210, 56847, 32036, 102476, 95871, 92951, 99214, 97596]"
111659,"[100232, 103875, 107508, 13094, 36699, 100313, 87907, 91637, 38574, 86476]"
111660,"[28757, 7850, 57751, 15019, 93313, 41512, 9213, 13708, 37920, 64172]"
111661,"[91761, 22154, 54177, 87337, 94624, 90048, 76842, 41490, 5677, 9035]"
111662,"[31958, 14537, 62767, 50964, 77753, 103262, 39334, 74860, 9915, 19175]"
111663,"[8093, 16652, 64591, 57375, 38100, 15675, 101829, 75984, 96143, 56885]"
111664,"[23189, 42546, 1740, 46038, 82078, 10745, 108283, 5984, 68160, 85562]"
111665,"[78733, 50656, 100906, 28421, 70984, 516, 75473, 18121, 66695, 74104]"
111666,"[66778, 78906, 108274, 103867, 49126, 61423, 22422, 60075, 47446, 20234]"
111667,"[42873, 35899, 9201, 17198, 10200, 95191, 45992, 52479, 73080, 108231]"
111668,"[49669, 81541, 11685, 10549, 22803, 6212, 79435, 29363, 42630, 44947]"
111669,"[88902, 83061, 81037, 100673, 33356, 33283, 107756, 106787, 85589, 30654]"
111670,"[73015, 69957, 28859, 55655, 40641, 29566, 27239, 62082, 24851, 19905]"
111671,"[87483, 19161, 41086, 91160, 107507, 92884, 43332, 15651, 76527, 81842]"
111672,"[45728, 34570, 82729, 5973, 74103, 92739, 96159, 66701, 91697, 18761]"
111673,"[74507, 30923, 98602, 1823, 100679, 93667, 15298, 77318, 89149, 19596]"
111674,"[74654, 69146, 46520, 65199, 55362, 88694, 12850, 49803, 76225, 26680]"
111675,"[43254, 77972, 85281, 87871, 98279, 71958, 61967, 49976, 17233, 6685]"
111676,"[81132, 45206, 84589, 51496, 6317, 62649, 68230, 26022, 66168, 89999]"
111677,"[19657, 89399, 72360, 21435, 21719, 90749, 94699, 98626, 24356, 83405]"
111678,"[101430, 15660, 56650, 57854, 40753, 50367, 83621, 81720, 104387, 76870]"
111679,"[28485, 45639, 67521, 68743, 38337, 55128, 26045, 27965, 46064, 38822]"
111680,"[90216, 54026, 62379, 45349, 81824, 57496, 68125, 23616, 36723, 38613]"
111681,"[63753, 13141, 49192, 47954, 53336, 44742, 4841, 1415, 78236, 73614]"
111682,"[29473, 72493, 65970, 34294, 65411, 25540, 101721, 103311, 50690, 49971]"
111683,"[21842, 36887, 53057, 76582, 84016, 107309, 40123, 11969, 101414, 53468]"
111684,"[21790, 7557, 45920, 33881, 23375, 2061, 58293, 18496, 33052, 99137]"
111685,"[74476, 106996, 81094, 2797, 45827, 80334, 109044, 71034, 68077, 40380]"
111686,"[128, 91758, 94155, 13874, 53244, 85994, 7541, 23541, 66829, 78113]"
111687,"[43737, 81064, 19468, 47245, 48689, 45085, 71749, 39085, 68170, 88029]"
111688,"[56502, 25539, 82613, 22799, 70385, 20048, 2978, 84761, 22541, 106756]"
111689,"[63454, 47251, 8832, 93073, 84647, 11355, 37182, 2726, 59949, 91881]"
111690,"[53150, 18199, 6949, 72184, 107767, 57156, 91189, 93828, 74892, 81689]"
111691,"[38237, 8322, 38150, 34676, 36974, 18836, 83050, 97747, 105617, 6790]"
111692,"[16340, 52237, 58338, 41095, 62049, 29984, 25449, 57778, 46663, 22657]"
111693,"[3275, 67586, 79315, 98059, 1197, 18718, 76060, 18754, 105360, 24515]"
111694,"[99477, 56177, 25060, 33426, 80287, 11090, 9629, 28668, 55429, 83679]"
111695,"[3606, 15683, 49129, 107547, 38988, 6287, 104467, 98742, 10468, 51676]"
111696,"[14795, 85026, 70170, 145, 88887, 8601, 11854, 50382, 39002, 65157]"
111697,"[40093, 70763, 32509, 36031, 21282, 103624, 100792, 56139, 70364, 31684]"
111698,"[81052, 95857, 49463, 53882, 6986, 48444, 108355, 38183, 343, 96164]"
111699,"[80634, 102800, 59987, 30940, 49954, 11560, 41781, 85716, 71740, 69477]"
111700,"[40808, 89404, 38878, 81186, 91222, 37202, 4976, 62183, 52534, 18046]"
111701,"[10606, 21804, 60844, 100266, 22710, 53211, 103128, 45777, 62208, 57186]"
111702,"[104616, 58366, 73003, 33825, 24937, 1697, 32657, 49425, 62023, 74207]"
111703,"[24840, 61336, 27373, 14753, 23773, 31708, 99383, 65154, 99679, 8058]"
111704,"[5044, 59723, 99234, 82926, 88207, 51872, 78690, 107509, 102375, 63993]"
111705,"[95269, 99082, 30576, 79369, 46431, 3614, 44162, 41642, 28339, 43444]"
111706,"[106689, 97078, 51552, 82739, 1176, 108984, 2247, 56586, 98131, 83359]"
111707,"[103395, 47185, 70035, 63169, 60885, 104374, 71568, 26305, 12124, 15963]"
111708,"[98570, 18960, 79037, 54301, 78880, 56185, 25711, 58129, 51129, 14175]"
111709,"[55471, 100167, 81455, 58804, 18024, 77404, 59948, 107804, 56652, 1736]"
111710,"[13784, 62232, 86278, 74742, 39932, 56621, 40138, 26954, 23563, 70750]"
111711,"[83855, 14369, 55589, 91125, 68890, 30266, 4105, 93907, 45224, 89922]"
111712,"[33128, 83037, 106660, 54000, 88098, 28781, 12018, 108790, 41656, 70178]"
111713,"[10560, 31105, 100210, 107156, 68967, 1906, 88746, 54940, 41314, 45654]"
111714,"[67485, 51625, 28162, 75487, 9938, 19199, 94311, 55894, 67305, 100573]"
111715,"[87382, 2205, 70285, 3547, 87472, 105844, 67266, 29279, 74472, 93176]"
111716,"[36420, 22835, 24282, 43986, 60466, 46634, 97341, 10772, 48529, 25180]"
111717,"[19184, 28615, 4132, 26482, 28247, 73687, 12644, 92150, 8613, 8440]"
111718,"[44128, 109184, 58641, 72741, 58582, 108851, 77002, 91828, 17190, 73428]"
111719,"[52198, 77313, 89133, 11944, 108918, 85502, 66612, 24265, 42517, 25473]"
111720,"[54923, 53743, 17558, 2872, 81519, 98581, 4111, 31543, 40116, 97854]"
111721,"[75574, 48316, 55643, 63061, 80451, 3273, 84250, 65957, 96775, 12572]"
111722,"[103840, 23946, 19086, 25803, 13790, 65101, 63511, 55284, 104565, 45286]"
111723,"[91165, 27932, 100354, 55658, 44311, 82340, 68336, 36009, 46453, 66741]"
111724,"[3919, 45333, 84313, 108471, 106683, 90403, 26721, 102807, 64494, 2080]"
111725,"[82193, 26460, 105810, 53207, 15347, 87893, 107215, 74106, 13058, 34756]"
111726,"[38922, 2064, 19876, 83092, 19860, 81805, 101269, 100371, 60125, 33870]"
111727,"[63910, 3887, 101314, 29159, 89948, 47227, 12977, 101618, 62899, 43256]"
111728,"[57675, 52597, 5698, 70684, 4884, 105365, 90611, 51152, 33481, 77706]"
111729,"[53353, 79979, 29269, 26814, 33810, 74349, 106146, 102052, 42135, 75330]"
111730,"[50941, 29557, 102746, 55801, 74652, 90472, 45970, 25443, 48008, 30456]"
111731,"[49833, 95719, 7223, 87812, 81414, 89872, 87190, 54091, 12061, 43937]"
111732,"[28475, 10381, 54593, 66851, 806, 39370, 82968, 19209, 34465, 47881]"
111733,"[80187, 75215, 30367, 63902, 83897, 57219, 86467, 51456, 37207, 109168]"
111734,"[9241, 96513, 107262, 43048, 43069, 34177, 61331, 33282, 35664, 20433]"
111735,"[109501, 40239, 46183, 9836, 32317, 70093, 23841, 71087, 51635, 100643]"
111736,"[10747, 53577, 86371, 10577, 17386, 556, 68786, 23905, 31299, 36472]"
111737,"[35898, 100100, 65259, 83474, 48260, 44578, 68475, 20575, 18820, 98121]"
111738,"[50973, 67497, 66290, 12369, 19252, 20616, 59517, 78074, 51089, 56195]"
111739,"[19981, 47499, 3178, 12401, 10440, 62568, 15754, 62653, 74123, 104358]"
111740,"[25373, 27280, 4161, 19960, 34510, 9278, 82340, 36009, 32425, 2525]"
111741,"[38112, 33131, 86151, 51786, 39905, 33217, 53876, 66300, 51960, 34351]"
111742,"[27840, 69210, 86912, 45194, 71669, 31327, 37431, 59037, 47059, 95374]"
111743,"[91553, 107673, 64215, 4836, 37686, 80756, 50508, 96865, 47340, 47375]"
111744,"[49859, 83045, 81964, 93396, 74167, 35000, 2386, 33546, 59375, 1277]"
111745,"[21043, 34916, 1989, 60561, 14300, 27976, 49557, 69656, 101341, 7713]"
111746,"[95896, 98627, 51821, 11057, 21576, 37271, 38146, 10016, 94048, 71199]"
111747,"[103568, 42907, 41837, 103193, 29630, 58170, 108410, 64321, 36729, 49184]"
111748,"[64000, 54566, 49626, 85894, 24469, 29873, 15137, 36732, 28072, 66381]"
111749,"[52879, 68548, 47260, 80096, 32618, 93817, 20137, 63838, 71423, 59505]"
111750,"[76199, 94766, 79015, 16892, 61507, 49798, 104447, 89448, 71604, 97157]"
111751,"[64966, 16022, 7975, 33114, 15439, 38495, 59772, 77235, 81834, 6477]"
111752,"[6414, 32764, 25594, 35105, 80362, 26317, 6761, 51068, 58125, 27339]"
111753,"[14229, 55391, 44086, 108313, 106954, 7476, 6106, 38194, 42389, 70726]"
111754,"[65230, 82268, 98845, 87091, 50007, 22382, 106623, 1319, 107456, 55220]"
111755,"[81628, 107717, 5927, 22584, 72579, 3346, 32433, 64538, 30200, 77328]"
111756,"[94652, 61605, 26564, 3875, 48281, 58306, 59002, 13756, 39904, 6338]"
111757,"[6563, 18924, 29517, 1107, 105258, 2049, 58872, 22531, 67202, 28588]"
111758,"[7835, 35450, 9789, 103470, 35470, 39977, 39182, 26916, 76058, 80791]"
111759,"[20112, 80411, 39035, 24005, 32952, 7513, 67776, 74053, 79370, 3500]"
111760,"[52790, 9820, 77559, 87648, 32189, 12624, 37384, 65569, 97938, 36814]"
111761,"[83755, 104326, 701, 29077, 73489, 7033, 5672, 27119, 8171, 61705]"
111762,"[105328, 25288, 22930, 32395, 61232, 63964, 82689, 18810, 37434, 4004]"
111763,"[51608, 15957, 78340, 85743, 27977, 82583, 52803, 102054, 33361, 21930]"
111764,"[43674, 54304, 57410, 31406, 67268, 34431, 36226, 79321, 93835, 57945]"
111765,"[51137, 90186, 79949, 13968, 8702, 66079, 23047, 53210, 21078, 68582]"
111766,"[70671, 97133, 53676, 25824, 22377, 105246, 60669, 77139, 82862, 105856]"
111767,"[2179, 67971, 53049, 66169, 72507, 93384, 40792, 80911, 74473, 16811]"
111768,"[5194, 37781, 95893, 52595, 71299, 29328, 22146, 101826, 53540, 100397]"
111769,"[6660, 15249, 56144, 9860, 61548, 28858, 3946, 80587, 34975, 36492]"
111770,"[41852, 108221, 38994, 2531, 29933, 88541, 94394, 67873, 82272, 101944]"
111771,"[6817, 82608, 48781, 6548, 57822, 14248, 63397, 13701, 74554, 25056]"
111772,"[74050, 36855, 59109, 23713, 40902, 31941, 9207, 47403, 35362, 43818]"
111773,"[94496, 90777, 96025, 85774, 53404, 5894, 60778, 73760, 38945, 5043]"
111774,"[74897, 62242, 94776, 27798, 13150, 53391, 89594, 19226, 19773, 5977]"
111775,"[88873, 13738, 92113, 47071, 109114, 65336, 80913, 34643, 68476, 5466]"
111776,"[9140, 66972, 60640, 18393, 49545, 14121, 106727, 27278, 71948, 30904]"
111777,"[58868, 73379, 68849, 92098, 27633, 102164, 37360, 60059, 20637, 15110]"
111778,"[61009, 71561, 41399, 11118, 109057, 13730, 6895, 61277, 92033, 31133]"
111779,"[107000, 93894, 44759, 36416, 25538, 63452, 59249, 25551, 64858, 29216]"
111780,"[63675, 100706, 13200, 49587, 37204, 45568, 32344, 29883, 16060, 21208]"
111781,"[61283, 59445, 12090, 17006, 101219, 101798, 10435, 51416, 72989, 3552]"
111782,"[33366, 28838, 76298, 52780, 12887, 77675, 59911, 61005, 62847, 83841]"
111783,"[93075, 31306, 3362, 72667, 104352, 11660, 28301, 61819, 22007, 66562]"
111784,"[27406, 36304, 53988, 30912, 2602, 14177, 19147, 11557, 91331, 51953]"
111785,"[80015, 48224, 68852, 56500, 59168, 33786, 29028, 18970, 77546, 44816]"
111786,"[98452, 10052, 102613, 38224, 75270, 54868, 89757, 5658, 14881, 54926]"
111787,"[13898, 27205, 22853, 36737, 17966, 53805, 104882, 91108, 73014, 31267]"
111788,"[58869, 65104, 44877, 18730, 88032, 23730, 27732, 74575, 31568, 57616]"
111789,"[28104, 37127, 104996, 99983, 9590, 103991, 50359, 56385, 95715, 90973]"
111790,"[30799, 102074, 63142, 102664, 39611, 62864, 50212, 50479, 24782, 107054]"
111791,"[90985, 103437, 47535, 35634, 21227, 34010, 75370, 46000, 70103, 70133]"
111792,"[39880, 80858, 88424, 70119, 30340, 91468, 97850, 105580, 31272, 27466]"
111793,"[57269, 37094, 86950, 66313, 6155, 45383, 86383, 33857, 86000, 34222]"
111794,"[36095, 26070, 56669, 56932, 45629, 73950, 1482, 71957, 51744, 86210]"
111795,"[48568, 3862, 104517, 58129, 53734, 64609, 79862, 14633, 25711, 34973]"
111796,"[32321, 108404, 81074, 47637, 16710, 15083, 77516, 3648, 13427, 88485]"
111797,"[91856, 44431, 89416, 3659, 96535, 45417, 43149, 106810, 31381, 81092]"
111798,"[101654, 100536, 63995, 8450, 106288, 39035, 86540, 16469, 64420, 38015]"
111799,"[28130, 37108, 12057, 38070, 86409, 30473, 28705, 7415, 109335, 93903]"
111800,"[26071, 71589, 86813, 39448, 101684, 39175, 21203, 47919, 92289, 106863]"
111801,"[11162, 32464, 90383, 1282, 76330, 96644, 10056, 40804, 77384, 104399]"
111802,"[11720, 82196, 56681, 61343, 77921, 51670, 84783, 36024, 80854, 86938]"
111803,"[22540, 71836, 7276, 106604, 29465, 75358, 1868, 22873, 2163, 2943]"
111804,"[6351, 76384, 11391, 51445, 61102, 47763, 41977, 104485, 105921, 37729]"
111805,"[54743, 10600, 16911, 77189, 98871, 29174, 73892, 85791, 35433, 83164]"
111806,"[100665, 94838, 7679, 42009, 109478, 54449, 89919, 49699, 97052, 71432]"
111807,"[10820, 7401, 33639, 36505, 25114, 61665, 82703, 70557, 101372, 44306]"
111808,"[1364, 85691, 60711, 17453, 62266, 21161, 103975, 108755, 96166, 63356]"
111809,"[85197, 20957, 38332, 88272, 25789, 17473, 109736, 94585, 36484, 62053]"
111810,"[78453, 83482, 108217, 27744, 6904, 100857, 95128, 98501, 52083, 14163]"
111811,"[47167, 97226, 105738, 58590, 63458, 33436, 54625, 47089, 51898, 102401]"
111812,"[29431, 55543, 73424, 66380, 59137, 51742, 70354, 40819, 22600, 16163]"
111813,"[102711, 34244, 24547, 34081, 56082, 8082, 95449, 66300, 26924, 98313]"
111814,"[77648, 61689, 51085, 89307, 4758, 28170, 27132, 33670, 5013, 108857]"
111815,"[81437, 37678, 72805, 97000, 12440, 101358, 15826, 72227, 55075, 106726]"
111816,"[58778, 46255, 67846, 13894, 53552, 71009, 6205, 109240, 25654, 51295]"
111817,"[13010, 62834, 95424, 80959, 18775, 48836, 97752, 12433, 29314, 17510]"
111818,"[72195, 64089, 43178, 59704, 91185, 73111, 35031, 23473, 56902, 95686]"
111819,"[8662, 53483, 42080, 91374, 33197, 78046, 92500, 100742, 94616, 92670]"
111820,"[51411, 39829, 14702, 62508, 36538, 3440, 109521, 45095, 14076, 97018]"
111821,"[58957, 57943, 84830, 108614, 739, 25176, 108656, 88869, 100974, 91937]"
111822,"[20548, 40920, 77005, 38191, 106824, 70685, 61482, 64746, 3238, 92988]"
111823,"[18637, 36804, 14000, 41346, 64685, 76288, 44353, 11974, 37689, 35408]"
111824,"[63173, 77481, 104359, 98221, 46110, 37862, 95821, 82268, 95977, 65349]"
111825,"[22606, 91830, 102274, 72258, 108472, 4481, 66409, 92360, 47003, 13422]"
111826,"[108866, 86482, 71628, 13108, 61459, 44103, 66033, 87605, 13132, 93832]"
111827,"[64364, 96686, 30635, 13663, 19633, 47574, 42407, 23066, 52463, 107615]"
111828,"[36840, 14176, 31205, 44531, 97486, 40090, 64803, 84862, 77930, 101475]"
111829,"[24600, 40703, 57009, 16861, 36352, 61831, 67473, 104077, 32778, 20702]"
111830,"[35353, 27013, 58408, 78638, 27138, 20351, 101585, 79688, 68159, 105601]"
111831,"[97989, 48078, 19547, 88621, 7632, 82705, 47160, 97593, 24040, 28661]"
111832,"[24111, 66918, 89485, 73659, 60974, 17264, 54492, 44659, 29313, 70020]"
111833,"[99921, 93479, 43699, 60979, 66230, 32884, 84236, 60281, 78523, 54599]"
111834,"[22086, 7471, 7647, 2164, 60466, 88440, 73464, 43743, 82611, 6427]"
111835,"[68866, 62616, 37292, 31255, 83909, 86221, 70174, 1780, 56360, 27880]"
111836,"[80629, 65034, 67130, 56977, 74184, 97165, 82908, 22548, 86620, 75340]"
111837,"[59114, 93015, 60778, 5894, 72392, 55776, 109541, 105276, 97178, 17105]"
111838,"[74183, 74269, 15448, 31137, 59147, 19742, 95386, 103177, 55487, 92520]"
111839,"[59970, 73273, 33476, 4851, 9018, 108756, 54483, 57467, 2333, 96916]"
111840,"[3820, 5610, 11433, 5182, 19836, 44702, 106795, 1608, 78436, 65074]"
111841,"[49620, 44070, 22542, 58048, 22546, 104565, 7990, 57166, 11865, 45286]"
111842,"[74609, 94742, 76250, 82836, 37493, 108600, 7487, 1359, 66220, 33429]"
111843,"[88184, 65076, 83574, 90178, 96800, 36516, 27541, 56333, 93492, 66687]"
111844,"[89968, 107672, 71905, 94724, 85475, 201, 81257, 78644, 104412, 31259]"
111845,"[63394, 36822, 58102, 94970, 26905, 13807, 98746, 84644, 10704, 57685]"
111846,"[15082, 106029, 18629, 6891, 92630, 84107, 70835, 25610, 89646, 41505]"
111847,"[83651, 12883, 56082, 83907, 8082, 14094, 94989, 32986, 109176, 10444]"
111848,"[86609, 7516, 21031, 88674, 83335, 57202, 35637, 95394, 99035, 69686]"
111849,"[69460, 66544, 58644, 101063, 107994, 27029, 26132, 13737, 28370, 67450]"
111850,"[72632, 86788, 36429, 73770, 90222, 96561, 39308, 95683, 91253, 14310]"
111851,"[86542, 52456, 48452, 67513, 7408, 89287, 67350, 57627, 69724, 61371]"
111852,"[8254, 37408, 41251, 61998, 46156, 36609, 39839, 20951, 36421, 77491]"
111853,"[93737, 61923, 108099, 47563, 77544, 33697, 63698, 83507, 76919, 62095]"
111854,"[82892, 36871, 68701, 77501, 62850, 47660, 35849, 78812, 64447, 54718]"
111855,"[1079, 75470, 58402, 8603, 24312, 20089, 66887, 19910, 31818, 68165]"
111856,"[33317, 76687, 26995, 19367, 68133, 46522, 82250, 20869, 2521, 27997]"
111857,"[45209, 20997, 14407, 69884, 65406, 64835, 107431, 60548, 15027, 7042]"
111858,"[21132, 58766, 20769, 17766, 71276, 88953, 70025, 20615, 24620, 67894]"
111859,"[39042, 1538, 28389, 42270, 79144, 43177, 59426, 106060, 48883, 12222]"
111860,"[56996, 59975, 44727, 79415, 43768, 79214, 68733, 1293, 26283, 21300]"
111861,"[4202, 40503, 88074, 66977, 21530, 24306, 88930, 41775, 79008, 107328]"
111862,"[35971, 107033, 28832, 74281, 65731, 10232, 75900, 53706, 90936, 60396]"
111863,"[45311, 99517, 64518, 67652, 109593, 27934, 40992, 48252, 89168, 70833]"
111864,"[58767, 50120, 99342, 46436, 22960, 105642, 53024, 99200, 15137, 58828]"
111865,"[53024, 107954, 68280, 70647, 36732, 12233, 85088, 95379, 14767, 2974]"
111866,"[87665, 13697, 65568, 28156, 88211, 16952, 4830, 96979, 23142, 76746]"
111867,"[72104, 10511, 93205, 8554, 71056, 87041, 29822, 87380, 98252, 46346]"
111868,"[27550, 39118, 5921, 70323, 32618, 72770, 68373, 65114, 92980, 59471]"
111869,"[18896, 74366, 39052, 51823, 14718, 18633, 25950, 73272, 47082, 4750]"
111870,"[12429, 16001, 47480, 57619, 43041, 16503, 89299, 103237, 30549, 53072]"
111871,"[85977, 43774, 79932, 19643, 48445, 23929, 46699, 69959, 89835, 98927]"
111872,"[12060, 43896, 39684, 55005, 35123, 2448, 7441, 44049, 107496, 4856]"
111873,"[60879, 49299, 41408, 42834, 19214, 106943, 99921, 8191, 80697, 57859]"
111874,"[63044, 51448, 506, 23486, 39928, 24985, 106721, 76149, 24162, 68084]"
111875,"[1032, 36669, 81656, 88252, 44412, 71523, 27495, 71236, 81912, 46690]"
111876,"[85768, 11779, 109503, 76276, 83341, 91210, 104012, 55354, 67802, 90540]"
111877,"[101281, 55867, 61863, 101863, 79470, 83795, 92941, 71020, 25576, 27893]"
111878,"[10459, 51024, 68935, 109739, 107332, 108734, 22985, 11181, 79562, 25126]"
111879,"[85835, 38819, 63734, 12367, 83441, 21763, 12574, 13233, 107978, 28158]"
111880,"[66564, 1523, 3387, 90563, 53886, 101879, 14887, 42790, 22336, 37646]"
111881,"[70762, 29816, 4223, 79466, 33699, 5352, 31655, 79418, 54365, 53742]"
111882,"[1427, 50871, 99165, 90724, 98121, 55371, 41443, 42422, 101444, 88590]"
111883,"[9882, 26195, 37797, 81351, 13998, 3624, 72857, 67156, 95233, 24616]"
111884,"[38673, 31024, 584, 38060, 106457, 137, 38920, 91785, 66671, 50799]"
111885,"[63771, 72081, 5804, 73801, 89303, 26037, 99970, 22342, 73725, 47762]"
111886,"[31069, 39060, 56190, 7381, 89398, 7627, 46760, 67801, 104908, 55147]"
111887,"[69882, 92865, 105372, 100420, 5328, 27475, 18574, 107586, 13192, 13910]"
111888,"[10010, 29519, 12364, 2915, 91310, 83123, 28209, 94220, 109318, 32673]"
111889,"[46297, 34594, 99359, 86429, 24567, 60339, 36273, 45015, 33932, 98031]"
111890,"[74218, 32664, 27690, 91661, 5721, 14780, 96310, 53826, 21883, 8888]"
111891,"[81161, 7155, 29537, 86263, 40587, 82646, 19507, 25859, 82344, 15123]"
111892,"[11397, 84935, 69211, 28212, 34891, 103573, 82468, 12381, 65831, 23041]"
111893,"[82197, 50418, 51851, 69217, 42766, 56063, 24239, 45254, 92845, 85341]"
111894,"[25989, 92487, 25794, 26669, 97015, 100530, 15612, 99155, 108199, 52429]"
111895,"[32519, 47440, 85008, 96698, 71861, 108133, 30886, 21660, 34115, 32248]"
111896,"[88999, 91134, 73850, 75572, 940, 48488, 65004, 60148, 93576, 47106]"
111897,"[96812, 97159, 76401, 52890, 35546, 103299, 59548, 30677, 24148, 24298]"
111898,"[107073, 78788, 88187, 92353, 97158, 26159, 104100, 44095, 50832, 6018]"
111899,"[76332, 62810, 8134, 64235, 23330, 105324, 69446, 72086, 89884, 89508]"
111900,"[5091, 89522, 26030, 15609, 43356, 56790, 6950, 18081, 71605, 25756]"
111901,"[73625, 18104, 44406, 76169, 68153, 54519, 69683, 70550, 9029, 82792]"
111902,"[8363, 12361, 101273, 27554, 101220, 16950, 57038, 8042, 82004, 86926]"
111903,"[53024, 107954, 68280, 70647, 36732, 12233, 85088, 95379, 14767, 2974]"
111904,"[91944, 59393, 66353, 78610, 101804, 40852, 94797, 85638, 53611, 31157]"
111905,"[94954, 2971, 50728, 13130, 85988, 74538, 28872, 85254, 71348, 50106]"
111906,"[6464, 100096, 95882, 92304, 22867, 83793, 100717, 49416, 34064, 62056]"
111907,"[89825, 18870, 43493, 85381, 84258, 5571, 103227, 65561, 49940, 37339]"
111908,"[108198, 53920, 88809, 45480, 92578, 43193, 51069, 10053, 48216, 46388]"
111909,"[6247, 76879, 10901, 12282, 10039, 24699, 14591, 88140, 794, 42190]"
111910,"[33807, 83401, 89964, 25735, 61509, 24535, 39230, 30269, 16986, 45389]"
111911,"[71213, 31545, 92782, 25413, 93420, 78517, 3932, 24700, 105254, 42578]"
111912,"[102069, 80678, 72004, 63924, 34222, 61791, 39615, 59183, 91438, 26018]"
111913,"[83127, 90987, 93262, 66040, 80989, 41639, 109692, 93242, 103442, 104897]"
111914,"[101206, 101630, 83027, 55068, 61972, 29017, 32583, 98049, 6500, 104141]"
111915,"[96039, 79834, 71096, 26270, 42475, 18276, 42191, 13991, 94298, 64223]"
111916,"[72132, 92067, 58685, 105160, 81423, 41011, 23968, 51697, 86053, 50066]"
111917,"[66750, 66251, 99930, 107946, 36136, 69906, 88014, 94725, 93872, 84307]"
111918,"[107279, 94542, 25644, 69674, 102928, 50711, 69231, 94748, 18789, 25014]"
111919,"[50103, 62687, 72530, 35095, 72661, 107178, 38338, 20854, 80612, 42146]"
111920,"[9557, 92817, 51392, 106659, 39238, 86617, 15435, 46445, 106372, 71469]"
111921,"[1557, 81986, 10484, 66073, 101684, 82402, 1682, 19181, 99327, 20828]"
111922,"[49043, 101050, 21948, 4852, 56106, 97682, 26780, 41581, 80339, 107602]"
111923,"[66546, 96987, 31663, 16294, 51505, 62829, 39989, 88814, 103676, 47454]"
111924,"[53324, 105180, 59769, 15188, 32631, 76401, 3051, 28864, 97159, 11258]"
111925,"[34922, 9889, 50621, 42037, 106698, 22750, 90330, 2722, 60502, 82515]"
111926,"[81651, 79364, 72682, 28119, 67738, 109443, 5147, 91345, 96161, 46808]"
111927,"[21588, 76710, 35559, 44683, 43817, 31276, 9912, 92856, 103239, 8468]"
111928,"[78348, 41667, 20469, 78127, 95314, 21711, 105048, 31873, 89581, 90820]"
111929,"[70538, 4712, 67369, 11358, 3544, 46732, 92921, 52840, 17202, 34371]"
111930,"[105567, 61743, 7983, 26572, 36841, 104217, 52060, 18007, 41618, 41809]"
111931,"[40779, 84510, 63675, 48689, 86491, 108007, 106757, 23728, 74752, 9600]"
111932,"[102641, 50383, 21834, 55653, 12697, 37347, 108109, 84593, 59823, 71032]"
111933,"[23410, 32234, 67430, 47060, 13143, 36175, 38373, 85226, 35823, 50629]"
111934,"[22523, 85272, 90957, 29352, 90319, 25196, 71444, 94655, 24249, 49548]"
111935,"[8087, 53100, 13542, 97776, 8878, 23567, 44027, 30978, 45212, 106575]"
111936,"[94700, 16938, 68904, 32729, 71548, 99136, 11457, 107095, 97356, 37516]"
111937,"[95301, 50918, 71957, 51744, 54446, 25482, 31253, 1482, 6995, 48825]"
111938,"[77196, 15106, 94035, 60519, 87816, 22307, 41636, 71068, 76668, 80862]"
111939,"[30736, 22630, 99349, 87815, 108862, 88423, 2975, 28811, 56918, 18502]"
111940,"[42192, 92250, 87944, 14825, 40537, 94205, 11117, 82578, 57405, 21352]"
111941,"[4986, 52869, 77470, 9267, 23921, 20049, 15032, 101636, 82227, 67833]"
111942,"[92251, 71590, 26675, 86802, 40757, 42141, 18528, 8730, 85725, 86604]"
111943,"[10697, 95182, 42698, 11314, 33040, 85, 40955, 47636, 10967, 64417]"
111944,"[24679, 59679, 27844, 53518, 106278, 102498, 96269, 108849, 64424, 106376]"
111945,"[21297, 88891, 65107, 66813, 20091, 14881, 96015, 65658, 51556, 89410]"
111946,"[52868, 7563, 77659, 7931, 8959, 93037, 87416, 30284, 3876, 66247]"
111947,"[71537, 107391, 51662, 65863, 39240, 68371, 78501, 93124, 3346, 99880]"
111948,"[26879, 27224, 23429, 58933, 49889, 23860, 30518, 71318, 13387, 66578]"
111949,"[89806, 54114, 73609, 98554, 62994, 15988, 85140, 79707, 24058, 48808]"
111950,"[1323, 23615, 70908, 93364, 10608, 77315, 87413, 82805, 74942, 65402]"
111951,"[89259, 48651, 68244, 80989, 56043, 65978, 55002, 66040, 5244, 99950]"
111952,"[36965, 50541, 56182, 88675, 43173, 98432, 62458, 65368, 7906, 5901]"
111953,"[69895, 12150, 5477, 36899, 104162, 93196, 34819, 98920, 25625, 24939]"
111954,"[77120, 106567, 9211, 25864, 84833, 31202, 13527, 52378, 18167, 18295]"
111955,"[30698, 64214, 27139, 96410, 34085, 47020, 74303, 93413, 105596, 51526]"
111956,"[83938, 105264, 62367, 19570, 90002, 11312, 28772, 60776, 1265, 46141]"
111957,"[94834, 14920, 38989, 52399, 9871, 100030, 99929, 54366, 81216, 60068]"
111958,"[72414, 19226, 70735, 74550, 94776, 95656, 20219, 29487, 8638, 89594]"
111959,"[82657, 54579, 34218, 62809, 44242, 107326, 21759, 96762, 100884, 44291]"
111960,"[73128, 39441, 61335, 14536, 14267, 98057, 44906, 27065, 932, 17442]"
111961,"[99356, 22658, 51010, 34713, 94211, 39181, 74247, 3892, 85426, 104662]"
111962,"[58518, 57433, 62547, 25024, 64951, 1823, 98211, 46979, 51259, 53884]"
111963,"[5868, 47701, 57716, 70519, 37740, 104188, 20622, 87995, 22038, 20358]"
111964,"[106714, 28295, 26444, 4128, 55532, 108030, 62728, 27537, 77108, 42598]"
111965,"[12482, 59711, 92180, 63436, 105942, 45293, 92110, 87073, 76504, 16252]"
111966,"[46333, 31155, 2423, 125, 72577, 68189, 102996, 53866, 69943, 71214]"
111967,"[108153, 40424, 6128, 75098, 33528, 46836, 107295, 47675, 101889, 89472]"
111968,"[38687, 47822, 13234, 35373, 49325, 25573, 17927, 57398, 39610, 55173]"
111969,"[80975, 80151, 12662, 2542, 78497, 83898, 6644, 96198, 26670, 67018]"
111970,"[84993, 65984, 85734, 109294, 10647, 82577, 97085, 102477, 85564, 76593]"
111971,"[93327, 55961, 18859, 108742, 97874, 70478, 21670, 97724, 85881, 85450]"
111972,"[107469, 91469, 71122, 12044, 51009, 34114, 75071, 94204, 88658, 48875]"
111973,"[60587, 16249, 19005, 20451, 50135, 31886, 58172, 105949, 36695, 47333]"
111974,"[54666, 102716, 72405, 5806, 77881, 103063, 57344, 93529, 39303, 28262]"
111975,"[40170, 5379, 35460, 73940, 41499, 80058, 30022, 55756, 35620, 86884]"
111976,"[43525, 39573, 60127, 37659, 87385, 70523, 46767, 61262, 12219, 5318]"
111977,"[70494, 94841, 84687, 99202, 102215, 109521, 102092, 106879, 47487, 12770]"
111978,"[105836, 38261, 27498, 81003, 105336, 66960, 69479, 53315, 73345, 64569]"
111979,"[67534, 26621, 73103, 21231, 104098, 91566, 92475, 52578, 77270, 64854]"
111980,"[67001, 102334, 89198, 42397, 4117, 56211, 2009, 75893, 53463, 40198]"
111981,"[109301, 9922, 102369, 73983, 98584, 89661, 43370, 14725, 33118, 75177]"
111982,"[21159, 79746, 57661, 86196, 67427, 71866, 2770, 10288, 59054, 98834]"
111983,"[9945, 12376, 33286, 78241, 24802, 1663, 41446, 108887, 108693, 68341]"
111984,"[43688, 21960, 82637, 53970, 47266, 21114, 86529, 24983, 48460, 82130]"
111985,"[63355, 55134, 16162, 29277, 32127, 29246, 109023, 42759, 99747, 5625]"
111986,"[18183, 59178, 1111, 96513, 91232, 27531, 3379, 16168, 44304, 71309]"
111987,"[27078, 81290, 19860, 19876, 189, 21129, 25137, 68407, 51313, 2064]"
111988,"[42737, 93682, 61789, 172, 64913, 92483, 16424, 75463, 58006, 64288]"
111989,"[7231, 12753, 30823, 5959, 9561, 42000, 57726, 66921, 65799, 29129]"
111990,"[1806, 101068, 36801, 68112, 45006, 17057, 54871, 85510, 72542, 57257]"
111991,"[9876, 69106, 57062, 8051, 37656, 29602, 43447, 350, 65480, 16088]"
111992,"[69409, 6928, 93356, 80452, 77547, 104609, 42610, 72368, 31091, 55753]"
111993,"[65035, 74580, 91956, 57680, 69313, 46676, 62857, 98770, 7446, 52949]"
111994,"[82768, 36853, 21036, 99047, 14453, 74073, 10091, 34420, 77099, 72268]"
111995,"[103938, 72824, 89914, 35996, 70300, 71003, 93959, 72238, 61607, 93555]"
111996,"[54898, 43704, 60993, 21821, 57002, 67044, 77653, 25082, 32008, 67398]"
111997,"[6871, 13903, 86669, 76193, 83746, 30547, 40237, 105076, 106003, 4788]"
111998,"[28346, 106922, 36359, 42629, 86434, 46135, 12569, 64856, 10767, 17872]"
111999,"[11702, 25874, 7063, 35095, 30298, 90197, 61162, 30591, 77843, 25241]"
112000,"[74704, 85608, 38215, 75434, 61376, 107561, 17131, 40124, 91485, 8174]"
112001,"[107280, 12952, 64859, 15650, 5318, 102050, 21116, 55430, 85081, 37659]"
112002,"[67472, 37024, 39102, 98351, 79533, 46432, 86129, 14380, 25760, 81452]"
112003,"[69146, 106446, 88694, 13983, 49803, 62423, 21402, 74654, 76225, 2932]"
112004,"[97338, 24156, 20155, 45305, 108902, 12177, 31059, 38654, 26348, 75209]"
112005,"[25696, 2469, 40591, 95469, 106875, 59021, 31138, 98036, 49902, 87037]"
112006,"[56976, 49903, 15630, 60863, 25877, 46256, 87248, 91386, 49220, 41736]"
112007,"[35573, 4821, 69984, 95140, 13270, 51610, 36700, 81934, 8482, 68060]"
112008,"[64814, 26763, 10649, 25223, 20781, 51894, 14470, 56807, 14323, 83884]"
112009,"[48686, 37522, 57631, 56051, 100997, 30306, 95304, 75750, 80921, 35946]"
112010,"[58324, 106371, 69079, 38184, 82323, 33883, 76638, 30375, 73923, 60443]"
112011,"[76724, 83064, 78999, 62931, 22656, 88642, 68662, 32672, 7564, 98418]"
112012,"[73775, 65223, 7232, 92650, 57635, 92947, 19343, 65232, 57932, 28250]"
112013,"[53806, 58697, 461, 58935, 80424, 6096, 68472, 76542, 39980, 58337]"
112014,"[47634, 108859, 82032, 94507, 67458, 66438, 10884, 13706, 96272, 88170]"
112015,"[83721, 107329, 33652, 71556, 82108, 76010, 91111, 24426, 35, 90754]"
112016,"[16434, 28733, 63435, 94282, 7403, 5118, 68242, 98648, 41333, 80916]"
112017,"[14406, 100216, 49518, 25601, 91096, 81414, 107661, 19826, 42890, 48215]"
112018,"[51896, 42289, 60782, 23975, 75987, 72929, 13891, 39461, 49188, 76620]"
112019,"[83661, 2657, 11051, 85209, 12628, 108571, 100282, 10933, 40149, 81758]"
112020,"[63373, 21077, 29848, 35832, 81878, 91643, 37765, 70653, 95987, 8508]"
112021,"[83408, 86324, 48207, 24200, 21073, 58206, 105353, 559, 62599, 44042]"
112022,"[70556, 106595, 83333, 27596, 62665, 24086, 11842, 92693, 45685, 90356]"
112023,"[24358, 34523, 97801, 1655, 70637, 6629, 94046, 14048, 40139, 60823]"
112024,"[8923, 70773, 56965, 91672, 49431, 58159, 95790, 35909, 85352, 84320]"
112025,"[57942, 82778, 63814, 33502, 32149, 75386, 8772, 94809, 94999, 9021]"
112026,"[67480, 28260, 97371, 50970, 69818, 53127, 46518, 31173, 21393, 71891]"
112027,"[71224, 55711, 23691, 52906, 104853, 41614, 46480, 102142, 53910, 62738]"
112028,"[22154, 51173, 101617, 20731, 57867, 11405, 86570, 103323, 47395, 57912]"
112029,"[57588, 17680, 59444, 29721, 12506, 39073, 52791, 27767, 41978, 47414]"
112030,"[57050, 19311, 75095, 27565, 30057, 95777, 31083, 71292, 20989, 33411]"
112031,"[101415, 27407, 9335, 99326, 73743, 27490, 12103, 22851, 46224, 75565]"
112032,"[33142, 81123, 107428, 51272, 88982, 25687, 82937, 87996, 32251, 78315]"
112033,"[93451, 101467, 20080, 9763, 59992, 5480, 38971, 44716, 6413, 96217]"
112034,"[6061, 69889, 56642, 106573, 31278, 72548, 108749, 89935, 56855, 27466]"
112035,"[57921, 95327, 56487, 33782, 55715, 107741, 57096, 24984, 15464, 2778]"
112036,"[76130, 90681, 95525, 48734, 23385, 101040, 109340, 62239, 77810, 108795]"
112037,"[99891, 73670, 37132, 96013, 38201, 28803, 16107, 107820, 25191, 106525]"
112038,"[3089, 72381, 103125, 9362, 55755, 39692, 17949, 60338, 690, 720]"
112039,"[13172, 35398, 67713, 13836, 34155, 36372, 65473, 32445, 58569, 105898]"
112040,"[2008, 96404, 99890, 4323, 61722, 103560, 58085, 100876, 38792, 64448]"
112041,"[18791, 82431, 30626, 4261, 49015, 102779, 12671, 22589, 73904, 50545]"
112042,"[48618, 99527, 39233, 11114, 79840, 99001, 16325, 32990, 104983, 106001]"
112043,"[35768, 108652, 40031, 104839, 30322, 81679, 7208, 1982, 12196, 14733]"
112044,"[100361, 28497, 87303, 10089, 90925, 29125, 102547, 52915, 83099, 85051]"
112045,"[74912, 10736, 88194, 104926, 26609, 11515, 50472, 44509, 97901, 51076]"
112046,"[2960, 21530, 1839, 107120, 108698, 46606, 41661, 29950, 79756, 47557]"
112047,"[46729, 56860, 9106, 81637, 45211, 79282, 23566, 25469, 55055, 57145]"
112048,"[23044, 83805, 41910, 2627, 86413, 20554, 88953, 6343, 45902, 70517]"
112049,"[91748, 83521, 90111, 33644, 71777, 40858, 95787, 108209, 36698, 42105]"
112050,"[65617, 27033, 63573, 3465, 81240, 13693, 55059, 91157, 5331, 59318]"
112051,"[72698, 29951, 19482, 92873, 55827, 454, 18326, 18211, 35138, 89341]"
112052,"[50917, 20948, 57164, 88521, 37319, 98690, 31229, 87053, 97022, 56960]"
112053,"[34929, 2333, 4346, 29658, 89641, 90224, 16970, 69516, 61941, 107696]"
112054,"[9090, 41599, 56135, 48972, 22847, 5582, 3256, 41671, 28766, 99085]"
112055,"[49363, 82119, 18144, 37099, 75515, 101587, 21974, 87431, 69822, 62336]"
112056,"[105231, 43073, 3254, 4786, 78542, 91984, 67711, 63325, 24533, 60412]"
112057,"[2596, 58430, 12795, 12946, 86012, 85689, 61421, 79953, 10403, 81029]"
112058,"[12815, 29596, 61462, 4237, 57031, 35569, 83633, 35415, 52208, 29487]"
112059,"[50339, 96220, 34296, 89344, 40891, 2891, 81201, 88030, 88078, 3018]"
112060,"[88962, 48596, 96222, 99811, 20264, 77884, 1232, 105093, 102018, 50263]"
112061,"[49418, 47598, 49606, 34225, 40236, 90361, 83654, 102164, 32606, 29100]"
112062,"[95929, 60873, 39543, 59245, 71222, 30958, 95776, 73548, 74222, 62116]"
112063,"[94104, 55605, 34615, 20107, 63848, 4593, 10347, 35228, 24415, 25710]"
112064,"[88409, 47789, 25774, 54032, 1726, 76806, 48789, 108501, 47008, 35972]"
112065,"[9734, 92992, 31188, 101545, 8029, 8618, 9648, 43120, 87465, 10781]"
112066,"[43935, 85402, 35881, 35964, 43173, 54973, 7906, 96534, 82817, 106565]"
112067,"[104756, 26375, 54750, 37593, 69365, 13779, 59351, 80713, 64046, 38972]"
112068,"[54585, 22573, 288, 65537, 65472, 38422, 83342, 37136, 63893, 10657]"
112069,"[86166, 79942, 101988, 49225, 16682, 30804, 49912, 60706, 80530, 91544]"
112070,"[41536, 36754, 105838, 24342, 100543, 28932, 103277, 81176, 94, 12348]"
112071,"[79816, 44470, 20437, 83636, 53492, 97815, 36784, 62489, 14230, 88118]"
112072,"[87799, 83439, 79774, 95815, 108364, 54201, 23750, 5088, 14978, 92935]"
112073,"[92435, 76702, 109334, 29606, 74400, 106631, 2207, 85156, 29875, 20138]"
112074,"[17855, 37812, 37547, 109328, 59820, 36511, 43647, 22758, 75256, 7336]"
112075,"[9297, 108486, 91313, 64731, 58313, 102689, 33039, 26154, 30020, 81059]"
112076,"[96924, 11931, 53593, 42869, 83834, 38260, 11972, 54396, 100410, 81230]"
112077,"[3443, 31641, 14507, 71039, 5410, 84232, 42042, 57618, 64516, 17831]"
112078,"[22136, 1971, 45509, 108616, 61827, 105994, 58360, 21425, 9391, 36474]"
112079,"[25979, 15886, 73780, 17737, 72623, 61987, 21246, 24786, 91369, 37105]"
112080,"[78621, 59446, 84451, 25505, 79302, 24612, 35846, 36121, 76777, 57218]"
112081,"[83653, 49476, 58234, 25441, 109441, 23978, 102242, 34277, 34657, 45525]"
112082,"[94773, 77764, 71572, 81323, 64713, 6951, 80260, 5631, 66606, 5559]"
112083,"[27375, 61298, 79007, 7300, 39180, 107422, 25003, 44058, 55813, 55516]"
112084,"[42799, 45471, 78273, 84624, 81956, 78316, 100969, 49693, 78777, 68091]"
112085,"[20001, 63637, 105220, 76459, 72418, 301, 26310, 94798, 89304, 67487]"
112086,"[2714, 66947, 94507, 29651, 33924, 68627, 50611, 6833, 65029, 21963]"
112087,"[86592, 33772, 8616, 56224, 79649, 98994, 71609, 66120, 66649, 38141]"
112088,"[106058, 32886, 96190, 12910, 5543, 27489, 48146, 22089, 76707, 33156]"
112089,"[11385, 3578, 54634, 19110, 15175, 102309, 8297, 32168, 44040, 2560]"
112090,"[104460, 64721, 45984, 42976, 106706, 70542, 26956, 51171, 83664, 85500]"
112091,"[34849, 90963, 100347, 108166, 52118, 59528, 76831, 56209, 78616, 98835]"
112092,"[16755, 16412, 95314, 59340, 42852, 6510, 79894, 56821, 67620, 32391]"
112093,"[26383, 5548, 106894, 97630, 14307, 57791, 69623, 60198, 24454, 107911]"
112094,"[7381, 34615, 16688, 83138, 14610, 94104, 36518, 42937, 61191, 31360]"
112095,"[106067, 98598, 42212, 51642, 15715, 26303, 40074, 49945, 6934, 9442]"
112096,"[33553, 67112, 35307, 90055, 59235, 63147, 23382, 966, 12905, 103464]"
112097,"[62872, 11302, 71504, 65823, 82056, 46251, 19999, 10752, 70512, 32256]"
112098,"[51388, 95996, 103095, 103174, 75582, 2246, 75909, 57122, 29161, 87810]"
112099,"[52128, 60148, 102826, 39945, 61883, 85568, 23085, 1802, 26732, 108419]"
112100,"[67590, 45762, 66829, 90647, 105245, 49691, 26359, 46571, 53727, 37445]"
112101,"[97662, 59663, 53903, 100797, 52457, 8199, 93278, 44684, 42086, 41479]"
112102,"[70440, 101858, 62288, 105661, 106703, 24072, 61165, 44653, 37618, 83199]"
112103,"[35572, 105691, 77049, 81117, 63639, 55370, 15725, 68304, 11258, 64090]"
112104,"[25085, 58800, 59030, 92755, 8617, 95857, 92628, 81315, 67426, 38219]"
112105,"[91114, 8476, 106152, 80254, 29130, 41336, 37051, 56695, 5417, 73152]"
112106,"[60200, 57023, 15226, 84586, 34578, 68067, 23108, 32740, 66903, 22752]"
112107,"[1042, 59393, 34565, 84144, 51656, 48843, 48273, 49997, 76062, 62982]"
112108,"[98778, 91516, 18831, 55126, 96932, 92071, 921, 99450, 32351, 25555]"
112109,"[96938, 21452, 91962, 51958, 48634, 31351, 63097, 97210, 53726, 71588]"
112110,"[27038, 78354, 71388, 88053, 4037, 11717, 12774, 46801, 32128, 44827]"
112111,"[33607, 53160, 20773, 8561, 70856, 58267, 89389, 36314, 40589, 23092]"
112112,"[2967, 101926, 34100, 47495, 98516, 89410, 71150, 102491, 51991, 78465]"
112113,"[71901, 86616, 101543, 49189, 83669, 74889, 17649, 5946, 107157, 77834]"
112114,"[77471, 16454, 60905, 49957, 38630, 86177, 95003, 65904, 81702, 4756]"
112115,"[8957, 94093, 102603, 44005, 53068, 54603, 102130, 28594, 64064, 48312]"
112116,"[48377, 66387, 749, 93277, 87796, 64433, 93649, 56104, 46396, 1349]"
112117,"[48946, 87923, 108500, 95702, 3592, 56616, 58994, 43775, 69787, 90135]"
112118,"[41038, 23158, 90775, 50854, 36932, 88213, 103916, 327, 85283, 29609]"
112119,"[70826, 63414, 74171, 25132, 83021, 23711, 107462, 16666, 91912, 48185]"
112120,"[51534, 104583, 72760, 88265, 49645, 93556, 26253, 29763, 15512, 74613]"
112121,"[26915, 43292, 54783, 74360, 84960, 68712, 2260, 8303, 12410, 46450]"
112122,"[27441, 84234, 8395, 43489, 46718, 64360, 46361, 36693, 15472, 91051]"
112123,"[19803, 101833, 16167, 17319, 29731, 38267, 5266, 99717, 47067, 67569]"
112124,"[28759, 51608, 15957, 13808, 33361, 80076, 63794, 85157, 52803, 2450]"
112125,"[67599, 53418, 5684, 105997, 54260, 38477, 88294, 94469, 4662, 65057]"
112126,"[49826, 14286, 87028, 102816, 80945, 57944, 43358, 64174, 1083, 24327]"
112127,"[79170, 44761, 91549, 95741, 26477, 15059, 89932, 60415, 75600, 17200]"
112128,"[20846, 6872, 22184, 10607, 38118, 77735, 55483, 5697, 54877, 32420]"
112129,"[53993, 64786, 2045, 39894, 101702, 72346, 2211, 75200, 79092, 37730]"
112130,"[97251, 107549, 109180, 68176, 69932, 41462, 104840, 57913, 38983, 38405]"
112131,"[88981, 62650, 6128, 6256, 18350, 57087, 67686, 56645, 38018, 85098]"
112132,"[20077, 58049, 29793, 79148, 42669, 105242, 63474, 72815, 85188, 91188]"
112133,"[45690, 26150, 67927, 82542, 59151, 85570, 85397, 73626, 79158, 53738]"
112134,"[63250, 52461, 9799, 24971, 98608, 36784, 98148, 104751, 17370, 87476]"
112135,"[16569, 92200, 22181, 47750, 25207, 48543, 74458, 18310, 5738, 84721]"
112136,"[67359, 76492, 49448, 38692, 5882, 104434, 84498, 72310, 87610, 16537]"
112137,"[78956, 59272, 85911, 104665, 32841, 95433, 32146, 88006, 102373, 30810]"
112138,"[66455, 68005, 40258, 90311, 20576, 75365, 26764, 37022, 1033, 27026]"
112139,"[104524, 18414, 49927, 89614, 101169, 29665, 41061, 69270, 403, 86548]"
112140,"[87221, 62200, 53089, 64102, 92498, 11006, 40041, 9686, 7550, 94479]"
112141,"[48553, 65629, 49055, 91501, 41733, 43160, 54022, 41673, 12456, 105174]"
112142,"[93456, 23480, 99132, 29178, 73018, 61273, 96396, 45451, 94965, 8206]"
112143,"[3060, 91599, 36406, 55886, 59504, 93818, 51523, 29752, 19293, 95415]"
112144,"[14199, 7081, 81018, 49785, 49042, 56863, 32050, 4632, 89759, 34740]"
112145,"[18730, 88032, 29901, 8357, 47423, 62433, 99329, 3534, 39394, 27395]"
112146,"[95333, 102494, 49317, 40465, 24453, 14786, 88276, 30134, 45804, 108517]"
112147,"[95323, 23696, 31676, 50176, 69655, 85781, 84269, 21766, 64894, 83966]"
112148,"[107506, 15859, 75420, 50992, 62231, 60235, 85160, 83790, 14156, 44493]"
112149,"[35575, 107003, 45169, 63457, 17794, 97930, 26942, 105427, 43123, 108290]"
112150,"[74339, 30342, 10742, 25059, 56582, 92694, 59351, 37593, 101962, 62444]"
112151,"[29425, 88973, 12657, 38835, 5987, 45594, 45998, 82282, 79267, 28719]"
112152,"[10961, 1242, 62730, 29376, 18036, 45900, 95439, 37203, 25549, 1131]"
112153,"[7356, 4225, 109529, 8346, 67214, 28422, 54125, 70992, 69036, 69931]"
112154,"[82649, 51521, 99851, 30079, 97235, 85551, 45859, 46529, 16716, 25094]"
112155,"[93430, 43075, 101701, 50950, 44411, 54809, 59118, 60862, 58878, 104388]"
112156,"[102543, 68053, 42181, 55121, 38548, 86793, 20704, 80816, 21284, 95694]"
112157,"[64945, 29049, 104642, 11201, 27151, 91694, 59012, 50720, 85125, 26248]"
112158,"[92761, 6333, 62121, 30751, 109615, 29103, 100412, 7876, 97655, 60255]"
112159,"[105366, 16723, 87985, 50158, 75326, 47717, 37785, 76678, 99135, 71399]"
112160,"[81522, 14888, 74317, 6770, 21998, 15144, 78913, 72495, 52702, 58030]"
112161,"[37346, 87001, 80328, 21632, 41344, 51402, 57950, 92026, 6311, 59435]"
112162,"[41810, 108437, 83823, 54443, 6731, 28726, 96583, 76660, 53153, 33032]"
112163,"[15115, 35500, 85798, 94666, 82224, 26245, 52648, 11673, 15056, 23159]"
112164,"[2958, 60243, 2539, 78944, 71208, 87655, 36727, 95821, 31532, 55142]"
112165,"[91165, 13038, 99083, 55658, 41546, 27932, 6174, 16733, 12, 37215]"
112166,"[100861, 54473, 104400, 97310, 31902, 85937, 23224, 84588, 38084, 21430]"
112167,"[14860, 96911, 18490, 98727, 13358, 35348, 66495, 94351, 26242, 22569]"
112168,"[108979, 81826, 29834, 30389, 1436, 100556, 96580, 10955, 106607, 40485]"
112169,"[109584, 3728, 50372, 11910, 63189, 89212, 96300, 50182, 28140, 64830]"
112170,"[60675, 62829, 94607, 98546, 49044, 68593, 16294, 25743, 47433, 3970]"
112171,"[18895, 103048, 63043, 107299, 26000, 2048, 52922, 90602, 63854, 130]"
112172,"[77115, 102999, 88777, 102555, 36124, 13582, 76917, 61854, 70047, 5724]"
112173,"[73988, 39331, 75786, 54635, 23518, 80937, 91324, 37141, 39912, 98278]"
112174,"[44359, 37914, 98489, 92971, 74514, 72042, 42330, 90941, 71044, 79702]"
112175,"[34437, 43669, 104869, 40406, 66592, 71721, 73926, 31186, 69301, 39877]"
112176,"[38139, 42388, 104622, 98877, 16164, 53368, 67750, 79684, 56391, 76762]"
112177,"[59026, 6332, 4444, 89375, 1979, 97755, 15589, 108604, 24051, 34404]"
112178,"[65933, 21657, 103642, 27569, 91946, 32136, 98455, 29971, 4034, 64852]"
112179,"[90866, 90501, 86093, 88130, 79852, 33103, 85700, 44572, 15441, 22854]"
112180,"[24657, 83585, 79001, 18384, 45521, 1651, 42530, 47068, 7246, 62398]"
112181,"[104155, 60899, 69498, 14538, 6819, 37943, 715, 69915, 109083, 92214]"
112182,"[71892, 2331, 52081, 92900, 1683, 105863, 48631, 18264, 61711, 34142]"
112183,"[100522, 24114, 29565, 120, 24689, 52472, 59576, 8208, 69513, 93596]"
112184,"[22102, 83880, 25255, 43527, 95645, 96379, 28610, 98012, 85001, 68814]"
112185,"[38229, 103945, 67340, 99009, 51555, 100927, 86549, 60939, 94369, 62446]"
112186,"[84875, 77119, 2238, 14273, 55520, 53278, 97874, 70774, 104962, 60014]"
112187,"[42931, 24202, 55340, 80909, 23409, 95061, 67989, 100621, 41527, 38569]"
112188,"[50745, 38761, 83091, 93404, 39978, 45848, 54135, 88333, 91153, 20837]"
112189,"[69028, 64327, 97417, 102959, 36153, 28144, 7768, 63689, 8597, 61120]"
112190,"[84058, 56302, 67223, 29040, 12371, 48968, 62694, 21413, 29564, 9393]"
112191,"[48536, 81398, 2938, 83863, 64551, 79301, 47342, 52764, 22774, 10515]"
112192,"[71148, 20803, 61236, 107372, 77635, 54989, 87165, 31276, 12269, 58553]"
112193,"[22790, 6759, 35482, 106133, 103080, 70112, 104083, 34554, 7948, 3183]"
112194,"[16189, 13080, 58568, 60909, 41846, 65571, 11797, 9625, 1711, 51082]"
112195,"[64557, 82586, 94920, 90881, 30865, 32210, 77486, 51339, 74581, 48505]"
112196,"[11226, 83115, 45849, 54394, 101847, 96213, 28855, 83391, 90215, 47632]"
112197,"[19194, 106197, 34098, 104307, 147, 65402, 98265, 60517, 108145, 74231]"
112198,"[45878, 85743, 27977, 15915, 31384, 67547, 58780, 57243, 5101, 30422]"
112199,"[46565, 78024, 65574, 57559, 73455, 33389, 86505, 31342, 11987, 100140]"
112200,"[10602, 8937, 55944, 26659, 74127, 46675, 86720, 102278, 90547, 5792]"
112201,"[54522, 56255, 53284, 41532, 51846, 94059, 77953, 46035, 90591, 36586]"
112202,"[28447, 82709, 85687, 107890, 72217, 32487, 85634, 70359, 87422, 89674]"
112203,"[70759, 108699, 93096, 63810, 104866, 76495, 60127, 45135, 4868, 20770]"
112204,"[46951, 55352, 8988, 45718, 8430, 109667, 22793, 55107, 108358, 93979]"
112205,"[13007, 11654, 16397, 103830, 805, 99878, 104182, 88456, 25786, 89614]"
112206,"[55345, 5532, 69454, 30317, 57589, 109110, 76285, 39628, 72789, 3175]"
112207,"[34382, 30791, 50044, 4468, 105560, 90701, 88031, 33871, 71300, 15428]"
112208,"[54034, 66594, 15361, 11983, 95550, 63717, 74454, 66803, 80095, 58926]"
112209,"[95570, 6277, 53030, 48982, 105320, 60937, 37010, 36301, 32306, 51190]"
112210,"[30493, 18947, 106110, 80495, 2840, 107091, 80655, 23817, 77844, 72891]"
112211,"[84463, 22540, 27029, 26132, 90449, 28370, 85629, 7276, 52475, 101022]"
112212,"[23443, 85680, 104028, 63094, 18153, 94547, 4730, 36912, 44100, 45659]"
112213,"[69018, 61686, 20239, 75686, 62625, 10651, 89579, 75677, 3450, 6803]"
112214,"[5297, 12373, 40429, 32677, 13885, 81166, 51853, 4770, 40295, 56805]"
112215,"[16991, 34865, 54915, 72407, 3061, 51449, 74970, 90673, 108114, 70530]"
112216,"[44524, 85400, 108226, 36046, 8588, 95579, 17868, 59213, 97458, 30020]"
112217,"[97452, 80360, 85301, 8292, 58603, 59308, 19987, 27494, 46711, 95373]"
112218,"[93025, 40082, 53298, 23998, 37642, 86820, 39996, 62140, 59660, 14917]"
112219,"[28529, 84074, 30336, 63201, 61353, 25678, 66754, 65521, 60727, 51307]"
112220,"[57254, 36705, 73077, 20062, 39897, 69090, 47840, 10063, 84119, 16419]"
112221,"[4075, 71647, 101344, 57786, 57537, 13863, 42035, 52791, 71219, 80220]"
112222,"[106020, 16040, 109227, 17687, 64882, 89226, 49344, 33421, 29249, 60958]"
112223,"[33192, 76127, 12582, 19626, 16420, 45646, 103306, 56128, 33207, 62950]"
112224,"[5580, 80501, 40318, 9822, 40779, 21914, 63177, 94403, 19487, 52257]"
112225,"[59150, 60500, 80607, 53720, 108243, 13518, 105983, 107558, 78843, 74353]"
112226,"[2324, 8428, 59798, 222, 8878, 58679, 100, 7670, 16883, 78478]"
112227,"[81899, 90620, 68272, 85960, 96375, 28565, 32838, 39726, 59092, 67550]"
112228,"[31821, 34377, 105998, 75660, 57660, 41833, 92746, 56602, 108156, 55060]"
112229,"[99412, 33848, 68536, 71274, 38991, 46104, 84292, 98240, 94064, 53169]"
112230,"[43097, 104909, 52844, 42327, 84893, 86776, 8192, 20404, 99022, 999]"
112231,"[91720, 65513, 61940, 12453, 46580, 82913, 28245, 55586, 100025, 99626]"
112232,"[58539, 64940, 39614, 67706, 63531, 43283, 93275, 57637, 4368, 40706]"
112233,"[50210, 23130, 38756, 55081, 10009, 109775, 31510, 104896, 32157, 63953]"
112234,"[72191, 97888, 37011, 90399, 71696, 97108, 55810, 106686, 34660, 20244]"
112235,"[101280, 55617, 102994, 36561, 70703, 42501, 82124, 34043, 87841, 76785]"
112236,"[20781, 108763, 37779, 9007, 83884, 64377, 60562, 26566, 25076, 80056]"
112237,"[28258, 91304, 68354, 11889, 100196, 46547, 56348, 43001, 11147, 52581]"
112238,"[66674, 2251, 49285, 103589, 30641, 75515, 60959, 3355, 55939, 71442]"
112239,"[10405, 56464, 96314, 20082, 54975, 94468, 33519, 77602, 27724, 64316]"
112240,"[41229, 45499, 68865, 91594, 59444, 47272, 47414, 12535, 104714, 86856]"
112241,"[60165, 95135, 57143, 3420, 109120, 72089, 54046, 25433, 34310, 12660]"
112242,"[13239, 80872, 31015, 98832, 79306, 850, 4830, 77966, 5409, 73387]"
112243,"[67445, 2997, 68557, 59460, 37438, 38406, 34388, 77980, 106952, 41297]"
112244,"[75243, 69440, 63650, 43751, 65462, 95352, 29361, 28103, 47938, 29650]"
112245,"[5954, 83879, 97510, 86675, 56197, 37432, 86659, 9492, 38280, 104930]"
112246,"[35487, 11500, 88305, 103574, 25030, 29679, 80557, 91154, 21966, 107079]"
112247,"[25571, 55773, 107743, 101620, 100324, 90693, 59917, 86364, 8464, 51354]"
112248,"[34375, 84477, 4652, 48924, 31928, 77701, 11773, 86843, 99790, 90730]"
112249,"[15938, 51412, 54804, 100057, 73154, 37129, 104017, 104196, 57090, 43095]"
112250,"[88845, 83691, 86559, 23004, 38773, 52801, 14265, 59941, 58346, 44342]"
112251,"[9846, 58720, 99663, 3930, 82962, 15525, 47524, 102297, 39856, 86011]"
112252,"[28985, 40969, 70352, 36308, 64442, 66383, 43736, 36711, 81641, 90901]"
112253,"[61271, 271, 63885, 93218, 26955, 55570, 35673, 28905, 88630, 2166]"
112254,"[59388, 5182, 104531, 78151, 69523, 2979, 26836, 59796, 106795, 71330]"
112255,"[108258, 85801, 98645, 9298, 50022, 69660, 108593, 87957, 4119, 81406]"
112256,"[67318, 8796, 71652, 96691, 98949, 99127, 70243, 5649, 49224, 65413]"
112257,"[11227, 43458, 76179, 11549, 96311, 68712, 74360, 20478, 6514, 99780]"
112258,"[73444, 19764, 65437, 44661, 7795, 25761, 16009, 49405, 28854, 70564]"
112259,"[81612, 21656, 107668, 10402, 64781, 3771, 67415, 104648, 13157, 72273]"
112260,"[98842, 32651, 91866, 101259, 64395, 16450, 18837, 59811, 99837, 63732]"
112261,"[52195, 5589, 43766, 64930, 71256, 4442, 24337, 57148, 65850, 9009]"
112262,"[65013, 99142, 77104, 91428, 55171, 67092, 44950, 48401, 80409, 74895]"
112263,"[53283, 6992, 19854, 59636, 56747, 7353, 12617, 83883, 87237, 26731]"
112264,"[62339, 65708, 61990, 35863, 91178, 15716, 102709, 93239, 26385, 42310]"
112265,"[72927, 83131, 44286, 69794, 12343, 54140, 81075, 51126, 99826, 78616]"
112266,"[7264, 3553, 37522, 95304, 48686, 62942, 75750, 41406, 13178, 79626]"
112267,"[34911, 54612, 16277, 24005, 63995, 73640, 45576, 8450, 27795, 31904]"
112268,"[85446, 13152, 54363, 67159, 190, 38293, 97817, 104069, 17315, 108071]"
112269,"[56182, 50541, 91400, 5901, 108817, 88272, 57530, 54993, 40045, 38439]"
112270,"[64700, 6270, 92118, 84259, 88648, 5788, 31374, 87226, 56983, 5294]"
112271,"[72803, 102873, 82325, 27823, 37275, 61410, 37206, 57456, 62653, 50937]"
112272,"[14606, 53670, 33160, 89141, 4629, 54655, 79468, 45212, 76183, 17795]"
112273,"[44864, 72123, 100777, 7823, 86258, 34885, 76425, 9538, 98283, 37955]"
112274,"[44195, 21161, 107162, 2054, 96645, 102215, 38361, 39649, 49905, 105853]"
112275,"[49788, 40462, 1362, 69308, 10774, 26828, 67488, 29763, 36988, 56420]"
112276,"[106046, 82293, 64898, 58698, 70287, 65324, 39586, 45694, 43487, 46295]"
112277,"[49134, 32059, 18228, 50489, 11835, 41318, 70223, 15536, 85557, 68335]"
112278,"[99634, 71010, 7546, 30925, 79605, 91445, 67621, 24248, 58996, 34813]"
112279,"[53906, 68500, 82743, 29478, 14495, 92623, 93176, 47424, 109752, 70578]"
112280,"[50120, 53024, 99342, 2401, 54279, 7197, 50848, 94813, 75963, 76724]"
112281,"[38690, 33174, 83904, 99987, 21607, 68077, 88442, 55044, 104585, 15413]"
112282,"[24839, 73160, 89317, 61963, 12021, 90074, 14719, 46381, 5236, 107338]"
112283,"[44493, 25738, 38838, 62231, 85160, 76099, 83466, 18386, 68243, 75420]"
112284,"[30394, 37751, 13598, 74122, 99788, 85263, 64186, 60505, 16609, 36621]"
112285,"[72487, 39195, 85372, 25408, 80261, 96824, 95004, 87756, 12104, 72520]"
112286,"[15814, 28312, 725, 46906, 21017, 51356, 47903, 97260, 7141, 50521]"
112287,"[38858, 89185, 8741, 56535, 27724, 85076, 104513, 62851, 32999, 27983]"
112288,"[11391, 391, 5192, 17615, 21508, 18808, 47335, 61102, 46864, 31646]"
112289,"[108959, 58794, 50890, 14305, 72576, 73726, 54618, 32291, 81866, 64801]"
112290,"[75940, 54926, 89757, 21194, 59535, 26197, 87518, 12834, 10052, 89109]"
112291,"[69550, 62300, 23362, 2301, 107605, 57262, 97818, 60323, 51961, 46296]"
112292,"[26671, 30149, 95502, 68827, 108841, 1040, 34123, 78497, 30662, 64132]"
112293,"[56700, 9752, 48926, 75630, 25570, 109063, 102159, 93167, 35667, 14349]"
112294,"[67067, 40926, 1285, 364, 47070, 92343, 56627, 74228, 30085, 19982]"
112295,"[95273, 44160, 3949, 23253, 8453, 35536, 49003, 35104, 41242, 25641]"
112296,"[9345, 64120, 20045, 103792, 78139, 4603, 101121, 67160, 97351, 72981]"
112297,"[61299, 105494, 47791, 82214, 86927, 8335, 81636, 90508, 62561, 62302]"
112298,"[2265, 100420, 33382, 18382, 76513, 50202, 74944, 84352, 103949, 80943]"
112299,"[107627, 33463, 12723, 90130, 79105, 44741, 4503, 92525, 64373, 87108]"
112300,"[47658, 28948, 55405, 12283, 92053, 96009, 97923, 101904, 101361, 89460]"
112301,"[105216, 70498, 34986, 38404, 89963, 59823, 113, 98560, 19150, 100404]"
112302,"[101319, 55995, 18512, 48898, 108702, 86935, 6353, 39486, 66828, 47934]"
112303,"[62934, 65681, 98256, 67422, 75531, 82804, 75281, 7696, 70348, 61716]"
112304,"[73611, 15936, 77352, 78682, 86593, 20732, 70625, 55681, 659, 9580]"
112305,"[1561, 11160, 61663, 105105, 82993, 43188, 39727, 58660, 57789, 257]"
112306,"[86998, 87319, 48904, 54971, 16015, 34665, 5347, 29602, 3347, 83119]"
112307,"[5939, 60185, 97385, 60522, 106816, 42281, 64703, 43997, 48372, 97832]"
112308,"[89301, 4996, 64081, 107111, 82481, 41767, 44836, 61302, 15833, 79672]"
112309,"[43042, 57902, 106299, 43068, 107502, 53117, 15435, 47723, 64498, 54158]"
112310,"[83379, 34985, 54837, 27731, 24231, 88550, 57307, 70464, 97981, 54122]"
112311,"[13690, 86170, 3105, 33395, 6970, 63409, 82952, 22060, 50588, 43991]"
112312,"[92468, 90778, 21396, 1055, 3462, 91856, 44431, 63629, 96743, 40252]"
112313,"[95090, 32750, 58171, 32855, 74379, 64964, 32592, 15747, 102694, 1117]"
112314,"[61808, 43472, 3809, 5111, 48112, 107447, 53084, 20130, 97667, 31082]"
112315,"[20915, 44389, 95961, 73742, 99126, 32182, 64481, 5513, 83486, 35770]"
112316,"[33246, 87492, 10841, 74885, 15928, 105342, 44156, 19175, 59657, 43292]"
112317,"[88517, 88216, 6571, 25658, 76790, 63037, 62225, 91365, 79821, 74826]"
112318,"[104792, 46997, 106564, 40034, 40817, 81836, 24324, 43158, 9054, 24548]"
112319,"[100801, 10167, 33177, 12516, 98421, 74364, 59211, 52028, 37078, 38440]"
112320,"[65473, 98793, 92034, 101637, 2213, 57294, 32678, 36372, 67713, 83322]"
112321,"[53101, 36379, 100893, 106535, 73051, 11964, 22680, 23341, 48753, 53786]"
112322,"[37820, 37293, 45402, 13553, 7100, 63390, 53173, 46933, 81906, 42221]"
112323,"[23575, 15923, 27797, 38112, 33217, 39905, 88463, 50375, 43480, 33131]"
112324,"[106325, 15349, 63941, 33189, 13692, 68794, 106562, 107213, 49124, 14836]"
112325,"[96501, 75627, 19398, 25717, 64990, 51800, 52254, 3141, 82954, 97934]"
112326,"[96358, 62555, 46132, 80595, 93437, 97821, 8188, 50486, 84667, 59573]"
112327,"[39042, 106060, 12222, 99538, 62742, 10641, 13757, 1538, 26280, 88202]"
112328,"[4664, 13411, 51046, 22493, 101230, 54520, 55161, 73763, 81960, 25016]"
112329,"[47069, 41289, 50850, 50925, 49343, 37160, 45250, 16147, 72588, 92772]"
112330,"[91257, 73623, 83873, 47229, 68896, 7643, 3823, 56661, 15416, 50595]"
112331,"[87576, 14058, 64182, 94346, 58966, 23658, 47986, 94655, 101197, 56047]"
112332,"[46468, 82557, 78867, 28, 93546, 104319, 85219, 3572, 2298, 77885]"
112333,"[55809, 46290, 35545, 13523, 106635, 19141, 49376, 100726, 636, 76345]"
112334,"[15507, 81730, 83532, 54811, 46849, 78692, 60732, 71551, 48542, 11682]"
112335,"[31780, 101361, 14034, 55591, 6948, 99169, 78911, 27706, 77110, 89040]"
112336,"[18289, 98041, 60868, 2516, 44507, 56371, 101111, 75104, 65806, 66063]"
112337,"[18677, 9404, 79170, 95741, 46979, 50800, 9810, 36571, 75600, 101164]"
112338,"[25109, 19544, 106040, 72161, 72858, 88753, 4125, 108384, 99964, 16013]"
112339,"[45089, 80297, 85113, 76319, 54815, 37960, 31904, 56583, 2750, 87406]"
112340,"[54118, 36517, 21005, 95336, 62583, 17490, 92372, 48120, 46303, 3224]"
112341,"[51277, 81971, 60348, 49984, 70879, 87270, 49089, 104408, 80773, 25195]"
112342,"[70400, 87146, 49815, 71738, 7173, 105016, 25732, 27406, 30912, 2602]"
112343,"[59475, 59629, 54959, 39525, 52366, 95888, 84341, 26496, 70041, 36166]"
112344,"[94704, 3460, 16016, 46120, 82837, 60797, 57264, 25400, 22936, 19741]"
112345,"[43702, 35268, 46398, 20856, 48919, 1925, 96719, 72734, 13906, 11937]"
112346,"[50014, 50872, 11869, 54950, 97043, 65991, 104454, 96318, 39870, 17915]"
112347,"[54178, 74693, 10146, 11640, 48669, 77324, 106221, 98387, 31319, 3939]"
112348,"[70589, 30452, 72064, 46768, 176, 31534, 14967, 87208, 37852, 25818]"
112349,"[43367, 5150, 104339, 77000, 81834, 88338, 43094, 56054, 6949, 18199]"
112350,"[55527, 55128, 96984, 96131, 2633, 15153, 98408, 38822, 51644, 4903]"
112351,"[20435, 52853, 85849, 46449, 90455, 78792, 79747, 68366, 23612, 24577]"
112352,"[98268, 73087, 51434, 67680, 34341, 104575, 72489, 41390, 34971, 45730]"
112353,"[99059, 7589, 43142, 105766, 76581, 25761, 7795, 27550, 61652, 28854]"
112354,"[43970, 45166, 49314, 44315, 109094, 32436, 39657, 2114, 107191, 25078]"
112355,"[59537, 14929, 47614, 16063, 9650, 19787, 16140, 12705, 89862, 25888]"
112356,"[16619, 23098, 16593, 42926, 26843, 34944, 62543, 64505, 44786, 39702]"
112357,"[41553, 10845, 4082, 69702, 105251, 60929, 76404, 71424, 9583, 276]"
112358,"[60575, 66964, 60781, 107287, 99760, 90062, 55561, 78441, 27341, 72903]"
112359,"[10135, 38488, 78371, 77611, 82414, 53108, 5090, 87145, 26053, 23807]"
112360,"[68900, 59818, 70069, 668, 76690, 13407, 45720, 91194, 56467, 1779]"
112361,"[91406, 14853, 77786, 34862, 50718, 19783, 46796, 2019, 17216, 1744]"
112362,"[27865, 75849, 88522, 33587, 104338, 29401, 56093, 37392, 97282, 8789]"
112363,"[51091, 69992, 39983, 94067, 57898, 28237, 59094, 100688, 60146, 101418]"
112364,"[2510, 44966, 42719, 55164, 106628, 79541, 51202, 95756, 64180, 34978]"
112365,"[9974, 47696, 3673, 8853, 95605, 77704, 15246, 109437, 6847, 5755]"
112366,"[77556, 74681, 90282, 49565, 24631, 10762, 4168, 79479, 37755, 28035]"
112367,"[45098, 35978, 188, 73654, 22129, 80392, 64258, 94474, 7458, 68365]"
112368,"[62375, 82015, 81311, 2935, 108286, 23569, 97473, 43731, 88941, 56078]"
112369,"[790, 102879, 31306, 92476, 28482, 53007, 29821, 22007, 54971, 77539]"
112370,"[22624, 87554, 17328, 108539, 49865, 50563, 99850, 39545, 78902, 3074]"
112371,"[87058, 92899, 95322, 102442, 57347, 20755, 95410, 53751, 32177, 230]"
112372,"[91013, 26204, 103400, 78003, 76038, 38030, 101393, 67142, 52027, 71249]"
112373,"[1053, 98995, 74937, 10551, 14626, 25608, 144, 96237, 59032, 62028]"
112374,"[2711, 11453, 77256, 52918, 106259, 24278, 52922, 98506, 90602, 96322]"
112375,"[44453, 97346, 27030, 76750, 82750, 91190, 32331, 7066, 13971, 88525]"
112376,"[82169, 43082, 93325, 1547, 97895, 46529, 93251, 106308, 86259, 64837]"
112377,"[42580, 29723, 50555, 2869, 89041, 2686, 15280, 26444, 51572, 74239]"
112378,"[29300, 13949, 54724, 30553, 42862, 9839, 17121, 71918, 60754, 31251]"
112379,"[93275, 20358, 40706, 82812, 50846, 990, 41635, 5764, 64940, 24466]"
112380,"[61398, 83418, 36756, 14963, 30858, 78322, 48730, 57865, 94512, 85443]"
112381,"[12654, 64099, 33857, 107702, 105210, 65316, 106222, 44625, 65448, 89575]"
112382,"[16017, 68744, 88111, 78529, 108859, 19345, 33418, 92566, 92927, 58065]"
112383,"[97130, 64874, 67458, 81549, 52942, 10627, 108298, 85201, 23492, 104330]"
112384,"[49263, 86385, 33361, 65935, 75515, 104279, 80076, 82416, 103416, 30523]"
112385,"[7137, 3574, 12252, 92444, 63841, 46162, 82844, 88551, 68259, 4375]"
112386,"[30804, 6195, 17237, 3825, 49553, 18523, 53529, 77587, 104577, 86166]"
112387,"[63762, 10575, 66535, 26134, 104153, 6257, 58035, 993, 60289, 16504]"
112388,"[6067, 70515, 98248, 92134, 74971, 64572, 34077, 13283, 39666, 31071]"
112389,"[10243, 70487, 98376, 57536, 108451, 99504, 97632, 86100, 89813, 101581]"
112390,"[21291, 86244, 54718, 46595, 77049, 40986, 16933, 15725, 89010, 43278]"
112391,"[83099, 35474, 40662, 96638, 105198, 29125, 87851, 101522, 13525, 52915]"
112392,"[10708, 47166, 66574, 92097, 59486, 82885, 71954, 68387, 21964, 78168]"
112393,"[54763, 84108, 14486, 83800, 90123, 22839, 67103, 55093, 104274, 76684]"
112394,"[81081, 17572, 37492, 25829, 38273, 31989, 94805, 107110, 77146, 16160]"
112395,"[57073, 32815, 103962, 4269, 89657, 66431, 42696, 30953, 95467, 100217]"
112396,"[43299, 17442, 42591, 58452, 9370, 59920, 92490, 49208, 69857, 44261]"
112397,"[95459, 77777, 12072, 103267, 57934, 26973, 798, 93663, 56744, 55274]"
112398,"[19389, 59090, 51818, 88576, 49765, 29427, 75598, 77092, 12584, 21542]"
112399,"[45992, 38946, 95191, 26007, 16690, 52479, 42873, 87196, 30402, 45289]"
112400,"[78230, 71522, 79545, 42756, 5841, 27936, 53695, 50906, 11010, 11671]"
112401,"[12733, 27368, 107813, 89886, 37988, 59006, 86074, 108978, 34096, 103278]"
112402,"[94664, 44159, 80507, 78908, 40799, 69857, 97984, 92490, 64004, 49392]"
112403,"[58293, 18496, 46362, 49856, 88783, 45922, 85966, 51228, 75082, 88471]"
112404,"[8933, 13297, 51776, 9177, 5676, 38908, 104011, 10298, 50056, 45641]"
112405,"[540, 83118, 51908, 29761, 15437, 78232, 96149, 35702, 23823, 4621]"
112406,"[40332, 57557, 51923, 65347, 55618, 50387, 73756, 10115, 30845, 68685]"
112407,"[30517, 62884, 5965, 77625, 59633, 70598, 54569, 19, 24620, 2773]"
112408,"[58981, 95276, 81019, 109322, 99192, 37990, 24344, 89681, 58092, 49807]"
112409,"[98706, 62473, 42897, 96020, 41370, 42073, 17990, 47760, 82381, 44388]"
112410,"[29960, 85956, 45907, 24530, 39032, 3369, 84521, 2916, 23332, 55786]"
112411,"[42983, 1720, 58104, 60439, 104680, 476, 27075, 5317, 62035, 60483]"
112412,"[80214, 16281, 92993, 42134, 73228, 60295, 25043, 28753, 24351, 50013]"
112413,"[25188, 31512, 70657, 65823, 104528, 28365, 105322, 24886, 72087, 51995]"
112414,"[51496, 76637, 89745, 15692, 32717, 75973, 26022, 45206, 66168, 89999]"
112415,"[8445, 91686, 71309, 87485, 15801, 1815, 25779, 68617, 5235, 40027]"
112416,"[106871, 62105, 10552, 34084, 39081, 101265, 34238, 32120, 71345, 104348]"
112417,"[32844, 26843, 42926, 104577, 46598, 68240, 77796, 57047, 48998, 64304]"
112418,"[91390, 64058, 56443, 97897, 43640, 106719, 52342, 33228, 67203, 40530]"
112419,"[14804, 18514, 54211, 17950, 103908, 2201, 58511, 58535, 46811, 29627]"
112420,"[20451, 50135, 31886, 79452, 49031, 40927, 40888, 31314, 60587, 61201]"
112421,"[83459, 53969, 1407, 63144, 101947, 66699, 47891, 109349, 18946, 84436]"
112422,"[63195, 108295, 60274, 23947, 77750, 14390, 102738, 96264, 13401, 14442]"
112423,"[105383, 80201, 46099, 36186, 19648, 20258, 47628, 76580, 47707, 11239]"
112424,"[327, 41038, 92477, 69518, 61066, 96479, 88213, 79206, 103916, 10934]"
112425,"[46119, 2199, 109412, 100289, 48775, 21998, 66309, 108513, 39651, 81522]"
112426,"[106021, 36312, 18022, 82739, 56614, 106011, 45889, 39016, 10938, 85843]"
112427,"[74220, 97713, 104712, 1000, 24867, 93061, 11313, 59424, 11622, 22625]"
112428,"[72569, 6943, 90705, 105406, 94254, 47215, 97259, 66584, 105591, 60594]"
112429,"[46469, 36318, 7991, 39168, 16191, 23850, 7921, 75679, 4902, 602]"
112430,"[7828, 93458, 104374, 102182, 4855, 63169, 26305, 24895, 69341, 13446]"
112431,"[86015, 74844, 51557, 31962, 109723, 32666, 107240, 14699, 52329, 82035]"
112432,"[104957, 55866, 95117, 19532, 9496, 59014, 895, 41378, 27161, 46083]"
112433,"[68388, 23453, 68433, 88862, 39943, 31754, 61451, 216, 8722, 89393]"
112434,"[29124, 21815, 103538, 67412, 93672, 103575, 75540, 40521, 72720, 83500]"
112435,"[53524, 65917, 18278, 29535, 47737, 42507, 6560, 33507, 205, 2287]"
112436,"[597, 97812, 105315, 105848, 53739, 102656, 41390, 89319, 41452, 45983]"
112437,"[59331, 16283, 61945, 78084, 28778, 11330, 4361, 70645, 39361, 26031]"
112438,"[94416, 43917, 64746, 46948, 11130, 90485, 38191, 41332, 38490, 33101]"
112439,"[15696, 102273, 100999, 94914, 6994, 103899, 37137, 98067, 40368, 11463]"
112440,"[59837, 38865, 101299, 41464, 41415, 18811, 18923, 15010, 38486, 82389]"
112441,"[55884, 81378, 87626, 4165, 90408, 44849, 21130, 53742, 54365, 79418]"
112442,"[46244, 34960, 15069, 41440, 48692, 101707, 60631, 1817, 13341, 8039]"
112443,"[107495, 34329, 68862, 55026, 85748, 104337, 98362, 71765, 29675, 55080]"
112444,"[10633, 85276, 88651, 17857, 98535, 51622, 102153, 43790, 759, 69523]"
112445,"[89734, 40754, 78536, 1747, 78043, 42011, 38085, 1856, 18554, 108621]"
112446,"[4171, 47940, 79486, 32675, 64264, 57857, 5581, 17705, 26247, 70596]"
112447,"[83489, 83086, 69563, 86988, 29907, 7924, 6766, 104212, 106167, 5870]"
112448,"[4545, 100585, 71681, 67439, 85315, 94977, 49874, 20393, 89263, 54074]"
112449,"[7623, 67536, 94273, 5436, 36085, 11687, 57065, 24872, 58041, 56127]"
112450,"[26288, 11981, 91120, 69049, 95656, 4570, 1829, 21886, 83576, 8549]"
112451,"[58244, 7837, 14623, 46887, 93684, 7038, 84727, 41509, 23437, 81770]"
112452,"[19539, 47149, 18911, 4718, 50211, 30933, 101370, 106213, 40434, 83870]"
112453,"[34060, 60733, 95688, 74919, 68985, 46041, 61986, 89058, 86764, 11716]"
112454,"[91731, 98890, 40321, 30862, 89317, 108479, 58964, 74512, 5519, 30750]"
112455,"[93414, 4, 3083, 30019, 12925, 109025, 94382, 20284, 71000, 7423]"
112456,"[92856, 104709, 631, 21588, 4531, 59631, 2246, 74499, 14432, 82082]"
112457,"[84725, 40311, 88792, 7434, 98388, 57632, 23825, 21613, 46586, 94762]"
112458,"[86391, 12202, 36629, 13108, 56923, 73538, 108866, 79499, 24810, 98792]"
112459,"[56844, 77138, 30871, 91362, 3056, 12640, 8335, 18488, 8785, 48124]"
112460,"[87760, 100512, 1988, 97708, 87068, 85009, 16030, 86118, 40471, 77563]"
112461,"[46561, 32510, 34836, 24688, 9550, 107954, 15814, 2974, 8009, 42177]"
112462,"[53473, 51679, 60632, 88288, 75830, 27991, 30374, 31525, 51002, 36356]"
112463,"[87457, 24314, 37915, 47370, 94642, 108716, 92262, 108354, 26521, 91996]"
112464,"[69371, 82246, 33924, 94507, 47634, 6833, 21963, 108677, 55119, 5427]"
112465,"[64287, 86303, 95556, 50480, 40172, 93062, 56116, 62753, 63409, 6292]"
112466,"[34066, 48618, 91458, 56494, 53331, 37097, 109208, 104983, 104556, 47500]"
112467,"[70947, 92455, 91753, 108299, 69975, 22239, 28340, 94220, 28209, 6779]"
112468,"[47862, 106713, 73135, 83977, 59400, 61657, 84452, 54646, 62661, 3190]"
112469,"[64947, 90539, 52773, 54601, 66436, 16183, 54614, 19920, 36063, 2015]"
112470,"[6169, 29970, 93360, 100844, 31338, 29951, 53833, 24143, 85458, 79995]"
112471,"[101473, 105012, 45688, 72463, 96477, 74149, 33847, 32446, 105849, 75623]"
112472,"[62764, 52061, 7678, 38022, 90973, 88452, 41136, 38055, 71055, 72560]"
112473,"[35476, 55031, 8001, 89515, 94765, 72822, 78090, 22003, 41523, 95134]"
112474,"[15974, 22914, 102372, 86653, 103240, 83375, 88963, 67572, 44707, 1062]"
112475,"[59325, 23212, 26783, 35766, 93078, 11460, 45618, 13045, 7154, 49398]"
112476,"[96015, 95047, 65658, 65107, 58435, 75381, 98378, 90115, 3638, 100066]"
112477,"[17736, 11497, 4603, 93111, 44123, 436, 91916, 14272, 14975, 40452]"
112478,"[99217, 4970, 85349, 47324, 5013, 26243, 4390, 44857, 47222, 20565]"
112479,"[14573, 66072, 64632, 13295, 107844, 78152, 19501, 53438, 32560, 93612]"
112480,"[106131, 70667, 27686, 96195, 15452, 90884, 11427, 22962, 104959, 64509]"
112481,"[432, 12168, 87724, 46887, 53306, 25187, 38348, 4948, 25592, 81917]"
112482,"[108598, 85964, 58047, 22499, 2326, 32586, 88056, 9861, 66883, 21726]"
112483,"[89641, 34929, 23060, 42271, 81057, 65483, 16970, 44872, 26268, 99530]"
112484,"[75640, 39374, 55730, 2550, 47698, 45708, 10121, 20605, 11751, 94799]"
112485,"[81169, 78444, 44031, 29876, 56912, 35314, 40202, 47520, 11918, 78770]"
112486,"[71964, 18635, 100853, 70427, 87527, 85796, 77070, 60837, 79425, 68634]"
112487,"[80219, 26462, 56768, 108799, 26292, 104130, 82256, 58585, 55066, 105238]"
112488,"[82736, 53342, 31641, 42402, 105341, 25948, 36944, 13100, 3340, 31649]"
112489,"[109137, 96271, 38114, 80232, 4761, 69680, 44809, 48869, 56238, 51349]"
112490,"[76509, 84991, 5026, 94444, 22037, 108278, 2995, 28532, 63028, 42382]"
112491,"[77735, 55483, 41562, 64406, 77734, 28956, 49808, 6751, 42500, 22184]"
112492,"[60583, 50527, 68878, 75149, 72855, 21852, 42661, 10412, 29636, 21115]"
112493,"[57686, 12122, 103256, 31247, 43643, 1456, 53276, 58365, 40861, 43698]"
112494,"[70351, 54323, 36831, 82049, 50399, 99854, 77942, 106838, 68539, 82954]"
112495,"[74529, 42113, 109007, 31889, 51543, 75589, 65526, 95430, 94421, 9518]"
112496,"[799, 4724, 64254, 36839, 66011, 36734, 56813, 31445, 4601, 44991]"
112497,"[3478, 12979, 73109, 108055, 67901, 38906, 56120, 92610, 71534, 47426]"
112498,"[64835, 57932, 107431, 60548, 3265, 41915, 92947, 44793, 98399, 18455]"
112499,"[35371, 80409, 33463, 107627, 44741, 77755, 94420, 64373, 77344, 4503]"
112500,"[86292, 72540, 49976, 1732, 106781, 69229, 45170, 74669, 95398, 70277]"
112501,"[103125, 89953, 103949, 84352, 4998, 69924, 94975, 28744, 60338, 1827]"
112502,"[105398, 70817, 42225, 66331, 100714, 2392, 26321, 14021, 91687, 97777]"
112503,"[74908, 99015, 32305, 22332, 12050, 73312, 69389, 33899, 880, 105619]"
112504,"[107405, 46609, 63889, 30388, 96253, 38359, 67624, 10819, 109734, 71963]"
112505,"[65376, 87246, 92284, 25860, 14971, 40498, 85835, 8934, 76712, 678]"
112506,"[26538, 5526, 93607, 86461, 79465, 14661, 77231, 51704, 103891, 44435]"
112507,"[33935, 107873, 89629, 69506, 51924, 5967, 29386, 69676, 68323, 73224]"
112508,"[106433, 47911, 47848, 79692, 98437, 101785, 70359, 44893, 45508, 51631]"
112509,"[100955, 69438, 23261, 99913, 56134, 79920, 60496, 69501, 18691, 27079]"
112510,"[85332, 97892, 91789, 54883, 78494, 98996, 30692, 88186, 67278, 21835]"
112511,"[81897, 97970, 40421, 36469, 51564, 53442, 63772, 8697, 17325, 104073]"
112512,"[42302, 58790, 89305, 49955, 72755, 92303, 95753, 22366, 99203, 74415]"
112513,"[95441, 6224, 93723, 55317, 108426, 57000, 48492, 84360, 44731, 91204]"
112514,"[13493, 19166, 49836, 98873, 7790, 105379, 27573, 75241, 22708, 61465]"
112515,"[16667, 18371, 81249, 63897, 31356, 95577, 40976, 7387, 58473, 74345]"
112516,"[94016, 60797, 62698, 36369, 58759, 75904, 47892, 197, 3460, 19333]"
112517,"[93710, 46375, 89468, 47162, 4012, 97390, 18878, 20296, 87299, 109467]"
112518,"[78193, 30654, 46482, 81146, 76059, 64625, 66317, 33356, 15396, 36590]"
112519,"[33610, 738, 93164, 46778, 24407, 51785, 4201, 39626, 105792, 3290]"
112520,"[7158, 98753, 99562, 68977, 83599, 5056, 45759, 86530, 42155, 93899]"
112521,"[55670, 90184, 6073, 38864, 22142, 109190, 46179, 94008, 52732, 31733]"
112522,"[11251, 105364, 102815, 78444, 20567, 79135, 81169, 100783, 49769, 51648]"
112523,"[107846, 31038, 89690, 56325, 11950, 28846, 93692, 20461, 45937, 106967]"
112524,"[56233, 87170, 67, 36752, 86349, 40911, 13479, 77026, 77061, 34588]"
112525,"[99523, 64055, 30610, 13564, 83640, 536, 98851, 73925, 25871, 61873]"
112526,"[66329, 88397, 97769, 99706, 85753, 96984, 48030, 61415, 2484, 90588]"
112527,"[78586, 74774, 81903, 25405, 11403, 31487, 41058, 9309, 63845, 5520]"
112528,"[17028, 94969, 1150, 105266, 20609, 85552, 101574, 79596, 54150, 84147]"
112529,"[35170, 48338, 71350, 97560, 82425, 108047, 24799, 73259, 84349, 16330]"
112530,"[108186, 44004, 52417, 94540, 72904, 32208, 40600, 94602, 87481, 45345]"
112531,"[86172, 59791, 81977, 57554, 37450, 4411, 15962, 93392, 30850, 31567]"
112532,"[62015, 108008, 3475, 88743, 32753, 69778, 72955, 97548, 8910, 78020]"
112533,"[40628, 30098, 16849, 35989, 21313, 10714, 109233, 24766, 28248, 54327]"
112534,"[28106, 84744, 31888, 53210, 13608, 44437, 15645, 101692, 41481, 40346]"
112535,"[109538, 81728, 11460, 51922, 96659, 26517, 84514, 101421, 16505, 45618]"
112536,"[11040, 84675, 25683, 32626, 75637, 31147, 109131, 108100, 80840, 18301]"
112537,"[28082, 17701, 48215, 42890, 2167, 102647, 35008, 7191, 42252, 103236]"
112538,"[46597, 98123, 22843, 109577, 27779, 59223, 90998, 48890, 105239, 103829]"
112539,"[92787, 8016, 20011, 5055, 36223, 39500, 93890, 60110, 92492, 64754]"
112540,"[75240, 37720, 102298, 4976, 93290, 90607, 66526, 17258, 73968, 49317]"
112541,"[74560, 81461, 12923, 96732, 42637, 76197, 43568, 67857, 90435, 98467]"
112542,"[30633, 88252, 32075, 26614, 67981, 22579, 652, 37217, 1032, 106322]"
112543,"[63887, 57482, 82762, 12992, 89238, 3427, 51016, 21442, 90894, 41062]"
112544,"[20893, 108778, 31279, 48418, 80741, 97779, 86382, 6246, 95667, 8927]"
112545,"[45740, 24594, 2402, 57218, 94090, 70333, 2410, 66414, 37038, 78085]"
112546,"[26668, 90928, 71043, 45018, 98519, 65170, 73098, 109332, 65232, 83656]"
112547,"[62478, 81585, 99238, 27428, 1628, 11958, 17808, 24757, 46372, 30680]"
112548,"[1667, 915, 47186, 106662, 107500, 107625, 18, 89773, 56195, 94651]"
112549,"[66697, 14721, 23202, 95552, 6590, 76869, 28094, 90082, 31754, 93530]"
112550,"[38853, 21610, 87939, 52056, 11507, 108722, 60418, 63322, 25413, 35807]"
112551,"[65452, 60914, 38669, 49171, 80580, 103569, 30343, 95512, 47632, 40879]"
112552,"[11441, 35687, 46851, 87174, 94527, 18844, 32394, 57033, 10540, 63308]"
112553,"[61827, 63039, 45678, 47255, 77439, 12161, 58586, 91759, 55936, 35309]"
112554,"[79228, 3446, 3501, 4432, 30293, 53065, 100310, 5365, 74751, 57842]"
112555,"[69983, 78267, 30907, 50506, 54058, 92169, 62077, 92434, 84466, 42272]"
112556,"[6135, 63470, 3509, 76663, 49446, 30947, 25000, 82286, 47100, 95352]"
112557,"[23051, 85418, 88435, 95225, 94969, 48976, 79596, 106174, 44414, 59024]"
112558,"[94242, 99754, 95645, 43527, 43444, 83880, 39466, 85001, 75414, 22102]"
112559,"[76995, 16099, 58578, 47970, 71889, 74480, 8639, 70744, 33415, 39450]"
112560,"[64094, 84393, 21670, 47721, 75303, 8622, 50260, 58866, 82339, 39984]"
112561,"[68247, 9460, 1003, 38655, 98674, 3243, 48742, 43514, 38004, 15766]"
112562,"[38924, 84745, 93408, 4784, 45992, 52479, 52072, 16690, 3613, 95849]"
112563,"[6282, 90126, 8908, 84269, 53268, 85637, 20127, 21766, 108649, 48416]"
112564,"[92120, 73233, 30144, 71392, 98215, 32609, 32906, 28819, 83337, 93410]"
112565,"[33929, 99841, 89292, 55383, 94394, 99144, 2906, 31859, 96359, 16552]"
112566,"[60144, 74124, 19605, 32741, 93485, 48140, 44173, 90058, 11180, 36788]"
112567,"[52646, 104345, 104873, 47620, 25584, 58054, 67100, 62964, 21338, 39463]"
112568,"[75892, 107855, 49395, 108111, 27002, 94589, 72020, 5979, 55864, 104947]"
112569,"[23486, 4004, 3842, 101040, 109340, 99877, 37434, 17848, 21303, 55704]"
112570,"[30662, 95502, 46389, 45466, 39557, 83898, 101146, 59427, 58563, 26671]"
112571,"[63699, 3135, 101989, 40332, 57557, 39408, 90924, 99661, 92313, 84160]"
112572,"[93922, 36597, 103965, 72239, 54946, 45352, 58640, 16961, 102349, 30881]"
112573,"[7245, 58848, 52954, 106021, 106094, 28519, 46043, 100718, 89377, 19864]"
112574,"[58449, 58419, 82492, 34176, 71421, 44307, 696, 101379, 72226, 34884]"
112575,"[85282, 32761, 1609, 73624, 91502, 91455, 17988, 96855, 62451, 44979]"
112576,"[19532, 19981, 47499, 27823, 50358, 46226, 70816, 62568, 46080, 15754]"
112577,"[71872, 48536, 1627, 13873, 97098, 4867, 47342, 22774, 52764, 103321]"
112578,"[45037, 92679, 5531, 98146, 108382, 6166, 98979, 96980, 32415, 34284]"
112579,"[55089, 72159, 2964, 12774, 2274, 5896, 38395, 61838, 3758, 33461]"
112580,"[41013, 5409, 13239, 108481, 27869, 15344, 93519, 50261, 80872, 73387]"
112581,"[2778, 56487, 57921, 61548, 40445, 7005, 34480, 34953, 107741, 68897]"
112582,"[10835, 346, 92067, 14074, 15566, 2819, 23968, 51697, 50066, 6304]"
112583,"[18427, 81293, 93224, 10878, 79621, 17022, 22012, 23197, 1380, 96747]"
112584,"[50775, 10961, 104670, 81026, 76799, 30406, 42515, 72749, 5460, 105410]"
112585,"[79822, 34151, 72797, 83502, 39104, 34636, 46812, 3502, 95399, 86425]"
112586,"[11229, 105950, 10283, 55870, 28651, 50744, 78069, 26578, 56176, 8293]"
112587,"[80442, 4479, 41694, 83014, 7602, 65380, 80726, 106461, 103369, 23500]"
112588,"[89927, 29875, 95647, 8446, 8109, 57696, 74497, 68754, 92435, 26537]"
112589,"[40263, 96872, 21680, 3550, 15997, 784, 42516, 45634, 86138, 109676]"
112590,"[109744, 25136, 60653, 23695, 87979, 30218, 48806, 8951, 26366, 6792]"
112591,"[16060, 105603, 13200, 68633, 65144, 45257, 52685, 67149, 83400, 74886]"
112592,"[57182, 66045, 33766, 78455, 70613, 74098, 28888, 44865, 8365, 41338]"
112593,"[50281, 63725, 109630, 68570, 100837, 87604, 49832, 23114, 30806, 614]"
112594,"[35525, 31267, 50220, 63434, 2349, 108895, 61020, 54433, 67538, 57487]"
112595,"[20468, 38570, 17158, 51716, 2307, 73963, 4309, 56375, 9382, 50381]"
112596,"[42768, 74397, 1690, 67987, 45071, 97486, 7324, 40836, 2183, 72425]"
112597,"[80573, 59254, 20702, 24600, 108334, 23146, 26169, 44458, 26173, 75540]"
112598,"[66038, 46783, 27497, 88813, 57459, 56584, 107610, 31216, 47530, 74091]"
112599,"[82454, 26314, 28846, 14158, 57059, 31038, 11950, 41085, 98229, 93692]"
112600,"[109353, 85238, 13056, 96634, 49491, 20428, 103499, 2285, 56215, 54740]"
112601,"[106184, 44604, 93891, 17068, 82941, 23723, 74874, 104884, 8301, 17879]"
112602,"[88079, 60867, 70714, 40443, 93133, 25868, 12526, 102586, 2355, 93352]"
112603,"[104721, 18071, 10291, 30561, 45978, 41417, 78881, 28584, 104102, 59126]"
112604,"[73987, 62812, 38043, 94882, 84887, 19067, 66666, 67482, 20930, 40545]"
112605,"[44913, 47687, 13094, 107508, 24980, 109570, 26885, 86654, 94490, 55836]"
112606,"[21779, 81708, 102817, 3279, 28895, 70358, 44648, 39582, 47070, 40926]"
112607,"[50131, 103949, 56315, 8194, 30952, 34257, 75675, 50916, 23080, 8825]"
112608,"[63098, 100511, 7399, 94449, 36251, 9319, 65409, 29232, 44145, 85490]"
112609,"[43461, 37410, 37005, 73468, 51589, 32759, 51350, 37114, 33817, 96171]"
112610,"[57635, 75631, 55143, 62358, 54684, 79470, 84110, 83889, 70809, 44266]"
112611,"[47507, 54728, 63879, 72662, 94528, 65139, 37234, 11234, 1174, 60]"
112612,"[37514, 1482, 105529, 92500, 25482, 62092, 22759, 54851, 34038, 31900]"
112613,"[16754, 100171, 107037, 38168, 100659, 81053, 1977, 72653, 7966, 31530]"
112614,"[77113, 29722, 42589, 74119, 27953, 107968, 108945, 38596, 84993, 26514]"
112615,"[88448, 78246, 88639, 67993, 40467, 71678, 66559, 3168, 73431, 102795]"
112616,"[11211, 38218, 57123, 13766, 37091, 16881, 79793, 46728, 92971, 74514]"
112617,"[62491, 28322, 43361, 94274, 77479, 100083, 22507, 47841, 31012, 103025]"
112618,"[7084, 68212, 27753, 88890, 80091, 79649, 71609, 14179, 48747, 27310]"
112619,"[55879, 102311, 37750, 81695, 66489, 9944, 33618, 66830, 73020, 69003]"
112620,"[103534, 21395, 100941, 16819, 108977, 59744, 35856, 99039, 93951, 27050]"
112621,"[31187, 26518, 103264, 63728, 42464, 5201, 60815, 40284, 92811, 64758]"
112622,"[54265, 91378, 22231, 41579, 28645, 102442, 49185, 13678, 2798, 47315]"
112623,"[46710, 14762, 19593, 79046, 57893, 11555, 103433, 40, 17072, 47392]"
112624,"[54321, 4836, 107673, 80756, 46956, 28936, 64311, 4736, 71392, 32609]"
112625,"[89159, 36839, 61091, 62346, 6423, 74113, 56479, 88254, 93481, 107809]"
112626,"[62358, 30776, 101173, 75631, 13675, 79470, 83889, 70809, 84278, 64173]"
112627,"[6046, 34902, 359, 15299, 93196, 41954, 89604, 22840, 65648, 66322]"
112628,"[63267, 87033, 53911, 82702, 101185, 3100, 36362, 17220, 81052, 48563]"
112629,"[85150, 86547, 31167, 44147, 101715, 54292, 65441, 58577, 76374, 92429]"
112630,"[17760, 32284, 96772, 104009, 91385, 48074, 88291, 104369, 67639, 62100]"
112631,"[1205, 28183, 99825, 62614, 35180, 35938, 27761, 82441, 41008, 39359]"
112632,"[89243, 55885, 37499, 68331, 63297, 29390, 94086, 14178, 103762, 88176]"
112633,"[52228, 69182, 26824, 79090, 46441, 28292, 30423, 3548, 20785, 73745]"
112634,"[50605, 20885, 8556, 49527, 6469, 42340, 10315, 96721, 106261, 25326]"
112635,"[7923, 90264, 86478, 3139, 19994, 34788, 55641, 101738, 32733, 16717]"
112636,"[85574, 63107, 51458, 9163, 80632, 53624, 50087, 84788, 92465, 6182]"
112637,"[88209, 60232, 68179, 48514, 58565, 9628, 46307, 74850, 11237, 71790]"
112638,"[81626, 105677, 6462, 22130, 81654, 5330, 18751, 99516, 88494, 20995]"
112639,"[72021, 13742, 275, 56305, 16893, 13868, 74139, 85051, 226, 9386]"
112640,"[88569, 49687, 67309, 108485, 73821, 32073, 13100, 80036, 5130, 17583]"
112641,"[72311, 105225, 42271, 57514, 41107, 107696, 85850, 83590, 103686, 81057]"
112642,"[39117, 87134, 11577, 60579, 35901, 37897, 16684, 44661, 13816, 72659]"
112643,"[87531, 55919, 61485, 6303, 78072, 39178, 8813, 96983, 34696, 92581]"
112644,"[73857, 78282, 14763, 107459, 98364, 61832, 96238, 240, 61271, 25684]"
112645,"[98578, 94392, 44836, 57268, 56543, 13540, 30240, 53301, 95720, 70406]"
112646,"[97351, 46211, 91107, 12347, 2489, 35320, 105021, 91658, 14975, 106332]"
112647,"[54221, 58469, 82654, 90696, 85947, 72049, 84052, 67263, 64947, 93778]"
112648,"[52711, 71052, 5396, 37186, 77987, 60249, 63726, 55934, 58779, 1810]"
112649,"[46868, 92491, 22461, 102384, 20255, 66264, 73725, 99970, 78866, 78637]"
112650,"[42284, 12232, 44033, 17425, 16725, 89758, 63978, 22578, 92256, 80274]"
112651,"[104751, 75096, 16945, 63250, 52461, 36773, 17370, 87476, 69261, 98148]"
112652,"[46935, 48825, 83167, 36095, 24326, 29201, 55011, 73950, 31253, 18417]"
112653,"[65904, 95003, 26929, 65650, 35059, 49957, 60905, 38630, 85525, 102797]"
112654,"[30958, 74222, 62116, 95929, 31103, 62050, 56192, 73384, 6582, 101283]"
112655,"[2455, 68548, 20137, 15712, 55719, 58335, 2818, 80053, 80096, 32618]"
112656,"[90084, 66447, 12053, 27936, 46096, 40772, 96780, 33706, 26405, 85720]"
112657,"[77643, 103330, 62649, 82719, 20108, 15627, 45206, 26022, 48398, 84255]"
112658,"[78775, 7153, 105039, 61234, 51813, 74067, 102899, 74591, 13087, 13872]"
112659,"[48270, 2363, 106283, 8259, 61310, 46780, 31599, 41212, 40729, 38606]"
112660,"[91024, 78680, 59701, 108062, 25080, 9401, 100317, 77727, 102968, 1678]"
112661,"[94814, 11954, 10002, 90105, 27136, 30010, 55800, 107990, 65983, 40386]"
112662,"[43227, 5005, 4423, 28427, 10778, 8992, 30182, 4931, 88513, 61457]"
112663,"[34342, 100741, 91421, 46898, 605, 19645, 70172, 18833, 12528, 19112]"
112664,"[104250, 66585, 12132, 81707, 81521, 93721, 96240, 99868, 37057, 70483]"
112665,"[104031, 44313, 88074, 21530, 67074, 72774, 66977, 105234, 55834, 62523]"
112666,"[108443, 32767, 84516, 71285, 94185, 51150, 87896, 103511, 96741, 86454]"
112667,"[77269, 101059, 61903, 103146, 75247, 88380, 23732, 57315, 102268, 20562]"
112668,"[35038, 98755, 42997, 46428, 4509, 62877, 34958, 13774, 79766, 24510]"
112669,"[10966, 41420, 15847, 30936, 41831, 77781, 64984, 43617, 45557, 86694]"
112670,"[17257, 416, 55072, 72122, 59559, 105525, 37649, 101013, 58009, 32890]"
112671,"[26509, 95189, 48146, 94379, 51749, 25668, 78875, 7974, 33156, 9506]"
112672,"[28060, 63598, 20125, 93981, 28159, 75728, 129, 92843, 100046, 3638]"
112673,"[31456, 20738, 75146, 93504, 25293, 17907, 27274, 33648, 27897, 77312]"
112674,"[52401, 42286, 86537, 49538, 49840, 102354, 8933, 103534, 67568, 19617]"
112675,"[84442, 22674, 99086, 73075, 51041, 16977, 74250, 955, 60410, 101566]"
112676,"[64640, 17509, 73044, 72758, 65816, 74836, 65512, 49178, 58726, 105965]"
112677,"[102970, 17189, 109701, 106199, 21190, 28932, 19299, 45754, 64272, 95141]"
112678,"[15076, 16780, 58660, 18266, 18606, 38951, 62580, 38417, 15817, 77670]"
112679,"[30424, 75821, 16062, 93237, 103481, 78981, 34407, 41441, 71662, 18402]"
112680,"[50773, 90866, 86954, 106237, 53364, 88130, 50746, 33168, 67162, 100692]"
112681,"[23179, 86075, 28790, 50214, 36477, 52568, 104864, 69662, 83254, 17075]"
112682,"[56917, 15459, 99105, 101172, 14973, 82605, 15183, 21019, 92643, 71854]"
112683,"[53077, 8458, 57130, 36379, 48637, 4379, 51489, 108829, 48696, 48753]"
112684,"[103196, 61736, 100833, 78979, 87216, 60715, 94898, 64104, 71483, 6048]"
112685,"[106204, 9665, 69939, 6832, 21943, 92238, 90425, 32998, 102973, 9477]"
112686,"[63543, 85274, 6239, 33180, 308, 69701, 2582, 69914, 92690, 70547]"
112687,"[87326, 89727, 49228, 47444, 28844, 30619, 25406, 6671, 57804, 69922]"
112688,"[75315, 11357, 86008, 18251, 78623, 38572, 33517, 98289, 99201, 3427]"
112689,"[44131, 104987, 37489, 106471, 41627, 98867, 85674, 5299, 121, 37704]"
112690,"[54532, 29425, 108127, 5987, 88973, 33419, 12657, 58550, 66078, 25264]"
112691,"[62304, 21680, 80728, 56444, 42516, 56440, 45634, 104865, 95587, 43274]"
112692,"[9520, 50946, 72173, 37734, 27860, 36161, 109522, 101693, 40922, 17002]"
112693,"[41018, 105219, 86608, 92816, 39915, 89764, 34711, 102705, 43868, 28692]"
112694,"[22921, 109166, 59213, 29859, 29637, 94340, 43867, 89053, 80066, 22398]"
112695,"[16259, 100317, 108062, 14168, 61103, 102968, 1678, 40823, 13979, 25080]"
112696,"[83902, 87917, 78001, 38925, 91706, 48591, 94646, 5431, 103278, 15981]"
112697,"[22913, 20154, 64912, 63438, 101495, 103858, 30453, 25724, 4614, 33079]"
112698,"[116, 19916, 82881, 25350, 62638, 75906, 99504, 108451, 97632, 84092]"
112699,"[17738, 66633, 73909, 102542, 83721, 91116, 55307, 71903, 32520, 90014]"
112700,"[56672, 87745, 32378, 89890, 7705, 16810, 37320, 54148, 35994, 33003]"
112701,"[72752, 18716, 2247, 19243, 26642, 39561, 62083, 13677, 35089, 98131]"
112702,"[6693, 93831, 68697, 73897, 33268, 1962, 107433, 75966, 21364, 18759]"
112703,"[42132, 75990, 60730, 94695, 25206, 5359, 108914, 93082, 100554, 81500]"
112704,"[84550, 36456, 108272, 55521, 49607, 8620, 46920, 90163, 16632, 39809]"
112705,"[38838, 69751, 25738, 1725, 56122, 50992, 107506, 85280, 44698, 44493]"
112706,"[12667, 20527, 30725, 49960, 96178, 26933, 60761, 103793, 52840, 92921]"
112707,"[33504, 88720, 15677, 96210, 29946, 76877, 79657, 9258, 28516, 100750]"
112708,"[49564, 57071, 17845, 35640, 10674, 65091, 58150, 87451, 72151, 72406]"
112709,"[67544, 81079, 13158, 94136, 15067, 7643, 40571, 99462, 61041, 78914]"
112710,"[58294, 56888, 33973, 93558, 38067, 32069, 88495, 72654, 50137, 27485]"
112711,"[1272, 49474, 98717, 104125, 33803, 35510, 53249, 25975, 91653, 17431]"
112712,"[105681, 103670, 76402, 70505, 38777, 106060, 13757, 17464, 92867, 25815]"
112713,"[67572, 15974, 47299, 75079, 51224, 49445, 24956, 86653, 83375, 73010]"
112714,"[13669, 100798, 43132, 82956, 53127, 17675, 60546, 17635, 2573, 67480]"
112715,"[58145, 104174, 38387, 52555, 97695, 4765, 76957, 16098, 55781, 32646]"
112716,"[50949, 73423, 87023, 104395, 86257, 98551, 65989, 27906, 47523, 47066]"
112717,"[6802, 57103, 62957, 83372, 36110, 31840, 65427, 104635, 25771, 22113]"
112718,"[20677, 108626, 7708, 89997, 41872, 89089, 35001, 43033, 105042, 10639]"
112719,"[4256, 39609, 43475, 92646, 57761, 103168, 56386, 43144, 59516, 74963]"
112720,"[35051, 37359, 627, 48500, 70875, 99010, 16875, 26797, 32248, 10941]"
112721,"[70121, 27110, 6225, 33014, 100371, 38867, 106096, 108064, 30129, 6038]"
112722,"[23816, 97686, 69820, 48275, 31974, 22961, 41491, 8851, 79419, 79400]"
112723,"[66190, 17502, 13680, 84789, 93142, 92584, 49500, 36537, 74086, 71029]"
112724,"[4537, 27794, 96903, 20871, 76152, 62198, 93727, 90508, 46640, 104235]"
112725,"[38966, 94116, 75226, 75701, 58112, 32650, 53748, 28646, 70965, 3801]"
112726,"[88587, 5426, 99248, 99300, 52275, 31107, 108241, 50471, 41941, 44392]"
112727,"[19749, 48900, 39690, 24292, 40499, 52030, 82842, 97149, 98107, 4023]"
112728,"[29852, 33111, 51912, 65494, 104053, 69269, 12234, 2130, 53250, 25051]"
112729,"[84390, 50387, 65347, 98532, 96528, 39899, 24179, 57557, 40332, 87147]"
112730,"[46984, 108088, 4345, 64540, 93845, 85303, 107637, 101395, 95043, 57272]"
112731,"[62125, 64170, 36832, 92214, 37165, 67722, 11014, 25023, 98116, 14747]"
112732,"[5166, 97391, 58736, 24485, 104910, 99090, 82569, 72129, 54261, 74439]"
112733,"[95775, 22922, 9419, 103902, 56780, 73963, 58207, 85427, 102582, 65862]"
112734,"[38336, 98108, 36969, 108889, 84240, 101593, 13503, 5184, 65456, 27258]"
112735,"[35679, 63346, 83100, 82931, 38672, 28978, 109342, 44013, 9649, 64105]"
112736,"[41065, 55921, 38610, 37932, 23225, 88634, 96364, 31972, 105250, 103312]"
112737,"[25905, 66462, 77830, 43844, 63908, 102416, 73043, 46093, 63527, 82776]"
112738,"[80967, 36578, 15369, 95649, 91082, 76621, 18645, 62460, 17613, 72409]"
112739,"[12160, 60586, 90675, 60202, 50786, 56433, 94467, 39999, 35323, 27451]"
112740,"[37392, 42220, 572, 43074, 9513, 37596, 105733, 67210, 94741, 30640]"
112741,"[62174, 72834, 5533, 12003, 92455, 1213, 28340, 69975, 94873, 23247]"
112742,"[24661, 14105, 13909, 15909, 82792, 90784, 98459, 35529, 97153, 88742]"
112743,"[49993, 14901, 56560, 86773, 66930, 104417, 100871, 29626, 48694, 4378]"
112744,"[91767, 33311, 76015, 27804, 64877, 53092, 39589, 12645, 104846, 19022]"
112745,"[39056, 54606, 96547, 53615, 61131, 85851, 78400, 93547, 101021, 101248]"
112746,"[37660, 98833, 75897, 108186, 72904, 52558, 35796, 44004, 86206, 7154]"
112747,"[95441, 62637, 24582, 99090, 104910, 59813, 73380, 59972, 107941, 52375]"
112748,"[37003, 3377, 1265, 92384, 14741, 24827, 45667, 40143, 95052, 2081]"
112749,"[31045, 92400, 80289, 9892, 11378, 58729, 6527, 44860, 89779, 88897]"
112750,"[107042, 51163, 53841, 66773, 82307, 100790, 87677, 22877, 24458, 65857]"
112751,"[77772, 99851, 8763, 106671, 100642, 44737, 47399, 44718, 90368, 94961]"
112752,"[33977, 88834, 6781, 30892, 16865, 67313, 11423, 64106, 83893, 79752]"
112753,"[27892, 2204, 70794, 10178, 23947, 102738, 46419, 63195, 60253, 108295]"
112754,"[92900, 14834, 71892, 52081, 29384, 83475, 105863, 59895, 85351, 73372]"
112755,"[12164, 17466, 79902, 61841, 98109, 6400, 28825, 54555, 50000, 101037]"
112756,"[85795, 7241, 61807, 49624, 41090, 98760, 14177, 23071, 66885, 101649]"
112757,"[99677, 105707, 33685, 27362, 36404, 52217, 30223, 25793, 45113, 89410]"
112758,"[23832, 109320, 13250, 13610, 89048, 83657, 105714, 85325, 98543, 101316]"
112759,"[20910, 50574, 33695, 38501, 64479, 26638, 10098, 44694, 57892, 2740]"
112760,"[18912, 24878, 69789, 80479, 85864, 49287, 77184, 47481, 13201, 98927]"
112761,"[82284, 86437, 77759, 40871, 20988, 44910, 49401, 24763, 49096, 100230]"
112762,"[36476, 13480, 72811, 8512, 76220, 70626, 92458, 80039, 21630, 53983]"
112763,"[83301, 3045, 75774, 66229, 34901, 7474, 9044, 51859, 29500, 44107]"
112764,"[78152, 20700, 61721, 37891, 66072, 6915, 63865, 82136, 14573, 19455]"
112765,"[49008, 31748, 90387, 31160, 39871, 48001, 70084, 12316, 33325, 69996]"
112766,"[35130, 67669, 433, 70695, 1468, 72771, 94681, 40267, 72845, 20884]"
112767,"[74714, 64500, 56953, 59785, 7673, 9649, 100805, 19688, 8774, 67038]"
112768,"[94402, 13996, 100098, 95829, 94044, 21369, 33561, 48008, 61207, 86842]"
112769,"[78410, 99863, 19153, 9409, 106057, 39499, 97198, 103812, 17461, 85416]"
112770,"[44346, 757, 105263, 9837, 45298, 35811, 92352, 59461, 103344, 101905]"
112771,"[103995, 51503, 102077, 38682, 57455, 4526, 50021, 91144, 11100, 19528]"
112772,"[63317, 86524, 34335, 27614, 46702, 47819, 58395, 35257, 5398, 12083]"
112773,"[67329, 41379, 1149, 41228, 86313, 50752, 66765, 52462, 101482, 26592]"
112774,"[40054, 11422, 79902, 86208, 37958, 87803, 109072, 70160, 61841, 40986]"
112775,"[35472, 71017, 103051, 4864, 59072, 53630, 10871, 40115, 40393, 98470]"
112776,"[83224, 10633, 1638, 85276, 82180, 48554, 17857, 84607, 7965, 80436]"
112777,"[21990, 58517, 6967, 54982, 107476, 38485, 18974, 46259, 39363, 98225]"
112778,"[23087, 109594, 109324, 109740, 66066, 80597, 36628, 54352, 60767, 76424]"
112779,"[4281, 39544, 71322, 101726, 57114, 109144, 40942, 89508, 75110, 69652]"
112780,"[19918, 99093, 89668, 42236, 56252, 57990, 80268, 3856, 34633, 6933]"
112781,"[89671, 62627, 49497, 53400, 106566, 963, 53063, 78670, 92843, 99651]"
112782,"[88730, 20709, 57435, 11576, 94144, 81648, 6207, 60430, 49295, 1576]"
112783,"[28073, 80045, 28764, 56370, 82137, 56894, 8606, 28541, 75287, 85607]"
112784,"[45476, 12114, 48888, 15506, 72389, 45547, 19275, 29249, 82050, 55015]"
112785,"[65723, 76367, 46361, 91051, 45027, 79053, 2443, 54049, 84536, 44778]"
112786,"[21437, 107443, 64088, 93523, 86131, 81201, 31823, 60433, 69108, 48007]"
112787,"[66138, 65154, 3243, 4369, 26768, 87219, 87785, 49824, 8788, 85750]"
112788,"[59048, 102188, 28460, 33612, 82595, 70165, 43483, 107808, 89916, 28296]"
112789,"[48035, 36256, 42478, 30740, 77455, 28439, 38639, 40216, 39492, 1840]"
112790,"[23728, 3182, 19415, 88240, 106757, 71844, 50471, 18118, 71750, 30818]"
112791,"[72966, 22736, 51762, 10207, 105700, 67596, 19762, 86499, 20470, 40884]"
112792,"[30703, 33629, 49907, 66296, 2264, 1024, 105684, 88736, 8410, 17613]"
112793,"[83998, 44090, 2144, 60256, 4337, 30859, 65657, 67867, 9805, 50513]"
112794,"[30094, 3601, 78679, 13812, 38219, 59030, 106479, 14877, 16796, 45303]"
112795,"[30585, 2577, 58675, 37488, 72586, 95543, 90441, 57467, 90541, 50602]"
112796,"[66821, 35778, 13623, 22388, 105374, 86165, 60215, 35065, 14866, 4533]"
112797,"[33293, 1361, 64740, 58063, 40693, 101434, 26682, 48165, 39826, 44300]"
112798,"[80639, 56565, 18568, 91815, 32363, 34611, 66206, 28083, 21341, 87435]"
112799,"[80958, 62847, 30305, 1978, 95484, 74478, 109015, 59063, 60194, 22489]"
112800,"[42323, 5188, 35922, 64251, 41542, 98612, 12193, 7629, 90880, 104100]"
112801,"[65791, 44001, 40999, 98695, 42994, 60824, 108731, 72393, 60580, 53935]"
112802,"[10821, 53469, 36908, 57266, 4008, 88555, 103141, 72133, 44911, 62317]"
112803,"[6019, 35775, 11701, 105874, 36633, 20260, 96367, 23780, 104149, 847]"
112804,"[102797, 32811, 29534, 65650, 51758, 19010, 2483, 33632, 101750, 46188]"
112805,"[9384, 54656, 55398, 21900, 19665, 101220, 32745, 14958, 60798, 70827]"
112806,"[68667, 86634, 45735, 104600, 55710, 68237, 75989, 11870, 9768, 31565]"
112807,"[94691, 107955, 52921, 60640, 66812, 27446, 27278, 63105, 102554, 25951]"
112808,"[13815, 62192, 101250, 27958, 3213, 26610, 27762, 106861, 45242, 23156]"
112809,"[106467, 65407, 1050, 28232, 58850, 38061, 7657, 102657, 98150, 21558]"
112810,"[13244, 30015, 21686, 41031, 71131, 93243, 56074, 33477, 88408, 3246]"
112811,"[38105, 108331, 24080, 105943, 103288, 6960, 94956, 68798, 75703, 23295]"
112812,"[24160, 27218, 98231, 94438, 74981, 24361, 45757, 57656, 85357, 85992]"
112813,"[75023, 57186, 14326, 63369, 30136, 8349, 83536, 8477, 62208, 57517]"
112814,"[12433, 44483, 109084, 46088, 9735, 48836, 29314, 21173, 71592, 2241]"
112815,"[30671, 50072, 88833, 5879, 40406, 95661, 46172, 70958, 91771, 76893]"
112816,"[80436, 9840, 103816, 38408, 103937, 98070, 26632, 94593, 12238, 48554]"
112817,"[84765, 43517, 8340, 80945, 40909, 54511, 56629, 31532, 57944, 29430]"
112818,"[11646, 108679, 16389, 13918, 23837, 84945, 78329, 70313, 67491, 16428]"
112819,"[45878, 85743, 27977, 15915, 31384, 67547, 58780, 57243, 5101, 30422]"
112820,"[37825, 9723, 77045, 64402, 28017, 61382, 63271, 34470, 64439, 10193]"
112821,"[8707, 34811, 11844, 35482, 56899, 103731, 52907, 58435, 82723, 3956]"
112822,"[98469, 9379, 34875, 22530, 27521, 24088, 63140, 104237, 10195, 20357]"
112823,"[23922, 35493, 63412, 58143, 50627, 52891, 37460, 70579, 38262, 76400]"
112824,"[15690, 93380, 15053, 98360, 77891, 84659, 38531, 12891, 25663, 74996]"
112825,"[44255, 77047, 54256, 35562, 16185, 44953, 65014, 51283, 44046, 21925]"
112826,"[5723, 87658, 61363, 5976, 56471, 66916, 56146, 94065, 28189, 98462]"
112827,"[99658, 12193, 7629, 60729, 2654, 106794, 64371, 82066, 67297, 14100]"
112828,"[68776, 13686, 24203, 25817, 108577, 14942, 28835, 65777, 68265, 64214]"
112829,"[88444, 54022, 43160, 16866, 18894, 101231, 108654, 103375, 109158, 58781]"
112830,"[89029, 38313, 51888, 54552, 58904, 5389, 63601, 47356, 69405, 51824]"
112831,"[22478, 26285, 59090, 88576, 75598, 21542, 49765, 49119, 56332, 54754]"
112832,"[36071, 2629, 80961, 74590, 43115, 49069, 8438, 28478, 83814, 13772]"
112833,"[108277, 24945, 27633, 69664, 73379, 23277, 59600, 33278, 41256, 61758]"
112834,"[79108, 37449, 26046, 82974, 106105, 62512, 24691, 27461, 90283, 42792]"
112835,"[6165, 66180, 25993, 3300, 76166, 43893, 18247, 51351, 31399, 47588]"
112836,"[84551, 33433, 91821, 57286, 15331, 61986, 46041, 12744, 40607, 73109]"
112837,"[36482, 28016, 94241, 87813, 105393, 65620, 108154, 94059, 65717, 17861]"
112838,"[40292, 56611, 63233, 95800, 2245, 104574, 25804, 34908, 17242, 62310]"
112839,"[41927, 78694, 76684, 55453, 38376, 13782, 61348, 33753, 48586, 26913]"
112840,"[79381, 2826, 22508, 74429, 98074, 33676, 66176, 5750, 81099, 53004]"
112841,"[80448, 34683, 67843, 55205, 61387, 36325, 34700, 29622, 65894, 102541]"
112842,"[94183, 96813, 11327, 13426, 104614, 61321, 56552, 61040, 1814, 41094]"
112843,"[108126, 43642, 79063, 107277, 96622, 39787, 96584, 48765, 78403, 94884]"
112844,"[42285, 97095, 104357, 53641, 34281, 1940, 51929, 47213, 62464, 95804]"
112845,"[89601, 50769, 24612, 2410, 45603, 3372, 98897, 64822, 32898, 3970]"
112846,"[85682, 58944, 47030, 84738, 77068, 37968, 36438, 3116, 107633, 26443]"
112847,"[57042, 109654, 81091, 85853, 58475, 15949, 80305, 17012, 37169, 42745]"
112848,"[1939, 78820, 109635, 9048, 28976, 51619, 82984, 71333, 34815, 74018]"
112849,"[60466, 60915, 9909, 15180, 73464, 20472, 101789, 90703, 38152, 100211]"
112850,"[82578, 42347, 104245, 7540, 63586, 8115, 91288, 13731, 67780, 106367]"
112851,"[66391, 51105, 5118, 4031, 67828, 87960, 66205, 48382, 61965, 7073]"
112852,"[12591, 10154, 51151, 16770, 108017, 84452, 85505, 2827, 63418, 73135]"
112853,"[66770, 98072, 45845, 57232, 107777, 38896, 54382, 99746, 99942, 11211]"
112854,"[14154, 74590, 24925, 77450, 36071, 28270, 29166, 37886, 42846, 709]"
112855,"[34837, 51416, 102250, 99685, 41488, 104745, 67402, 50230, 50402, 29730]"
112856,"[90774, 37704, 76375, 74579, 7375, 19793, 98654, 107488, 25694, 60159]"
112857,"[8583, 91431, 74268, 30163, 49556, 102047, 71406, 27502, 68384, 11345]"
112858,"[25729, 80301, 61667, 68293, 56751, 33147, 56395, 40042, 88644, 45698]"
112859,"[46164, 25882, 5892, 87188, 36978, 85695, 60145, 62749, 81888, 91383]"
112860,"[100189, 103109, 46831, 27478, 99057, 101608, 39911, 46605, 17520, 86015]"
112861,"[72646, 81217, 45712, 43366, 30205, 87452, 25670, 95406, 66145, 21424]"
112862,"[73885, 82021, 66162, 12534, 36002, 50733, 84417, 64425, 82818, 23517]"
112863,"[39313, 59200, 8980, 30534, 7857, 93288, 47797, 39864, 65582, 60907]"
112864,"[97867, 79384, 95310, 69542, 92822, 44123, 96982, 95885, 34175, 21773]"
112865,"[35628, 74143, 84085, 40132, 22314, 101657, 69317, 81743, 33738, 102687]"
112866,"[34647, 12976, 13890, 12576, 90738, 55538, 12578, 60860, 15514, 5953]"
112867,"[56764, 24065, 87528, 73143, 10945, 14052, 28850, 29737, 21635, 60531]"
112868,"[92196, 80148, 63707, 30733, 34160, 103819, 45052, 95705, 91717, 18742]"
112869,"[37992, 78362, 11444, 79732, 102379, 75965, 68379, 96607, 66632, 32029]"
112870,"[59127, 80386, 29570, 71065, 26355, 61003, 37128, 24430, 85618, 7951]"
112871,"[7576, 46916, 107824, 35894, 2701, 63106, 39673, 27482, 99363, 85673]"
112872,"[72658, 60305, 106392, 42764, 63481, 57169, 107909, 54190, 89873, 68514]"
112873,"[65815, 95296, 101795, 44879, 87772, 34758, 88790, 3786, 56020, 56821]"
112874,"[15408, 66301, 52644, 58225, 108912, 55360, 29490, 99431, 56496, 99450]"
112875,"[58338, 24000, 71809, 22657, 2780, 12419, 24275, 62049, 91763, 67683]"
112876,"[49949, 56328, 21665, 61650, 102156, 11873, 70155, 34602, 44133, 103716]"
112877,"[62848, 56129, 95426, 55520, 28649, 35016, 31112, 28765, 54541, 44331]"
112878,"[29739, 57577, 48067, 102698, 8498, 99936, 1580, 97966, 49219, 94579]"
112879,"[90884, 11550, 104867, 68531, 37773, 90885, 82041, 30658, 11913, 960]"
112880,"[24636, 31258, 39094, 11575, 45448, 94626, 49552, 31520, 29921, 5151]"
112881,"[49425, 53210, 65514, 81193, 69378, 99694, 37959, 88126, 96623, 104342]"
112882,"[40565, 34024, 103956, 27343, 77376, 20578, 72784, 76729, 72546, 82935]"
112883,"[6300, 97954, 45736, 103194, 93122, 68268, 69992, 14890, 70570, 15896]"
112884,"[41061, 74425, 805, 60817, 86548, 69270, 403, 108343, 51061, 75239]"
112885,"[66016, 74257, 15216, 53668, 87025, 33841, 53747, 102121, 28638, 47385]"
112886,"[40681, 72022, 101350, 84860, 82292, 94208, 34105, 34430, 98618, 19327]"
112887,"[105921, 104427, 94463, 35348, 77107, 24347, 12958, 48545, 65124, 8377]"
112888,"[707, 49434, 108278, 97659, 94109, 2338, 22037, 28532, 31785, 76133]"
112889,"[13494, 38009, 74915, 22453, 34088, 48046, 25150, 63925, 48626, 66061]"
112890,"[16682, 57462, 95740, 4762, 60706, 80530, 55253, 74063, 105754, 16619]"
112891,"[100902, 75344, 103377, 52321, 76857, 45714, 62504, 41194, 4477, 94803]"
112892,"[37128, 64390, 31073, 29570, 71065, 31777, 83377, 93380, 24430, 85618]"
112893,"[18244, 101086, 61859, 55882, 6504, 92647, 88172, 37334, 73545, 61619]"
112894,"[2183, 70156, 20853, 72538, 106658, 49038, 67987, 95904, 69763, 75527]"
112895,"[77615, 10075, 72090, 19491, 85523, 19173, 1744, 46796, 9664, 41570]"
112896,"[52251, 87924, 46192, 76630, 44757, 17960, 100726, 88385, 4754, 48425]"
112897,"[72100, 26771, 57622, 73137, 43599, 15652, 52364, 46895, 21220, 34550]"
112898,"[572, 4987, 88848, 107067, 8896, 96727, 56811, 99867, 18968, 67918]"
112899,"[17694, 31691, 62434, 38916, 28958, 93197, 22576, 60214, 81072, 6418]"
112900,"[24866, 67158, 9201, 39661, 46452, 21149, 40971, 79897, 87422, 82709]"
112901,"[53615, 61131, 101248, 101021, 96547, 39056, 7919, 83841, 67882, 62847]"
112902,"[48993, 105047, 36768, 90357, 26028, 71916, 54184, 16075, 25119, 101887]"
112903,"[67783, 51513, 17416, 103292, 86674, 40430, 13576, 14884, 74594, 33400]"
112904,"[53594, 71045, 76042, 8163, 13177, 97296, 16783, 56362, 7800, 82277]"
112905,"[62388, 61113, 11232, 70795, 57441, 17441, 30581, 39512, 7379, 101450]"
112906,"[80126, 59340, 14166, 25035, 46268, 66967, 6176, 21711, 39728, 40710]"
112907,"[63840, 69675, 66811, 1179, 11217, 63122, 2521, 43796, 12319, 37528]"
112908,"[52370, 36674, 27322, 21611, 52209, 95089, 73960, 67229, 13389, 18124]"
112909,"[75832, 67093, 100838, 25788, 57992, 1054, 46326, 3395, 82005, 22431]"
112910,"[97018, 32156, 9239, 39829, 25867, 66949, 102092, 51411, 76439, 94257]"
112911,"[72093, 47924, 96582, 70151, 22731, 87638, 72332, 80655, 61535, 23820]"
112912,"[62044, 51396, 37452, 106054, 13360, 50972, 84560, 8534, 109639, 79116]"
112913,"[39379, 102414, 46047, 4702, 65127, 94771, 77929, 84786, 65631, 38173]"
112914,"[4565, 86145, 20560, 93702, 23629, 10843, 11121, 1735, 90761, 13027]"
112915,"[58608, 23769, 16612, 67279, 18883, 7503, 75022, 40287, 83346, 30537]"
112916,"[13393, 49494, 54095, 48560, 38144, 92334, 42135, 69934, 66306, 22630]"
112917,"[57266, 81238, 36389, 76104, 71684, 20547, 27816, 57963, 26162, 49345]"
112918,"[64023, 49399, 65871, 43301, 49648, 72997, 67373, 106359, 90103, 29594]"
112919,"[60382, 9857, 79962, 72356, 92741, 84996, 95594, 96387, 47192, 78163]"
112920,"[15022, 104336, 40833, 90147, 81158, 22364, 106250, 5544, 969, 23496]"
112921,"[28747, 5084, 103319, 34370, 63425, 46964, 35934, 61505, 22100, 86388]"
112922,"[30484, 64878, 62580, 71001, 84566, 25079, 27432, 9051, 79407, 77670]"
112923,"[106240, 100668, 74467, 27262, 15778, 106842, 73252, 66427, 70023, 1065]"
112924,"[60323, 73960, 90491, 69550, 17094, 93802, 26644, 48534, 36674, 27322]"
112925,"[106094, 7245, 47754, 19864, 65532, 63465, 33208, 3364, 80026, 104833]"
112926,"[89233, 14467, 11426, 90532, 62469, 23274, 108291, 80600, 77543, 83028]"
112927,"[19670, 99280, 48333, 5606, 54101, 100413, 72601, 81180, 82564, 95491]"
112928,"[55535, 20610, 21717, 101267, 13111, 106363, 28592, 82284, 11791, 38303]"
112929,"[55517, 37710, 77506, 76622, 60334, 61575, 11614, 86552, 29919, 101328]"
112930,"[103630, 62882, 78938, 70507, 64818, 59284, 56742, 89008, 95634, 61192]"
112931,"[75856, 5761, 49855, 15421, 97390, 104341, 30150, 48585, 80012, 48269]"
112932,"[47228, 18277, 73722, 78547, 29190, 77983, 10279, 32122, 86029, 78248]"
112933,"[38088, 11616, 100686, 54287, 31781, 94635, 89194, 64580, 93521, 73091]"
112934,"[20198, 811, 17763, 104166, 76364, 107171, 34698, 69923, 43742, 61018]"
112935,"[102254, 77143, 40504, 37985, 67249, 10482, 75184, 13137, 48673, 2940]"
112936,"[2346, 29547, 7964, 65549, 87881, 90723, 21587, 55650, 6074, 71616]"
112937,"[392, 45053, 98043, 29522, 73416, 37084, 19852, 45724, 49142, 81593]"
112938,"[61951, 50779, 32911, 99462, 78914, 40726, 72967, 13158, 32023, 94136]"
112939,"[40703, 57009, 52594, 22139, 26422, 107393, 61831, 85948, 36352, 16861]"
112940,"[109496, 78093, 42761, 109070, 97047, 107755, 40468, 102041, 15496, 98554]"
112941,"[26866, 98843, 65058, 47357, 65579, 53921, 86018, 12953, 102925, 48654]"
112942,"[102797, 51758, 32811, 25426, 5915, 82352, 62414, 29534, 31889, 19010]"
112943,"[21448, 52800, 76985, 95195, 38809, 90454, 34923, 23507, 56081, 99804]"
112944,"[68713, 39657, 55793, 47353, 66214, 5295, 104365, 42796, 69730, 610]"
112945,"[15363, 2139, 84544, 103847, 41365, 100097, 11262, 35590, 43670, 5132]"
112946,"[36605, 53341, 86236, 57445, 21995, 58969, 80164, 18000, 92476, 2471]"
112947,"[10085, 54925, 60017, 42915, 18136, 73992, 90920, 46159, 76891, 65009]"
112948,"[13448, 87450, 64711, 64364, 78255, 46351, 43397, 37628, 35905, 27389]"
112949,"[4745, 22681, 64304, 48998, 109767, 42325, 76396, 46470, 109697, 84824]"
112950,"[19335, 69775, 92218, 33714, 85550, 100694, 16648, 50091, 79014, 74223]"
112951,"[32966, 68252, 87486, 29299, 43101, 54628, 90099, 88370, 4822, 95538]"
112952,"[22979, 32329, 18326, 86821, 32815, 40192, 73931, 6923, 13171, 100844]"
112953,"[50156, 82883, 66755, 70129, 99538, 85199, 76402, 56349, 44956, 25479]"
112954,"[59286, 50886, 70869, 15237, 29639, 108675, 56183, 2620, 16939, 102898]"
112955,"[4411, 33213, 8612, 97228, 78690, 34140, 32486, 108149, 99320, 16699]"
112956,"[102831, 37872, 36543, 104140, 74882, 929, 34770, 54714, 85321, 97565]"
112957,"[15599, 53552, 97523, 19107, 58462, 74082, 19028, 87903, 21918, 59560]"
112958,"[31786, 24441, 82600, 97081, 85225, 5198, 30798, 89670, 49848, 65182]"
112959,"[106535, 73051, 9824, 95496, 82933, 72939, 41787, 53101, 20250, 104370]"
112960,"[14681, 50347, 105201, 40787, 53584, 30651, 103772, 41035, 99023, 21940]"
112961,"[108095, 11749, 46349, 37901, 94587, 72965, 19872, 101711, 87432, 24728]"
112962,"[16101, 24080, 46970, 64720, 60526, 798, 77777, 90013, 95459, 41130]"
112963,"[60012, 83935, 96077, 72504, 9446, 32821, 60890, 45820, 60434, 17759]"
112964,"[60631, 42218, 3136, 30127, 5957, 92045, 48903, 44606, 38765, 51364]"
112965,"[39985, 93092, 525, 54430, 29013, 65614, 2938, 107015, 20114, 10035]"
112966,"[105059, 38568, 102503, 61595, 5937, 65163, 46261, 41549, 51019, 23742]"
112967,"[32392, 74383, 80923, 102422, 104198, 38093, 36102, 76355, 102772, 34274]"
112968,"[35253, 98540, 54172, 20050, 70651, 95753, 53128, 51966, 30005, 4009]"
112969,"[47687, 86654, 14112, 25216, 44913, 4459, 68697, 103935, 85068, 13094]"
112970,"[86202, 103140, 24492, 104066, 62531, 92978, 8324, 26949, 8867, 73831]"
112971,"[279, 8485, 27698, 17087, 2679, 59611, 50346, 55408, 51655, 30821]"
112972,"[84878, 29525, 6346, 99382, 18072, 69583, 226, 21298, 5508, 28593]"
112973,"[91174, 43013, 17196, 103900, 12504, 86749, 42173, 17527, 5706, 96175]"
112974,"[30950, 82708, 48832, 55215, 55520, 8684, 102388, 16210, 81374, 23282]"
112975,"[82061, 13674, 77066, 57199, 24574, 93637, 59063, 57555, 56701, 9966]"
112976,"[64941, 23548, 100961, 59717, 76943, 9052, 81996, 70115, 28965, 2933]"
112977,"[52601, 72511, 96656, 15285, 8552, 40958, 28197, 15136, 91264, 24064]"
112978,"[18443, 8642, 77568, 41266, 32727, 56210, 81633, 23843, 75094, 108360]"
112979,"[62278, 108839, 5246, 2558, 51457, 57009, 40703, 84429, 65278, 42668]"
112980,"[107308, 57858, 82412, 36557, 65867, 73723, 74492, 64575, 81595, 83290]"
112981,"[90817, 9929, 107906, 39484, 19700, 62571, 46885, 16942, 90914, 62776]"
112982,"[47235, 99899, 19699, 31946, 55717, 37426, 25882, 74854, 48970, 49309]"
112983,"[15623, 650, 97691, 24268, 45969, 11358, 1684, 45057, 108957, 92149]"
112984,"[69576, 50279, 84299, 20201, 108553, 109746, 73969, 6746, 14932, 86082]"
112985,"[32618, 24508, 56207, 4429, 95555, 20248, 68373, 6028, 39118, 28854]"
112986,"[42857, 55186, 68951, 41558, 9683, 25178, 15075, 58728, 17647, 58292]"
112987,"[99640, 63671, 46651, 20010, 47762, 102049, 84546, 84289, 58865, 6713]"
112988,"[88587, 63641, 98142, 63961, 84510, 64774, 101491, 16822, 2095, 98475]"
112989,"[28020, 27257, 14593, 8742, 19588, 91596, 64112, 80259, 54790, 58019]"
112990,"[65532, 97152, 56481, 71007, 61676, 83359, 106021, 61292, 6924, 41964]"
112991,"[22564, 48157, 69153, 78674, 58835, 62708, 321, 17911, 38299, 103992]"
112992,"[14100, 4241, 17679, 77800, 60729, 99658, 94348, 98794, 88822, 106537]"
112993,"[61228, 22958, 72432, 69597, 70710, 49440, 4953, 52137, 107716, 28511]"
112994,"[77148, 57579, 41007, 48535, 11100, 67169, 37960, 84159, 31467, 19528]"
112995,"[93852, 17004, 104195, 81831, 31854, 22412, 78360, 75998, 63371, 73937]"
112996,"[8893, 13915, 41306, 23724, 108579, 101855, 85723, 82854, 58548, 77188]"
112997,"[19235, 35456, 66548, 66217, 100811, 47572, 53281, 88732, 108290, 60283]"
112998,"[87704, 107417, 59276, 98240, 28654, 68022, 29284, 17164, 49848, 65182]"
112999,"[4349, 70790, 24128, 78241, 23954, 57203, 105815, 108887, 1052, 96058]"
113000,"[94459, 1264, 3158, 104829, 102650, 11282, 89496, 74988, 611, 90570]"
113001,"[50435, 75581, 78365, 77278, 76733, 69633, 24789, 11042, 31586, 7457]"
113002,"[41182, 14171, 74026, 33190, 61627, 96786, 7570, 97038, 81705, 3917]"
113003,"[79273, 74643, 85069, 91760, 13847, 28416, 64241, 80312, 77021, 96596]"
113004,"[25055, 78813, 27843, 52988, 35168, 5433, 22581, 14848, 42656, 84638]"
113005,"[93803, 76274, 91907, 30016, 98579, 99666, 87426, 52053, 17252, 76313]"
113006,"[88801, 15367, 45569, 29714, 57545, 87725, 70210, 87698, 68129, 26440]"
113007,"[44100, 3149, 39740, 49929, 2360, 3330, 67496, 56443, 73615, 14354]"
113008,"[69777, 38633, 92443, 97805, 60954, 96376, 48424, 40109, 97801, 37563]"
113009,"[1397, 23715, 30612, 41426, 104158, 77359, 31763, 3712, 39339, 80413]"
113010,"[104767, 88619, 20700, 47271, 47314, 92451, 20507, 37220, 85462, 98675]"
113011,"[27913, 33069, 96779, 73905, 38322, 12959, 62599, 44542, 44372, 49154]"
113012,"[2997, 67445, 36318, 77980, 34388, 42890, 10161, 22709, 3366, 36225]"
113013,"[106301, 22960, 27557, 55557, 58730, 24490, 25083, 101729, 6061, 86187]"
113014,"[76140, 32705, 48320, 35372, 47338, 62986, 73945, 58048, 87993, 38002]"
113015,"[103196, 100833, 107517, 44512, 74002, 29980, 94898, 87216, 64104, 60999]"
113016,"[40811, 31012, 10119, 75853, 43361, 29391, 65975, 59285, 100483, 106621]"
113017,"[840, 66829, 41999, 93710, 87373, 88375, 36861, 33051, 30150, 52756]"
113018,"[101457, 27324, 33750, 102403, 53191, 108008, 22654, 17823, 27707, 31448]"
113019,"[90876, 7717, 8722, 14721, 18563, 9431, 47074, 100521, 52197, 31431]"
113020,"[32189, 92812, 37505, 44546, 39213, 84352, 50202, 39692, 7652, 37683]"
113021,"[36421, 77491, 37408, 50464, 46566, 49315, 8254, 82887, 100474, 43276]"
113022,"[98054, 106504, 43564, 107610, 9281, 39641, 53603, 19080, 27497, 16845]"
113023,"[17840, 72577, 53941, 53866, 68430, 65827, 82343, 42089, 62860, 90228]"
113024,"[13763, 37681, 64422, 46185, 1448, 14123, 96046, 66326, 37116, 105795]"
113025,"[73479, 6880, 89179, 48244, 60916, 44596, 83656, 98445, 51273, 30475]"
113026,"[97378, 29323, 39368, 93493, 23527, 12980, 11228, 40990, 94458, 95264]"
113027,"[31690, 51862, 15912, 25169, 103345, 93924, 82504, 38069, 49154, 28467]"
113028,"[20677, 43033, 94797, 58930, 2608, 89997, 109402, 54715, 102139, 25929]"
113029,"[51879, 100628, 2280, 18148, 1762, 51750, 29257, 87748, 34064, 41797]"
113030,"[75522, 1890, 17742, 67138, 42085, 6314, 74089, 88608, 105978, 44289]"
113031,"[49041, 33333, 25770, 90697, 12396, 67045, 100747, 62512, 51509, 41669]"
113032,"[96805, 54797, 33775, 85095, 22048, 97743, 7657, 65673, 19680, 27017]"
113033,"[71700, 102918, 61332, 45819, 51018, 79361, 32699, 54441, 10304, 17245]"
113034,"[62867, 34334, 10328, 1865, 29996, 12336, 64976, 2637, 19109, 64724]"
113035,"[54353, 81627, 12212, 84000, 19665, 21900, 71829, 42442, 27472, 10404]"
113036,"[10770, 23399, 27301, 88364, 85380, 80784, 50074, 84270, 10044, 76314]"
113037,"[15304, 105116, 9406, 5224, 53568, 99109, 53387, 31548, 62115, 107296]"
113038,"[8552, 15285, 95483, 28197, 91264, 105352, 72511, 569, 14197, 40765]"
113039,"[44649, 77805, 85459, 90432, 63834, 11865, 22542, 38204, 69514, 19255]"
113040,"[57686, 44858, 101777, 31247, 43643, 35952, 53276, 58365, 52166, 82288]"
113041,"[74045, 74807, 54994, 89127, 90300, 28356, 87174, 59065, 11116, 35687]"
113042,"[42476, 83569, 45602, 32063, 91315, 32858, 33547, 99728, 14191, 31087]"
113043,"[23806, 45739, 8725, 27009, 74876, 99595, 62045, 37559, 41961, 15702]"
113044,"[28090, 24376, 64302, 15003, 2165, 62602, 7328, 30251, 33747, 109549]"
113045,"[17413, 32183, 48786, 67808, 31283, 66808, 101357, 93263, 98006, 33021]"
113046,"[21764, 40896, 73613, 90102, 33373, 8940, 51949, 3285, 6804, 28424]"
113047,"[4746, 32966, 43101, 68252, 96210, 60086, 74815, 42455, 87486, 4822]"
113048,"[66562, 102037, 6147, 532, 27822, 37698, 47096, 91499, 60010, 28301]"
113049,"[45624, 47552, 783, 80779, 108086, 33237, 105579, 58618, 2594, 102459]"
113050,"[16663, 99203, 62386, 36018, 35033, 44301, 35763, 55419, 49913, 44415]"
113051,"[47946, 19346, 55935, 72296, 42749, 34205, 79198, 2952, 49382, 94698]"
113052,"[109248, 28169, 1411, 89466, 99184, 67116, 46379, 92819, 93457, 4523]"
113053,"[56999, 81582, 20689, 46485, 70294, 568, 89535, 67338, 633, 16972]"
113054,"[91288, 8115, 103370, 55660, 42347, 94606, 107706, 87779, 77672, 51957]"
113055,"[31545, 25413, 53429, 27459, 98481, 26748, 75390, 59527, 49986, 71213]"
113056,"[9432, 102189, 41012, 21592, 50716, 72718, 86164, 78372, 48311, 64034]"
113057,"[76058, 87369, 20201, 103470, 80791, 7835, 39182, 39977, 9789, 100808]"
113058,"[56985, 32401, 30667, 63869, 27491, 7941, 13186, 5176, 26786, 26669]"
113059,"[106380, 91598, 57599, 26614, 52171, 103106, 14050, 64068, 60800, 81912]"
113060,"[10555, 20881, 77273, 52693, 22366, 4393, 91894, 56841, 77517, 23178]"
113061,"[13929, 460, 17768, 6776, 89170, 80196, 15537, 1406, 10209, 106038]"
113062,"[35771, 46415, 9329, 30122, 104013, 15495, 27172, 101825, 107386, 92248]"
113063,"[101611, 102268, 21441, 28399, 6335, 77269, 9351, 62138, 64973, 93225]"
113064,"[29515, 21710, 32421, 46300, 25579, 83132, 92829, 38002, 1287, 703]"
113065,"[48291, 96647, 77324, 44425, 18206, 90568, 11640, 59618, 13128, 25047]"
113066,"[58731, 90954, 61263, 42249, 96949, 75784, 5152, 13193, 61923, 22990]"
113067,"[82218, 48940, 32580, 60175, 66432, 38195, 102025, 11838, 3320, 52041]"
113068,"[38567, 92825, 58904, 15132, 52737, 70995, 63791, 32061, 59086, 57308]"
113069,"[80145, 20617, 73297, 24299, 86197, 78973, 97970, 44950, 67078, 25870]"
113070,"[33202, 43436, 77881, 39650, 11771, 56061, 84732, 59758, 65950, 26972]"
113071,"[40245, 83572, 66637, 23689, 41965, 2804, 43261, 39401, 20055, 73800]"
113072,"[17873, 78965, 10127, 11723, 84489, 56407, 62064, 82701, 40637, 101178]"
113073,"[62218, 40958, 95483, 68311, 15285, 8552, 93303, 35872, 64636, 101505]"
113074,"[75016, 45416, 35022, 107563, 47911, 82059, 68702, 68299, 109369, 22952]"
113075,"[4462, 7470, 19796, 13468, 92029, 23983, 101400, 22621, 44767, 27331]"
113076,"[91748, 105996, 18446, 89140, 31325, 16632, 66109, 33644, 71777, 61054]"
113077,"[70078, 4447, 11112, 51602, 87515, 52815, 86533, 95686, 35031, 26628]"
113078,"[17574, 69485, 39542, 29471, 36892, 5693, 73142, 64726, 35311, 101748]"
113079,"[19186, 92702, 70037, 104798, 11335, 15757, 87009, 102387, 31633, 88918]"
113080,"[33098, 76652, 96287, 81812, 103153, 54170, 42527, 107150, 26700, 86759]"
113081,"[55616, 21671, 55495, 101457, 101977, 27707, 22634, 52673, 99129, 15127]"
113082,"[107894, 17730, 93494, 41913, 49657, 58758, 108370, 71383, 62893, 98291]"
113083,"[106030, 64478, 16272, 70619, 17937, 101789, 41185, 38254, 38303, 14252]"
113084,"[17721, 24145, 20805, 101730, 21930, 53406, 108777, 36972, 78340, 84262]"
113085,"[85491, 42592, 46032, 92925, 60176, 78027, 37717, 16361, 106175, 37448]"
113086,"[21634, 85817, 11019, 101805, 23039, 46442, 34583, 97861, 60066, 23734]"
113087,"[71722, 82029, 84960, 28811, 42893, 34453, 27575, 88478, 99353, 109164]"
113088,"[31538, 70457, 58013, 4860, 45954, 34448, 96577, 28213, 45683, 60848]"
113089,"[49410, 102183, 71221, 21941, 105343, 46243, 39538, 2671, 65962, 15483]"
113090,"[108404, 89647, 49123, 32321, 49427, 90635, 47637, 16710, 41936, 85920]"
113091,"[104637, 47442, 97681, 27012, 65833, 95838, 61413, 83216, 11158, 85033]"
113092,"[87191, 104494, 36218, 13027, 59085, 90775, 2279, 45161, 75753, 56607]"
113093,"[30509, 81416, 99811, 88962, 20264, 97459, 47010, 99532, 86831, 96222]"
113094,"[58795, 59501, 9556, 83756, 9774, 34286, 59588, 66016, 74257, 69014]"
113095,"[26494, 59281, 81454, 76994, 104692, 77536, 54839, 71331, 4548, 71634]"
113096,"[19495, 104657, 65875, 31322, 57525, 19444, 8086, 29681, 69858, 35758]"
113097,"[37955, 44864, 63125, 72123, 94703, 91726, 98962, 25142, 72846, 61886]"
113098,"[7284, 101253, 67350, 6315, 55825, 71882, 56788, 72154, 89287, 94422]"
113099,"[80269, 108366, 55150, 82728, 64050, 103136, 19191, 38747, 25497, 104359]"
113100,"[100591, 17539, 103872, 89295, 6710, 95402, 7737, 54346, 54283, 5551]"
113101,"[12842, 61906, 67013, 40160, 4382, 102755, 30287, 50152, 34460, 33866]"
113102,"[45004, 55153, 52921, 79313, 45685, 79661, 107762, 60746, 107955, 60640]"
113103,"[44522, 97256, 6948, 43070, 42635, 23349, 54139, 107718, 51284, 62745]"
113104,"[92334, 37035, 29269, 27605, 89443, 74299, 4704, 42008, 41956, 80625]"
113105,"[99019, 59906, 29740, 65608, 69519, 92652, 18678, 29747, 68014, 21989]"
113106,"[45498, 39874, 78677, 84522, 45414, 29902, 43417, 91211, 77343, 2554]"
113107,"[34963, 89285, 49863, 46751, 94610, 14474, 2928, 53074, 40877, 83542]"
113108,"[49807, 70192, 40728, 17815, 11435, 86990, 70158, 58852, 8901, 14125]"
113109,"[54081, 21041, 72785, 85073, 60258, 104603, 82340, 79035, 80144, 9461]"
113110,"[45522, 9302, 45128, 37869, 14726, 47890, 9534, 92098, 22785, 17437]"
113111,"[93236, 64319, 96832, 35022, 52362, 98430, 22043, 27312, 7661, 12030]"
113112,"[103933, 67007, 42930, 49409, 70971, 47343, 69637, 50509, 58648, 33320]"
113113,"[55613, 92108, 1622, 108363, 79858, 84649, 78998, 68813, 59999, 89680]"
113114,"[63119, 24474, 92677, 78950, 3013, 46210, 62122, 42030, 23793, 49747]"
113115,"[49990, 98196, 82246, 94507, 99379, 47147, 35108, 27915, 90933, 58724]"
113116,"[18734, 18434, 94266, 102942, 88536, 41739, 64726, 109656, 27886, 102456]"
113117,"[84083, 77381, 1795, 60247, 65629, 54022, 43160, 38445, 16866, 93161]"
113118,"[92912, 5714, 102872, 38760, 92975, 33505, 74084, 53158, 74728, 78375]"
113119,"[107009, 39179, 86297, 49885, 84301, 8626, 46397, 57278, 8143, 25512]"
113120,"[18492, 80132, 8605, 83268, 100560, 38746, 75465, 35271, 5691, 25051]"
113121,"[57931, 42657, 74398, 88285, 40636, 6374, 86798, 71323, 21355, 40670]"
113122,"[33705, 52703, 61531, 77693, 56269, 10434, 69123, 47398, 101438, 66360]"
113123,"[75872, 60392, 48568, 14175, 66555, 56991, 98570, 74843, 73947, 25711]"
113124,"[50064, 26901, 49921, 79380, 99883, 2284, 1151, 6043, 74380, 21761]"
113125,"[18730, 8951, 49350, 99133, 92790, 76541, 106107, 52350, 89775, 34663]"
113126,"[76389, 17750, 77335, 72107, 6788, 58743, 24798, 57534, 53141, 85606]"
113127,"[45754, 10551, 17189, 43501, 56012, 81176, 861, 64272, 61185, 144]"
113128,"[94293, 73583, 109524, 12631, 73863, 20903, 29450, 60424, 32200, 27859]"
113129,"[7131, 61956, 56051, 48686, 30306, 57631, 37522, 27729, 44495, 22152]"
113130,"[75998, 87641, 107584, 77237, 105959, 100597, 44568, 31854, 22412, 17004]"
113131,"[37516, 22949, 19181, 18835, 5774, 1682, 108996, 99136, 12679, 95019]"
113132,"[82371, 83751, 8619, 88796, 5617, 75964, 72657, 31727, 88939, 50020]"
113133,"[17997, 30749, 81699, 13771, 84828, 76960, 104299, 19799, 12743, 4462]"
113134,"[38548, 98073, 23813, 39963, 102543, 68053, 86793, 79874, 106632, 7696]"
113135,"[76166, 18942, 4189, 66180, 86932, 25993, 102531, 63262, 6165, 103695]"
113136,"[98349, 30983, 101155, 14787, 31451, 37702, 103488, 49961, 63868, 28194]"
113137,"[13792, 17282, 19051, 77463, 55794, 101913, 62540, 43026, 21372, 48550]"
113138,"[72518, 55565, 47903, 97260, 52540, 40924, 82403, 66472, 69435, 50391]"
113139,"[65717, 94241, 43955, 109390, 81586, 65620, 21137, 28127, 17861, 76289]"
113140,"[99076, 13376, 5955, 71106, 50236, 44840, 80535, 23044, 79904, 77922]"
113141,"[17053, 65723, 42129, 50808, 49670, 2443, 73864, 95306, 3857, 32433]"
113142,"[73109, 9816, 79193, 55791, 18688, 108055, 45995, 108749, 20337, 20220]"
113143,"[98690, 5762, 22049, 20948, 19249, 101074, 40415, 97258, 12034, 5108]"
113144,"[64163, 95821, 68271, 21444, 100256, 89137, 44308, 46110, 100189, 31532]"
113145,"[94414, 25529, 95047, 26575, 68057, 91435, 99985, 2657, 79891, 92783]"
113146,"[55905, 26527, 32041, 42004, 66599, 105645, 9984, 13395, 36415, 81545]"
113147,"[33084, 100089, 47128, 52181, 32269, 32251, 103984, 19397, 8288, 53120]"
113148,"[45750, 106085, 80648, 58039, 42942, 68663, 95332, 90072, 74033, 56746]"
113149,"[33454, 94022, 94341, 30203, 105866, 35165, 19361, 73420, 89928, 38553]"
113150,"[19366, 4276, 109437, 98140, 2224, 73993, 54241, 18481, 8853, 95086]"
113151,"[40698, 22041, 24494, 66447, 60239, 93510, 5238, 84747, 35298, 30385]"
113152,"[79476, 91968, 23215, 15498, 12969, 95788, 45577, 108950, 94118, 40917]"
113153,"[73722, 36274, 47228, 80443, 68655, 8544, 84585, 98357, 109267, 16378]"
113154,"[50024, 101322, 51741, 52735, 92600, 30992, 68944, 55406, 106248, 88709]"
113155,"[21170, 64284, 32887, 98441, 72128, 82543, 41226, 42055, 78642, 72723]"
113156,"[39698, 26236, 27880, 46856, 94053, 106381, 41555, 100580, 6483, 59810]"
113157,"[80654, 76335, 65045, 51361, 51706, 48864, 6227, 89114, 17568, 24593]"
113158,"[4231, 46583, 11053, 27852, 89139, 49992, 9299, 56782, 23557, 52888]"
113159,"[89589, 88077, 11059, 5626, 53771, 24525, 67540, 86119, 88601, 4103]"
113160,"[61174, 32409, 8066, 104976, 5651, 102433, 2134, 38155, 6543, 84819]"
113161,"[100438, 28094, 10326, 97758, 68388, 96262, 6081, 101573, 14651, 54182]"
113162,"[90077, 42345, 51299, 82941, 16314, 97704, 109456, 79359, 18573, 22603]"
113163,"[109588, 10775, 91305, 101711, 108375, 58455, 486, 6579, 23166, 22288]"
113164,"[69151, 59947, 86799, 30582, 17200, 103000, 90792, 26477, 86469, 70395]"
113165,"[88733, 20825, 16798, 109115, 14182, 63937, 73551, 37291, 13620, 104445]"
113166,"[22295, 61545, 4731, 45460, 96942, 10233, 44464, 50484, 33768, 70960]"
113167,"[75092, 32737, 77614, 40127, 30382, 81012, 83335, 69122, 43694, 72000]"
113168,"[105820, 54693, 71185, 89871, 10238, 43520, 105487, 106618, 3904, 72733]"
113169,"[70940, 13878, 22937, 90916, 8013, 11344, 91161, 31060, 83975, 93638]"
113170,"[104802, 15400, 39166, 81075, 100362, 31639, 84802, 87502, 75168, 65844]"
113171,"[39110, 19549, 50076, 89769, 31474, 13682, 14969, 53951, 65647, 29569]"
113172,"[44523, 25314, 99049, 108399, 10016, 94048, 11057, 15238, 64175, 55758]"
113173,"[79317, 102781, 365, 100346, 100869, 78677, 48330, 44141, 104558, 54300]"
113174,"[10261, 41386, 20828, 65189, 54843, 49786, 80642, 25096, 24849, 103682]"
113175,"[96843, 1047, 84382, 40048, 4921, 93988, 104378, 77702, 54648, 39216]"
113176,"[9979, 87218, 93377, 87649, 24402, 37804, 74794, 2727, 28667, 66091]"
113177,"[4638, 79588, 2550, 69097, 98983, 49033, 51869, 55730, 3790, 91219]"
113178,"[92037, 62685, 10496, 84274, 56599, 88635, 45648, 96495, 9252, 43035]"
113179,"[106447, 66093, 94959, 106825, 15465, 33910, 103936, 42365, 86353, 64144]"
113180,"[83259, 68545, 67102, 81919, 21459, 49649, 72937, 77640, 103795, 33023]"
113181,"[5472, 49685, 72376, 63732, 31298, 43156, 15579, 90107, 47599, 53393]"
113182,"[14153, 51479, 91463, 55592, 50198, 3087, 16302, 25767, 17078, 27527]"
113183,"[103443, 91292, 9558, 84051, 100719, 96017, 31989, 35125, 10095, 43490]"
113184,"[36888, 34992, 2165, 60984, 79428, 64285, 24914, 48538, 32567, 39243]"
113185,"[19107, 6205, 37819, 61427, 103886, 73290, 88072, 43345, 65937, 18705]"
113186,"[75699, 75319, 61273, 32373, 7096, 15415, 11882, 104454, 95238, 106361]"
113187,"[38962, 32611, 97595, 50581, 5994, 107245, 92705, 28697, 4653, 62836]"
113188,"[2473, 45137, 71731, 40052, 10601, 51015, 84657, 107895, 33263, 44000]"
113189,"[56945, 22610, 33466, 73437, 102132, 48504, 10449, 14861, 84540, 54822]"
113190,"[67621, 62969, 23291, 93830, 54617, 82897, 34966, 97943, 84958, 70157]"
113191,"[72694, 4383, 27228, 85756, 67010, 97100, 102371, 14347, 53237, 11338]"
113192,"[78121, 100073, 22254, 35944, 14765, 36097, 52958, 34613, 43845, 108949]"
113193,"[104620, 50755, 33579, 79707, 45917, 35545, 70566, 55809, 82859, 76345]"
113194,"[35136, 7377, 9090, 99085, 70240, 19149, 27315, 96976, 32575, 41599]"
113195,"[91902, 92252, 74786, 10110, 43217, 56119, 87659, 57029, 44780, 97142]"
113196,"[87009, 88918, 104641, 36005, 27174, 77585, 38020, 67522, 14135, 77308]"
113197,"[14168, 77992, 100317, 95327, 56487, 98862, 16259, 33782, 34480, 25080]"
113198,"[29250, 92766, 91089, 22356, 65799, 106110, 54948, 80495, 2840, 84371]"
113199,"[28023, 94740, 3888, 18628, 10539, 75449, 65378, 16987, 1789, 99730]"
113200,"[100780, 102647, 17701, 35008, 41297, 46462, 522, 41016, 83052, 47151]"
113201,"[29413, 30464, 102688, 9743, 103178, 87966, 34274, 33270, 84202, 11187]"
113202,"[36254, 1481, 36344, 93339, 3227, 107138, 80533, 7220, 20466, 63693]"
113203,"[30813, 74781, 61281, 107761, 41702, 56339, 86343, 4994, 75751, 6712]"
113204,"[3656, 46933, 64393, 7100, 35120, 50061, 41598, 105721, 47003, 63462]"
113205,"[37683, 44546, 39213, 32189, 33222, 32505, 73738, 86027, 72381, 50916]"
113206,"[90323, 35354, 19084, 14749, 70444, 56287, 78014, 73422, 38897, 22746]"
113207,"[97088, 107059, 16097, 99419, 12808, 52783, 66883, 49222, 79168, 23997]"
113208,"[99645, 103520, 107459, 56608, 2774, 24037, 62450, 15218, 100300, 50908]"
113209,"[67282, 3233, 17753, 104522, 18404, 87346, 46300, 91045, 96791, 30861]"
113210,"[65054, 54200, 5096, 1554, 32747, 75926, 36413, 8192, 5098, 38418]"
113211,"[18019, 974, 52058, 90054, 96363, 70517, 106702, 88921, 86499, 20470]"
113212,"[61334, 67591, 30766, 101431, 98356, 68196, 17719, 71656, 53354, 17243]"
113213,"[66185, 14421, 76873, 74168, 96109, 51737, 17657, 68453, 99840, 28946]"
113214,"[69794, 31265, 100362, 105287, 99826, 82104, 61907, 25884, 78006, 34559]"
113215,"[78442, 3949, 99737, 42925, 41631, 30686, 51981, 57244, 74473, 16811]"
113216,"[13226, 60049, 33141, 72565, 75194, 13434, 48972, 52378, 93898, 69135]"
113217,"[48716, 30327, 9316, 5232, 66759, 3716, 2090, 2578, 59253, 37636]"
113218,"[78197, 77718, 32601, 36993, 62286, 29025, 11080, 69881, 1392, 100478]"
113219,"[2403, 62295, 85313, 90127, 13596, 47465, 107590, 77166, 62280, 108208]"
113220,"[54409, 87682, 91152, 38424, 17969, 56750, 61319, 88461, 76751, 92117]"
113221,"[60667, 29914, 20712, 11300, 52056, 80154, 105254, 42578, 92223, 32982]"
113222,"[74109, 107963, 51592, 33443, 46807, 92839, 49176, 96533, 10049, 233]"
113223,"[15606, 61534, 80761, 38756, 74930, 58263, 55081, 36073, 6011, 84425]"
113224,"[99296, 1374, 91739, 13437, 23113, 105136, 28237, 54568, 96114, 72663]"
113225,"[33749, 57055, 13408, 23950, 100987, 95513, 99045, 17906, 101912, 72928]"
113226,"[107858, 54593, 49899, 106308, 93251, 28080, 60001, 55978, 66851, 55818]"
113227,"[103898, 62975, 10860, 65796, 33388, 96628, 75542, 48834, 2717, 60811]"
113228,"[46339, 37233, 15700, 98145, 24776, 3342, 35463, 55192, 37250, 34609]"
113229,"[75618, 25305, 27707, 97335, 69516, 54483, 92974, 58148, 82022, 9033]"
113230,"[13326, 105541, 62975, 91812, 89809, 107280, 48834, 13243, 56635, 81222]"
113231,"[92391, 15662, 97515, 22977, 29988, 7119, 10531, 101694, 78862, 108009]"
113232,"[94917, 10219, 55496, 60015, 69187, 88332, 8331, 107200, 48644, 75793]"
113233,"[50, 77094, 78352, 36893, 65938, 59698, 60901, 13302, 10329, 8758]"
113234,"[31286, 92728, 39848, 84466, 87933, 84613, 47316, 40892, 28518, 8152]"
113235,"[72496, 69030, 71850, 14436, 89653, 85358, 91423, 97518, 108691, 86318]"
113236,"[79248, 14035, 27092, 49939, 41823, 10256, 107273, 51840, 15600, 13719]"
113237,"[95065, 105043, 52812, 95684, 10953, 89868, 21152, 18708, 25591, 65347]"
113238,"[74997, 42752, 83146, 21481, 109033, 77632, 5948, 107535, 53229, 58250]"
113239,"[47596, 18495, 107511, 69183, 65993, 74845, 98740, 90634, 48954, 8015]"
113240,"[32167, 59847, 5134, 98848, 18439, 90516, 97725, 800, 67914, 53545]"
113241,"[62412, 103808, 102335, 21837, 96503, 5840, 93965, 102631, 19441, 8360]"
113242,"[27508, 52033, 46724, 57707, 66761, 109135, 37050, 106517, 47641, 29340]"
113243,"[12694, 81497, 101987, 28977, 43363, 54356, 34327, 5662, 46158, 53104]"
113244,"[84290, 28580, 14474, 53332, 97403, 21783, 107722, 60721, 13547, 93316]"
113245,"[10687, 59412, 49503, 75544, 95901, 95819, 54634, 19110, 8297, 26842]"
113246,"[41607, 64589, 92231, 52855, 96147, 6852, 89560, 91638, 99250, 3463]"
113247,"[75519, 7674, 87778, 20096, 92669, 48345, 96668, 60436, 66860, 39003]"
113248,"[26135, 81514, 109273, 104223, 85499, 80803, 72634, 29351, 95802, 50002]"
113249,"[66468, 89328, 74718, 48633, 57827, 2030, 86425, 99934, 11622, 100380]"
113250,"[57321, 93247, 42513, 24859, 86113, 60322, 24511, 78668, 70514, 24033]"
113251,"[96958, 23324, 11919, 34348, 10273, 45496, 64289, 24653, 91119, 108190]"
113252,"[76176, 19181, 32334, 99721, 2724, 61594, 99136, 66696, 84965, 34350]"
113253,"[4618, 89012, 57593, 50489, 53323, 68229, 6744, 66219, 50724, 69137]"
113254,"[91640, 106089, 33330, 105710, 80719, 83346, 3132, 21636, 3756, 50073]"
113255,"[35337, 79771, 53358, 17643, 8784, 39547, 74829, 24913, 87367, 44271]"
113256,"[108646, 21365, 53026, 102201, 32085, 44181, 13362, 43943, 25545, 11663]"
113257,"[16140, 9650, 102087, 19787, 102025, 23716, 85202, 62012, 85780, 14929]"
113258,"[36639, 54598, 37273, 4848, 79532, 92390, 42779, 92966, 40902, 31941]"
113259,"[21718, 65203, 108452, 39150, 51833, 43096, 8299, 69955, 94233, 53168]"
113260,"[15884, 95647, 37161, 74177, 42224, 29606, 7058, 30447, 44154, 88124]"
113261,"[99012, 96398, 34363, 34572, 6577, 98741, 105456, 102450, 50319, 12830]"
113262,"[359, 38335, 83183, 24390, 29057, 36797, 39942, 4657, 59122, 54919]"
113263,"[58095, 46315, 58395, 47819, 46702, 35257, 48140, 17637, 97949, 44305]"
113264,"[82751, 89851, 33000, 96851, 108935, 5601, 65377, 4105, 27113, 96379]"
113265,"[87435, 89191, 34262, 20848, 60804, 109261, 37151, 102034, 40060, 68844]"
113266,"[61363, 5723, 40101, 80861, 87748, 87658, 6588, 63517, 29347, 47959]"
113267,"[74302, 34442, 44696, 34638, 42623, 44371, 30338, 78511, 49606, 13477]"
113268,"[88903, 92961, 36450, 80636, 98720, 104781, 47978, 63938, 31645, 19702]"
113269,"[20586, 20214, 84436, 54960, 45016, 30502, 102455, 44206, 28908, 46816]"
113270,"[107265, 105246, 89969, 2096, 2439, 41045, 15759, 55254, 22377, 61259]"
113271,"[63012, 20713, 657, 53482, 32441, 9567, 71354, 103431, 133, 93466]"
113272,"[69057, 105887, 39198, 106928, 108261, 97204, 47343, 31179, 66237, 69793]"
113273,"[100369, 77349, 31595, 2695, 3647, 63359, 49583, 24727, 93241, 107220]"
113274,"[35447, 38003, 50535, 48759, 94536, 95252, 102616, 94854, 5162, 7957]"
113275,"[30512, 103504, 3549, 21226, 5971, 22744, 13594, 35041, 22335, 45087]"
113276,"[44419, 8974, 21301, 81543, 83594, 59554, 39310, 93285, 88138, 1798]"
113277,"[65868, 10939, 83007, 37699, 6047, 104121, 23657, 4158, 88895, 66080]"
113278,"[56151, 76045, 58052, 109577, 7500, 26660, 57050, 97499, 74477, 90844]"
113279,"[14873, 55007, 12384, 21406, 62106, 91405, 79684, 52654, 71400, 71178]"
113280,"[44537, 35651, 2653, 67533, 93706, 82997, 65665, 20526, 107615, 22091]"
113281,"[7676, 95550, 63717, 51808, 47402, 40351, 53880, 12831, 45290, 90729]"
113282,"[31227, 85773, 67220, 84989, 91230, 55372, 54175, 50286, 92424, 78419]"
113283,"[10275, 106769, 3736, 82533, 2608, 69640, 3179, 105042, 69292, 94514]"
113284,"[89377, 100718, 104833, 58848, 61406, 74028, 1618, 83952, 46043, 72752]"
113285,"[75578, 9949, 13311, 60608, 38022, 83851, 98183, 38709, 17619, 84300]"
113286,"[47151, 52585, 10678, 4850, 65516, 522, 45974, 25959, 49833, 20004]"
113287,"[29919, 86552, 40901, 37710, 60334, 61575, 72160, 9635, 69909, 23339]"
113288,"[42529, 103287, 82483, 7600, 98311, 97783, 105408, 42179, 4366, 79372]"
113289,"[47132, 63421, 41211, 31125, 106129, 11807, 12210, 79019, 14929, 103818]"
113290,"[95921, 56037, 25788, 68305, 95808, 104688, 55674, 26746, 8986, 50797]"
113291,"[64174, 41513, 4702, 74454, 14286, 59737, 74449, 100896, 102816, 87028]"
113292,"[93865, 56426, 8401, 36476, 14154, 5558, 5897, 11732, 101924, 77450]"
113293,"[84385, 57985, 15845, 105013, 93648, 29770, 16197, 32032, 36878, 8114]"
113294,"[28103, 29361, 6335, 97373, 22499, 101900, 58047, 31390, 64844, 37416]"
113295,"[58264, 64921, 45228, 17067, 3194, 65787, 39588, 103846, 6438, 54419]"
113296,"[70362, 85330, 91601, 103547, 17752, 39490, 25968, 19622, 39916, 96263]"
113297,"[30235, 100349, 75425, 41839, 4456, 82505, 50444, 92055, 53362, 893]"
113298,"[49110, 79026, 19615, 84185, 103709, 959, 74025, 43907, 21643, 64537]"
113299,"[107067, 85289, 75412, 55699, 38400, 57043, 47609, 21467, 78239, 64383]"
113300,"[26642, 62083, 13677, 35089, 2749, 88558, 107163, 94589, 83275, 46252]"
113301,"[18261, 104484, 4188, 47147, 6265, 30002, 10240, 63204, 84198, 69907]"
113302,"[26473, 24041, 10489, 26947, 30592, 17834, 107481, 5444, 12155, 2078]"
113303,"[25973, 12945, 46896, 676, 15224, 93343, 21991, 78390, 39495, 88231]"
113304,"[5687, 108015, 53861, 99237, 6274, 81209, 87900, 41616, 59116, 36706]"
113305,"[106683, 31936, 92224, 95593, 89840, 20090, 108471, 101129, 26721, 85816]"
113306,"[47065, 48005, 62470, 4990, 12411, 42319, 43694, 40127, 57401, 37042]"
113307,"[56611, 55513, 100006, 62310, 73617, 5709, 20850, 98487, 39087, 63712]"
113308,"[12662, 80151, 64132, 72273, 104648, 13157, 7190, 95746, 107668, 96198]"
113309,"[72625, 104921, 2385, 56098, 16689, 7979, 103246, 108803, 9776, 27864]"
113310,"[70389, 72117, 69445, 104454, 38992, 52757, 67351, 19158, 97184, 50872]"
113311,"[49547, 76777, 57218, 22829, 59446, 9192, 70802, 81494, 45740, 79517]"
113312,"[44980, 89900, 73719, 31065, 44810, 61845, 82450, 56936, 49646, 17810]"
113313,"[37505, 9096, 32189, 92812, 720, 77006, 92006, 66186, 29252, 37683]"
113314,"[65800, 70917, 84006, 38355, 107103, 79079, 86291, 88665, 20582, 85958]"
113315,"[84940, 71973, 44515, 29405, 75608, 35757, 41194, 37361, 13936, 75344]"
113316,"[82135, 76031, 40602, 96174, 105712, 92908, 75, 34544, 95633, 89824]"
113317,"[49606, 47598, 34225, 105323, 35574, 22351, 83654, 76780, 17456, 41352]"
113318,"[59377, 35036, 101001, 16517, 74980, 25346, 16994, 60668, 38988, 97665]"
113319,"[82033, 8465, 72140, 79835, 13393, 62006, 55361, 20293, 39560, 42893]"
113320,"[26286, 66867, 4905, 36106, 105159, 7368, 1539, 98658, 78459, 80157]"
113321,"[1864, 106261, 40564, 93513, 9433, 97333, 27164, 95126, 108356, 100080]"
113322,"[79939, 37163, 53355, 68071, 100915, 101077, 89700, 3012, 107358, 106126]"
113323,"[39289, 100502, 39468, 43817, 18710, 14885, 6950, 56790, 17246, 43936]"
113324,"[36025, 96994, 27943, 67319, 73558, 441, 104215, 84099, 59433, 97538]"
113325,"[105112, 48306, 86819, 471, 21563, 34207, 92135, 33274, 55437, 32914]"
113326,"[88170, 24117, 96272, 61837, 103828, 72944, 40324, 108859, 39710, 1396]"
113327,"[12680, 15697, 77940, 29581, 37565, 92711, 17067, 3194, 103850, 51296]"
113328,"[84217, 88792, 960, 72682, 105705, 11913, 28988, 65820, 84725, 8609]"
113329,"[65449, 33696, 108093, 94855, 55675, 77116, 855, 62435, 19913, 89366]"
113330,"[60844, 46200, 64208, 48393, 83536, 96847, 55959, 45777, 104103, 43938]"
113331,"[91824, 22868, 90213, 56649, 14065, 84127, 99119, 36226, 94390, 107570]"
113332,"[28380, 26161, 14104, 102571, 98623, 73145, 31372, 47715, 74459, 18172]"
113333,"[21935, 54520, 4664, 82080, 35537, 97162, 5911, 40642, 63714, 45763]"
113334,"[72875, 58251, 9604, 104515, 50638, 99220, 28904, 89839, 8667, 48016]"
113335,"[31416, 6264, 106877, 7586, 25662, 64850, 5650, 86685, 23225, 29510]"
113336,"[33930, 52177, 66604, 55278, 51114, 94220, 24692, 87462, 6779, 19324]"
113337,"[74937, 98995, 105759, 29717, 59295, 62805, 41131, 62028, 89627, 26695]"
113338,"[107682, 23897, 95690, 109021, 54587, 76748, 42206, 1234, 77484, 77342]"
113339,"[55770, 93691, 104313, 44660, 19233, 71657, 79268, 53614, 9687, 8608]"
113340,"[23949, 56273, 84254, 33113, 37213, 30670, 85417, 3807, 13214, 36196]"
113341,"[41296, 45462, 68347, 92126, 23667, 103293, 109620, 6927, 26819, 21335]"
113342,"[98811, 67767, 29225, 50202, 84352, 103949, 84938, 80943, 982, 52790]"
113343,"[85460, 104746, 43549, 41763, 75712, 85440, 21439, 100179, 69620, 26201]"
113344,"[27916, 8410, 33629, 49907, 100301, 104220, 45305, 81393, 80967, 16584]"
113345,"[14078, 74755, 103238, 40089, 4019, 109640, 38495, 37134, 61006, 11197]"
113346,"[93434, 67005, 105456, 106889, 75195, 9844, 53684, 14161, 40157, 5757]"
113347,"[75239, 84456, 108940, 23237, 50570, 86548, 104977, 10854, 28679, 108748]"
113348,"[55918, 1418, 84295, 9663, 30852, 949, 482, 37872, 36543, 104644]"
113349,"[3509, 100214, 87258, 25791, 108824, 58421, 21992, 107606, 76663, 74564]"
113350,"[23970, 54075, 32313, 22435, 21269, 56890, 10482, 84960, 22360, 88838]"
113351,"[62307, 91855, 51384, 3819, 106455, 20954, 96095, 14612, 60157, 90488]"
113352,"[92963, 24240, 92444, 2101, 70829, 9862, 35686, 53904, 66576, 96729]"
113353,"[37771, 108274, 55407, 98096, 31404, 31506, 97730, 51815, 31880, 109488]"
113354,"[97084, 86144, 59405, 6736, 56334, 84309, 79316, 87193, 101662, 62925]"
113355,"[93549, 184, 85162, 107927, 33948, 105551, 55242, 103224, 90316, 78625]"
113356,"[61814, 7504, 53766, 87669, 98722, 55176, 50655, 105497, 30555, 7961]"
113357,"[17225, 57860, 91311, 73587, 89353, 19073, 1076, 40791, 61198, 41621]"
113358,"[93235, 90956, 77341, 72634, 80803, 78313, 51895, 29351, 44489, 26135]"
113359,"[76481, 46279, 27697, 27292, 81832, 68611, 27110, 51313, 38867, 65078]"
113360,"[27504, 9005, 29077, 78074, 72848, 49894, 29923, 87675, 41428, 20616]"
113361,"[37469, 8851, 60904, 109339, 23666, 106793, 31061, 616, 85994, 31732]"
113362,"[88443, 60822, 34884, 48472, 104899, 62008, 90152, 56823, 68975, 57354]"
113363,"[75441, 54728, 16533, 97054, 58139, 11541, 37461, 78059, 33373, 45258]"
113364,"[2276, 67750, 63433, 61696, 28274, 97094, 11950, 28398, 21288, 66985]"
113365,"[99270, 1549, 6877, 39160, 35286, 10370, 27971, 106360, 68895, 67781]"
113366,"[78628, 106739, 34334, 42362, 13987, 12336, 1685, 70633, 19109, 31890]"
113367,"[78426, 93490, 81635, 10039, 14591, 2415, 33851, 28938, 76156, 5137]"
113368,"[95258, 59876, 4280, 64330, 36611, 103737, 32473, 67818, 27758, 14145]"
113369,"[29122, 70298, 85544, 60294, 20343, 84554, 40795, 108835, 43106, 27100]"
113370,"[95817, 30280, 101588, 16050, 68556, 98807, 17029, 7064, 93695, 98009]"
113371,"[52427, 61435, 44710, 4487, 100419, 93221, 99990, 28799, 63381, 60834]"
113372,"[84597, 97949, 21882, 58167, 90260, 44064, 12083, 66236, 17637, 86524]"
113373,"[41704, 37476, 37367, 40478, 37272, 42721, 67019, 4074, 37003, 79067]"
113374,"[52558, 62112, 90825, 9934, 25261, 65260, 67950, 12748, 44220, 92701]"
113375,"[72667, 68521, 73651, 89095, 70219, 72724, 66008, 62864, 3014, 62961]"
113376,"[52070, 100295, 4920, 87906, 24947, 20383, 49370, 42967, 62966, 67053]"
113377,"[42127, 23674, 32379, 41923, 102821, 20585, 22561, 52054, 4340, 54548]"
113378,"[78420, 2375, 104632, 39301, 83414, 16276, 104303, 76044, 94874, 70398]"
113379,"[86066, 5203, 39488, 21938, 50450, 78065, 39616, 70582, 1727, 109544]"
113380,"[16831, 105875, 82534, 104744, 77205, 29172, 36641, 83956, 86866, 28168]"
113381,"[2373, 47619, 46377, 26738, 57910, 29560, 6329, 92597, 40316, 40241]"
113382,"[54468, 45237, 3927, 38198, 65045, 96878, 73996, 59976, 66593, 4732]"
113383,"[20719, 68461, 27865, 33587, 66700, 43316, 20226, 32501, 70699, 109766]"
113384,"[39345, 23408, 78804, 107161, 75889, 31310, 32203, 1563, 95726, 97520]"
113385,"[48423, 102635, 32901, 70980, 34360, 74905, 14529, 44958, 34198, 89017]"
113386,"[82320, 41709, 77728, 54940, 73486, 90142, 55427, 34531, 1310, 58875]"
113387,"[34120, 32218, 46858, 3009, 22373, 56457, 11266, 57030, 54055, 16255]"
113388,"[21903, 42256, 4221, 8981, 44790, 57769, 37652, 76809, 19675, 84253]"
113389,"[101880, 72445, 107730, 101900, 48024, 22499, 70725, 33620, 100299, 47938]"
113390,"[64713, 81032, 94773, 47417, 23977, 68051, 77764, 42541, 20222, 34920]"
113391,"[97524, 45950, 109240, 13248, 87949, 30115, 58925, 71004, 38620, 63230]"
113392,"[39542, 46353, 69485, 46891, 3991, 17574, 67846, 74562, 28898, 28761]"
113393,"[7073, 51105, 4031, 87960, 67828, 69554, 56142, 105520, 48382, 66391]"
113394,"[25544, 108558, 6222, 15506, 56321, 45695, 42487, 4083, 55015, 38055]"
113395,"[32712, 107902, 21856, 53052, 83915, 43509, 36598, 82871, 101300, 43174]"
113396,"[14903, 8579, 92496, 96433, 14811, 107994, 67577, 29760, 45382, 39556]"
113397,"[11495, 23483, 22134, 54603, 53068, 44005, 104935, 31685, 79560, 2865]"
113398,"[105570, 12767, 45400, 81796, 50708, 52281, 76515, 85885, 56019, 99298]"
113399,"[88310, 66681, 25746, 73515, 73526, 9037, 7474, 1976, 46243, 2084]"
113400,"[9403, 19858, 78461, 8879, 73637, 40088, 67553, 11449, 27514, 89528]"
113401,"[21042, 58987, 47540, 12508, 99756, 41251, 45747, 48075, 74249, 94435]"
113402,"[50700, 42192, 14825, 40537, 74837, 102051, 92265, 25567, 24354, 58566]"
113403,"[71422, 60051, 58214, 47603, 27989, 61388, 88557, 13402, 70048, 19409]"
113404,"[60432, 93058, 83719, 65145, 105471, 35644, 1130, 12089, 44375, 82277]"
113405,"[35654, 66772, 102169, 21093, 28453, 89424, 7926, 95412, 21469, 81182]"
113406,"[40221, 11832, 108033, 106909, 48442, 85448, 90695, 54795, 192, 82579]"
113407,"[1508, 63551, 82525, 55828, 1659, 73466, 101513, 86054, 92159, 61178]"
113408,"[4233, 66244, 69187, 78105, 104273, 49162, 61011, 9453, 75793, 98480]"
113409,"[15331, 57286, 41612, 40607, 3478, 12979, 59662, 86697, 59060, 84551]"
113410,"[46895, 63356, 49883, 85907, 38361, 96128, 82342, 87670, 60889, 34550]"
113411,"[36303, 98419, 109574, 56014, 72068, 26868, 89948, 27175, 22349, 25341]"
113412,"[3576, 6736, 62018, 68762, 79080, 82963, 19148, 53412, 35291, 77696]"
113413,"[42618, 27376, 39211, 81215, 35522, 91215, 48699, 104937, 69702, 60158]"
113414,"[47508, 27352, 51967, 106726, 72227, 3036, 89418, 47110, 98401, 43769]"
113415,"[83130, 25010, 93652, 38997, 96625, 71777, 34041, 17077, 103117, 7730]"
113416,"[85648, 28720, 85105, 92520, 26974, 84695, 85659, 29997, 94065, 93086]"
113417,"[18185, 81088, 42142, 63100, 56406, 84928, 51168, 2233, 56700, 35198]"
113418,"[33759, 6232, 52112, 60784, 25688, 89380, 5845, 2001, 82683, 101959]"
113419,"[85472, 107331, 82737, 26041, 33676, 11362, 91707, 97580, 58639, 79736]"
113420,"[93864, 47464, 9023, 105532, 36143, 68427, 89230, 83470, 39991, 33644]"
113421,"[13309, 35259, 89357, 45272, 73822, 6677, 63222, 71257, 33223, 71896]"
113422,"[43007, 80255, 13369, 99965, 87819, 54502, 10695, 72395, 18792, 2018]"
113423,"[38067, 32069, 94306, 75485, 107795, 103079, 107749, 72654, 84545, 48500]"
113424,"[79558, 42081, 97485, 104875, 92514, 90986, 95752, 25921, 6598, 55627]"
113425,"[39940, 109414, 30935, 47122, 86463, 54985, 5003, 91182, 78241, 5494]"
113426,"[80042, 88215, 85084, 53359, 241, 21902, 69332, 10430, 99575, 39476]"
113427,"[5195, 25925, 92521, 73612, 66075, 74159, 5356, 28217, 93554, 42989]"
113428,"[67623, 25130, 24042, 96091, 75517, 84544, 43050, 87263, 43670, 6295]"
113429,"[22864, 56495, 62404, 38692, 41959, 72310, 7097, 21076, 15568, 104080]"
113430,"[72020, 98131, 63951, 91667, 58548, 59602, 104010, 109563, 108111, 1176]"
113431,"[52641, 43358, 15804, 99947, 64553, 30544, 64676, 102816, 62224, 14286]"
113432,"[38144, 52224, 73090, 14761, 37526, 69934, 92334, 57826, 82634, 76078]"
113433,"[38872, 92920, 106081, 108412, 91967, 71581, 78445, 67099, 51709, 57095]"
113434,"[4170, 68234, 42027, 79888, 62688, 88222, 84556, 15047, 44301, 360]"
113435,"[61556, 32034, 64500, 56953, 108036, 13576, 68113, 7583, 28928, 36819]"
113436,"[74145, 50076, 79855, 92922, 39110, 81316, 66312, 53588, 45387, 62285]"
113437,"[72408, 19262, 10669, 14991, 47998, 85454, 32257, 10511, 68361, 2149]"
113438,"[60360, 67460, 46904, 1233, 19261, 17049, 22748, 3973, 53274, 50776]"
113439,"[34850, 51080, 77705, 39198, 89933, 109618, 39492, 96461, 70636, 24023]"
113440,"[98048, 13891, 30217, 109139, 105314, 27481, 89772, 36991, 107173, 90286]"
113441,"[103542, 70355, 77072, 65475, 101714, 91787, 8672, 2501, 99831, 40707]"
113442,"[58647, 40334, 46677, 74672, 25372, 5886, 18292, 35391, 89190, 68739]"
113443,"[26224, 26862, 92439, 20604, 95146, 83012, 96907, 105939, 98328, 75241]"
113444,"[34047, 108019, 4095, 92851, 72037, 18025, 37624, 1409, 68682, 64544]"
113445,"[105164, 70583, 30947, 52069, 79168, 13703, 14260, 80483, 73353, 84412]"
113446,"[53011, 79174, 79557, 97555, 49070, 28336, 36209, 6512, 64679, 70833]"
113447,"[27660, 40448, 10060, 78183, 94246, 77673, 87375, 61135, 49174, 47602]"
113448,"[69795, 4562, 104012, 49703, 82572, 80071, 67896, 66057, 81554, 67886]"
113449,"[98159, 4362, 78408, 3976, 43583, 12467, 26636, 51006, 57653, 22842]"
113450,"[88755, 43445, 25402, 36220, 44845, 94677, 58033, 84748, 79452, 96403]"
113451,"[8213, 103639, 21955, 59301, 59533, 6586, 36034, 4818, 89060, 54914]"
113452,"[93982, 45551, 12997, 83316, 82889, 84820, 10492, 87132, 7991, 1533]"
113453,"[77267, 60991, 27716, 65454, 98899, 712, 11855, 109363, 40186, 78226]"
113454,"[58107, 28737, 18428, 40683, 61775, 91457, 25889, 103087, 87451, 35816]"
113455,"[50699, 35611, 109334, 29875, 20138, 12839, 50292, 18391, 49534, 70509]"
113456,"[46724, 106517, 83606, 52033, 72839, 68631, 29974, 31014, 98905, 20707]"
113457,"[2792, 9950, 99447, 7777, 72092, 24586, 91910, 63606, 67035, 68164]"
113458,"[80281, 11705, 17834, 80677, 26473, 12155, 60664, 1950, 27851, 77948]"
113459,"[72229, 16191, 23850, 61969, 103753, 85148, 82666, 26557, 87132, 52801]"
113460,"[16311, 38327, 109744, 49350, 45276, 79501, 26397, 27479, 42739, 87758]"
113461,"[70573, 58353, 88541, 67873, 61281, 83893, 66483, 74781, 55227, 35277]"
113462,"[100204, 32236, 78735, 90059, 22995, 29203, 56205, 31313, 92066, 12470]"
113463,"[16967, 25720, 63454, 98270, 34509, 23242, 5966, 54180, 36017, 32279]"
113464,"[39705, 9736, 100377, 54033, 37021, 2909, 51535, 31092, 61140, 60516]"
113465,"[16978, 33195, 66056, 69579, 98487, 40292, 80097, 45945, 108139, 103649]"
113466,"[5058, 25858, 54320, 6085, 459, 91935, 62924, 7445, 31727, 8355]"
113467,"[49661, 96871, 81613, 71060, 62421, 53605, 59193, 60480, 36812, 87437]"
113468,"[64334, 86700, 58950, 79419, 19955, 2863, 49160, 67827, 21922, 9826]"
113469,"[29399, 50734, 67990, 7684, 36454, 18547, 46149, 58354, 4488, 101114]"
113470,"[90390, 68972, 16537, 49765, 72310, 70387, 23911, 48797, 27093, 55285]"
113471,"[15618, 16633, 18866, 5289, 98002, 62073, 93198, 38384, 15489, 7135]"
113472,"[8652, 53972, 89289, 42874, 28087, 25432, 97744, 47991, 34596, 98267]"
113473,"[45835, 27120, 54839, 50703, 67537, 24138, 14649, 76686, 12588, 86687]"
113474,"[57671, 63311, 100533, 24347, 42166, 35367, 60650, 69669, 17250, 104871]"
113475,"[71015, 106709, 71174, 99319, 6362, 104976, 66125, 9875, 6543, 73704]"
113476,"[89663, 35806, 12474, 28188, 25382, 87941, 17668, 24136, 94789, 96916]"
113477,"[30317, 16514, 65243, 52150, 54123, 65729, 29134, 55345, 86618, 37104]"
113478,"[4666, 91913, 100449, 41713, 15347, 104333, 22084, 59594, 50442, 20461]"
113479,"[26081, 66478, 90385, 89848, 9344, 2472, 46290, 11678, 92629, 55347]"
113480,"[97819, 85497, 71232, 20861, 71138, 76808, 64349, 95242, 82013, 8174]"
113481,"[5530, 15566, 76556, 47957, 28900, 92067, 69232, 803, 71799, 8159]"
113482,"[44236, 85064, 90022, 34300, 64343, 32777, 9376, 67437, 9441, 100886]"
113483,"[62784, 34975, 22876, 24984, 99564, 97334, 98711, 95938, 108062, 73263]"
113484,"[86357, 68563, 109344, 49942, 465, 735, 11992, 8278, 77360, 57802]"
113485,"[30224, 60683, 51520, 75081, 78937, 109231, 5830, 73151, 30196, 85675]"
113486,"[70133, 46947, 35543, 90985, 50689, 9438, 22439, 53350, 92044, 57737]"
113487,"[76665, 22570, 62403, 62223, 34882, 64918, 99250, 13292, 54413, 25701]"
113488,"[18678, 52793, 54114, 59906, 99019, 69519, 29747, 68014, 56157, 21989]"
113489,"[90202, 104533, 84366, 20730, 93513, 11209, 35499, 27164, 44007, 76350]"
113490,"[11482, 31953, 48765, 99473, 24152, 42728, 98150, 24914, 91196, 108126]"
113491,"[101033, 52360, 50741, 20265, 31557, 71013, 41337, 22076, 102828, 55067]"
113492,"[95533, 91600, 4539, 80963, 94770, 2739, 75677, 98075, 68465, 38478]"
113493,"[86731, 67689, 102845, 103034, 88259, 27810, 43831, 105831, 46611, 23059]"
113494,"[46701, 98928, 66345, 41517, 62913, 66563, 46158, 69513, 8208, 90717]"
113495,"[20183, 104647, 16702, 106367, 102125, 107729, 27848, 75158, 109088, 3197]"
113496,"[54446, 29649, 48825, 109566, 38511, 39026, 18417, 103128, 106438, 53976]"
113497,"[23625, 28941, 95863, 18967, 36361, 12011, 85119, 100908, 21237, 49655]"
113498,"[22574, 58269, 20708, 107360, 17597, 96484, 65167, 107008, 102693, 90520]"
113499,"[51462, 16523, 82047, 28556, 94170, 43500, 87252, 77899, 46577, 76849]"
113500,"[22200, 72503, 78872, 16236, 9899, 718, 4368, 84812, 69167, 8724]"
113501,"[61558, 76461, 80028, 98907, 6099, 35493, 84636, 70201, 62629, 56589]"
113502,"[28799, 20473, 101112, 99990, 63456, 4487, 48828, 100419, 66013, 26548]"
113503,"[53483, 33197, 42777, 100477, 4811, 91374, 92500, 94616, 80455, 78104]"
113504,"[105072, 89058, 68985, 96697, 18128, 64249, 61834, 30706, 11716, 85894]"
113505,"[41228, 74112, 98961, 93353, 87551, 24099, 1149, 86313, 66765, 91690]"
113506,"[58346, 54716, 15372, 88845, 83691, 11463, 96152, 59283, 102273, 73229]"
113507,"[514, 86109, 3419, 50874, 23442, 108444, 68498, 25343, 56430, 73769]"
113508,"[62142, 22153, 109489, 49804, 64003, 23593, 11361, 70071, 79416, 2447]"
113509,"[103895, 57112, 78099, 73528, 63111, 41733, 4637, 101896, 86218, 99935]"
113510,"[88099, 23195, 108335, 6918, 73778, 98040, 4571, 105468, 3437, 52847]"
113511,"[6261, 6846, 68495, 39371, 57518, 39487, 72449, 15830, 84258, 94461]"
113512,"[6327, 4806, 79486, 95221, 26213, 97748, 90946, 94583, 44428, 26247]"
113513,"[55310, 58044, 4283, 6191, 83387, 64629, 41507, 83146, 77632, 57851]"
113514,"[66573, 72809, 102852, 77692, 10950, 29305, 48432, 49209, 64159, 103062]"
113515,"[44501, 36484, 32512, 70353, 109736, 61750, 88272, 11657, 22997, 85197]"
113516,"[32346, 50792, 18735, 33076, 35515, 38549, 97277, 58232, 36722, 102864]"
113517,"[71069, 2691, 61159, 8884, 100687, 24462, 79462, 57116, 7489, 33912]"
113518,"[66833, 95321, 17783, 62336, 55135, 67011, 31515, 92775, 89177, 38110]"
113519,"[36431, 61330, 108826, 65195, 66560, 48823, 55386, 18742, 2197, 38200]"
113520,"[52173, 66762, 108831, 97753, 81264, 41606, 97456, 27713, 39495, 63029]"
113521,"[16686, 40974, 97024, 52112, 45989, 92975, 29966, 22907, 64298, 5741]"
113522,"[20778, 29997, 87250, 84909, 64798, 97097, 84320, 85352, 55749, 36336]"
113523,"[40718, 69961, 11557, 91331, 27630, 52679, 109008, 5112, 37782, 8411]"
113524,"[34832, 44287, 50200, 94262, 13355, 31745, 76874, 98234, 14966, 65530]"
113525,"[34921, 55468, 83458, 55379, 83816, 48629, 73843, 60559, 57013, 27922]"
113526,"[42514, 49961, 66680, 12557, 53233, 81095, 98143, 59184, 89981, 38542]"
113527,"[68039, 629, 4740, 33498, 85031, 45900, 105543, 61015, 105469, 87695]"
113528,"[104804, 99035, 33263, 96043, 2059, 72865, 52831, 57429, 64416, 33628]"
113529,"[32497, 42429, 69746, 52321, 19842, 81086, 26736, 80282, 14944, 22457]"
113530,"[101137, 72689, 82420, 62751, 78525, 80989, 11778, 102707, 2351, 66925]"
113531,"[43563, 83375, 93360, 34002, 6169, 23883, 22635, 9546, 58669, 87225]"
113532,"[90382, 69092, 103003, 61810, 33992, 97650, 16079, 100852, 31482, 81322]"
113533,"[88461, 43515, 61217, 52514, 86832, 83042, 91152, 65474, 107134, 72131]"
113534,"[106220, 92975, 72637, 96099, 86717, 98272, 16627, 81645, 63538, 20537]"
113535,"[108098, 96233, 43371, 106506, 20742, 109104, 4593, 35228, 55605, 34615]"
113536,"[25473, 21209, 14326, 24265, 66612, 52198, 77313, 95299, 71165, 58066]"
113537,"[69260, 76713, 1980, 70324, 91927, 89476, 42378, 2779, 109300, 87609]"
113538,"[18822, 10928, 98939, 36242, 55736, 104526, 68798, 59124, 97757, 68306]"
113539,"[70841, 67224, 26532, 33402, 47061, 4178, 83458, 15694, 15528, 40479]"
113540,"[96753, 104912, 105757, 21443, 31631, 13165, 26773, 54372, 12118, 81728]"
113541,"[79580, 101220, 40900, 57038, 101273, 27554, 100540, 48189, 37490, 15028]"
113542,"[107373, 96774, 49917, 18435, 101079, 69853, 56710, 13596, 46920, 2854]"
113543,"[35897, 6438, 8279, 53918, 64921, 58264, 82567, 45228, 92258, 59939]"
113544,"[24229, 64549, 40152, 31673, 59572, 68010, 55666, 45832, 11523, 99287]"
113545,"[79417, 45516, 42404, 241, 21902, 34291, 80042, 39476, 8519, 85084]"
113546,"[60073, 39070, 84531, 25900, 91861, 10506, 50440, 81142, 457, 83108]"
113547,"[95482, 4281, 52451, 89884, 64005, 95545, 81865, 91242, 8134, 61293]"
113548,"[3117, 106097, 43357, 46485, 712, 65027, 98590, 10214, 12370, 82756]"
113549,"[19089, 6200, 99502, 81413, 9767, 54170, 107150, 33098, 52763, 61905]"
113550,"[71591, 37262, 106767, 23750, 20119, 98961, 73638, 23881, 5088, 92935]"
113551,"[86604, 51722, 97696, 106932, 91298, 92578, 109, 56902, 91185, 40696]"
113552,"[101102, 94990, 42613, 21937, 74978, 40394, 20179, 36119, 23210, 105364]"
113553,"[31723, 82104, 8503, 65844, 61907, 69794, 25884, 108488, 34559, 100391]"
113554,"[96886, 93214, 89455, 47792, 45995, 68280, 12632, 18516, 66150, 106006]"
113555,"[85525, 8140, 29670, 52331, 1772, 95003, 35059, 78713, 30264, 72815]"
113556,"[81910, 102806, 12255, 17834, 12155, 10489, 15765, 30592, 107481, 80281]"
113557,"[73571, 43603, 104156, 89600, 40707, 66869, 51961, 70076, 46296, 33413]"
113558,"[51068, 76849, 53565, 49094, 7568, 92021, 25749, 70190, 94170, 48254]"
113559,"[62382, 68080, 101141, 40071, 67198, 7993, 96235, 24546, 70255, 4015]"
113560,"[14788, 46008, 12267, 57276, 23716, 1351, 48508, 92089, 28980, 80400]"
113561,"[101697, 53054, 14263, 17553, 68162, 26317, 80362, 83034, 92495, 101599]"
113562,"[80939, 108264, 28829, 46403, 79895, 27118, 32716, 88602, 21416, 24544]"
113563,"[92675, 56383, 32978, 77834, 80439, 89361, 25897, 65436, 63957, 51912]"
113564,"[48067, 48251, 11685, 49669, 42241, 42231, 29363, 5732, 10549, 36097]"
113565,"[87182, 7335, 89969, 105246, 107265, 42222, 2096, 56239, 20197, 35868]"
113566,"[19569, 88207, 46603, 7798, 17322, 71795, 64320, 64445, 53933, 83432]"
113567,"[75464, 21015, 87916, 22024, 67933, 77594, 48748, 76425, 9538, 29561]"
113568,"[53301, 56543, 98578, 30240, 95720, 70406, 57268, 24905, 36558, 68309]"
113569,"[81615, 52173, 106532, 89655, 96173, 16102, 29036, 94788, 66292, 71409]"
113570,"[10339, 17885, 106959, 73557, 24174, 60829, 20719, 34806, 77029, 36677]"
113571,"[85166, 89489, 36124, 16863, 58723, 68918, 71675, 67656, 108764, 55876]"
113572,"[97986, 75604, 85221, 9111, 837, 10378, 11650, 107350, 56634, 15251]"
113573,"[36608, 22599, 37687, 50311, 18765, 29381, 84581, 8647, 31795, 37664]"
113574,"[97820, 197, 46176, 74111, 20749, 52775, 41813, 36702, 50177, 81106]"
113575,"[86319, 97082, 43915, 86125, 93186, 76149, 36216, 85558, 90661, 70913]"
113576,"[107389, 98652, 17186, 28918, 32681, 87377, 61001, 80308, 67976, 65272]"
113577,"[17006, 90633, 10367, 36896, 8821, 54793, 100254, 38522, 59445, 74817]"
113578,"[43954, 47891, 19759, 49077, 74266, 87345, 12200, 92892, 68922, 101947]"
113579,"[106336, 55138, 92239, 91934, 36731, 77379, 59075, 52136, 5436, 52712]"
113580,"[26452, 96700, 69110, 11207, 62645, 86876, 66924, 95153, 2901, 6380]"
113581,"[1550, 34158, 94328, 100173, 101141, 85845, 87423, 5140, 40071, 46963]"
113582,"[56013, 14705, 38109, 22098, 60521, 67579, 22995, 101260, 31313, 55400]"
113583,"[108675, 50886, 70869, 107517, 12123, 56183, 2620, 74002, 2414, 29980]"
113584,"[83969, 77783, 101649, 90000, 59405, 27435, 73584, 4624, 28662, 14672]"
113585,"[74678, 81933, 76753, 27769, 11508, 8627, 58952, 50698, 108365, 108009]"
113586,"[2711, 11453, 57387, 57242, 100975, 24278, 52922, 103054, 90602, 29294]"
113587,"[3405, 41990, 93833, 1812, 663, 19431, 26722, 28364, 65171, 10141]"
113588,"[20889, 21695, 32470, 64097, 84614, 64357, 41219, 17754, 30478, 107012]"
113589,"[81402, 91343, 29204, 73404, 49419, 5785, 46857, 33143, 19572, 76832]"
113590,"[80205, 49872, 4736, 28968, 104048, 98564, 79383, 55841, 46087, 78017]"
113591,"[60304, 64592, 89415, 46022, 77380, 45236, 76214, 47836, 10440, 84706]"
113592,"[31787, 83373, 66975, 49700, 109462, 49864, 43645, 107058, 18349, 48164]"
113593,"[68854, 18087, 84340, 92207, 1693, 48423, 32538, 29321, 10535, 93391]"
113594,"[79779, 25199, 41021, 3672, 97872, 16671, 11686, 505, 83095, 1966]"
113595,"[28787, 61858, 72896, 34221, 91038, 7178, 38537, 16145, 24645, 67197]"
113596,"[94192, 54229, 83654, 49418, 7311, 66384, 51038, 50246, 78511, 46533]"
113597,"[32797, 75322, 41780, 108983, 59595, 7357, 38532, 24770, 94509, 72817]"
113598,"[67297, 64059, 106537, 71762, 109201, 61996, 15255, 26472, 56304, 14254]"
113599,"[76983, 74452, 105639, 109068, 1043, 91256, 7709, 21201, 41434, 56220]"
113600,"[37802, 60990, 39137, 61011, 16929, 62002, 41125, 44098, 98312, 10048]"
113601,"[107464, 30062, 26616, 88839, 87513, 72226, 52260, 104899, 26827, 37924]"
113602,"[87289, 51634, 36229, 102390, 97865, 53142, 65537, 49775, 31622, 66064]"
113603,"[13790, 25803, 104565, 737, 42798, 103840, 12768, 45286, 60051, 23946]"
113604,"[80240, 32197, 91900, 4072, 42180, 10236, 51665, 50313, 7333, 58426]"
113605,"[75681, 47291, 65084, 2154, 109366, 41223, 3308, 105585, 79928, 7579]"
113606,"[28739, 53949, 100943, 30301, 81476, 96546, 62431, 94343, 39053, 29803]"
113607,"[85195, 52770, 40040, 73888, 102819, 88270, 34395, 96462, 91656, 10677]"
113608,"[96656, 2586, 65546, 95017, 52601, 69888, 106138, 72511, 15285, 8552]"
113609,"[76287, 66486, 34931, 76333, 33622, 45853, 88977, 47753, 38677, 57598]"
113610,"[61254, 19800, 104145, 94830, 65272, 84759, 45697, 65414, 11656, 80867]"
113611,"[35984, 43442, 89059, 94766, 30070, 41674, 86017, 102429, 50301, 23515]"
113612,"[50789, 52958, 14765, 78121, 61647, 9675, 41100, 51743, 108949, 34613]"
113613,"[30565, 46438, 15338, 109088, 5952, 34403, 23346, 105070, 22221, 84946]"
113614,"[72682, 99062, 84217, 64061, 8609, 91888, 27790, 78744, 32894, 105705]"
113615,"[56757, 101474, 68623, 5120, 90992, 57956, 49824, 58975, 32460, 80048]"
113616,"[9939, 20671, 79054, 72456, 13956, 51343, 109076, 106394, 26010, 56619]"
113617,"[90969, 26249, 89747, 26184, 56040, 107986, 41298, 22487, 15984, 101268]"
113618,"[52468, 10518, 109330, 20697, 89184, 96639, 9565, 75954, 18855, 31097]"
113619,"[38035, 5047, 31487, 66465, 62922, 2195, 515, 91361, 21329, 101537]"
113620,"[5536, 81182, 7789, 61899, 35654, 71223, 7926, 95970, 97790, 97394]"
113621,"[31821, 34377, 105998, 75660, 57660, 41833, 92746, 56602, 108156, 55060]"
113622,"[52964, 82986, 61719, 41816, 8463, 37380, 60416, 61257, 13009, 60758]"
113623,"[24302, 4193, 76200, 36137, 94441, 46472, 1140, 42026, 88802, 103544]"
113624,"[32891, 72143, 78704, 94084, 20591, 42006, 45045, 68377, 104068, 22050]"
113625,"[88191, 90960, 44656, 94714, 63814, 61822, 45703, 92561, 82778, 46931]"
113626,"[24545, 74576, 98680, 76782, 104296, 46155, 11077, 74798, 104392, 75173]"
113627,"[25630, 1364, 93007, 17153, 97112, 85691, 79500, 55457, 97993, 64158]"
113628,"[38165, 62378, 85030, 73133, 8242, 95716, 96693, 50084, 70928, 26875]"
113629,"[102286, 94590, 74041, 37381, 20793, 65240, 49359, 77847, 40691, 56072]"
113630,"[87607, 30086, 40312, 79155, 41009, 22803, 61803, 30227, 13101, 109149]"
113631,"[9822, 79669, 108007, 86491, 80685, 37204, 61528, 86376, 16060, 64146]"
113632,"[18150, 11630, 105833, 103623, 73339, 38316, 50978, 79920, 26223, 52864]"
113633,"[106063, 13740, 56493, 13463, 13994, 56441, 6926, 26564, 4694, 73377]"
113634,"[39600, 87415, 102626, 28761, 41343, 19703, 65584, 53961, 28211, 27886]"
113635,"[26635, 93276, 2094, 18239, 45993, 102786, 89483, 29794, 26016, 109323]"
113636,"[70899, 12442, 44325, 37295, 107952, 32749, 44374, 52499, 108873, 5591]"
113637,"[40743, 67795, 90490, 64141, 8895, 77304, 64057, 94769, 37561, 28494]"
113638,"[82624, 90116, 101615, 54794, 88921, 106139, 59839, 62912, 40247, 20533]"
113639,"[35554, 34697, 59491, 50337, 101756, 23678, 74457, 94486, 684, 91520]"
113640,"[34698, 47797, 30534, 58922, 60907, 52913, 54798, 86242, 7008, 98493]"
113641,"[25311, 78206, 8050, 7734, 68386, 89239, 15508, 14805, 24267, 37982]"
113642,"[59528, 25500, 8148, 108166, 52118, 76831, 94853, 24463, 62263, 46104]"
113643,"[1921, 54096, 74760, 53926, 94398, 78912, 47860, 47459, 46232, 74079]"
113644,"[73453, 62432, 65320, 29813, 67681, 29656, 96211, 69603, 29927, 73341]"
113645,"[16168, 61571, 43595, 67010, 37859, 14028, 83730, 23935, 35331, 26956]"
113646,"[45544, 73717, 83442, 50474, 83711, 46165, 44324, 80528, 109491, 49893]"
113647,"[9284, 23420, 78417, 19624, 20509, 7138, 34517, 65571, 105846, 43149]"
113648,"[18187, 36153, 87969, 59258, 8597, 100859, 71503, 104669, 69028, 39653]"
113649,"[16782, 9494, 8546, 2926, 73352, 94519, 23092, 19108, 12638, 102680]"
113650,"[26292, 4110, 108799, 14945, 55066, 42676, 75745, 49748, 39184, 106876]"
113651,"[33625, 58267, 57759, 33607, 53160, 88066, 84297, 8300, 77106, 72026]"
113652,"[93820, 57350, 29654, 68926, 83750, 56803, 18602, 53276, 49773, 25976]"
113653,"[35915, 24217, 30556, 59637, 5947, 264, 99390, 55198, 105299, 38300]"
113654,"[45964, 56993, 98004, 103768, 96016, 57548, 60892, 17218, 32670, 27900]"
113655,"[68919, 71759, 94339, 2428, 106762, 48886, 104483, 19307, 29920, 63591]"
113656,"[104088, 106735, 49723, 35230, 97381, 6002, 82781, 37185, 3891, 5611]"
113657,"[97471, 29230, 81808, 23662, 401, 8093, 41970, 12039, 71496, 103223]"
113658,"[95468, 70102, 10409, 22807, 28673, 40738, 104393, 77894, 50005, 18062]"
113659,"[91976, 102944, 3368, 41947, 49682, 36260, 28970, 58133, 57927, 37159]"
113660,"[30589, 24963, 54545, 87206, 89940, 91868, 58311, 10942, 44967, 77276]"
113661,"[81473, 39188, 43558, 3671, 57724, 24556, 15278, 29825, 25991, 60100]"
113662,"[71579, 22022, 23355, 529, 100463, 2150, 93713, 43495, 42257, 36176]"
113663,"[12456, 91501, 34424, 70110, 6442, 41673, 105174, 40611, 15113, 48553]"
113664,"[65565, 47624, 88292, 9720, 101644, 51447, 76830, 45545, 15179, 62930]"
113665,"[39552, 18099, 11212, 37123, 76479, 89939, 45960, 37572, 74061, 52341]"
113666,"[36357, 18542, 30940, 59987, 15908, 36031, 71740, 42387, 21282, 57061]"
113667,"[18225, 107330, 104559, 93031, 41814, 98370, 72594, 82723, 86387, 96362]"
113668,"[85121, 47873, 55595, 8294, 75252, 85959, 93806, 83557, 93857, 26680]"
113669,"[64547, 25112, 33216, 67111, 13516, 93509, 67909, 3325, 15418, 82011]"
113670,"[78871, 50162, 42638, 78469, 18408, 97586, 50930, 77345, 75311, 88205]"
113671,"[49286, 79465, 5526, 27802, 82277, 14661, 13, 61013, 103891, 53594]"
113672,"[31139, 53345, 9907, 64159, 6, 87693, 37896, 2255, 51666, 92356]"
113673,"[20339, 58224, 44876, 19856, 6644, 80975, 2542, 81190, 12662, 45883]"
113674,"[34740, 90352, 55480, 51258, 87363, 90051, 9084, 35184, 1005, 49785]"
113675,"[27455, 95173, 47731, 3912, 71041, 63326, 42838, 95438, 49528, 66060]"
113676,"[103918, 44176, 22323, 109321, 6453, 20823, 75487, 25158, 11763, 37225]"
113677,"[15914, 22207, 32115, 90893, 90070, 106157, 9773, 3241, 104433, 63933]"
113678,"[75843, 61031, 19535, 39129, 107234, 72549, 106674, 22953, 105252, 6888]"
113679,"[2226, 3111, 54623, 71571, 19655, 35371, 54872, 70405, 4087, 43762]"
113680,"[47592, 8406, 14054, 40699, 82080, 31589, 5911, 26718, 13114, 81960]"
113681,"[74307, 87936, 99764, 78132, 4895, 33252, 59297, 82922, 40475, 30011]"
113682,"[57264, 74046, 527, 16016, 29011, 82837, 42295, 59071, 82912, 57585]"
113683,"[13561, 66012, 84336, 77629, 89297, 56385, 88034, 62651, 73487, 11216]"
113684,"[63619, 103798, 52727, 555, 10072, 14440, 64625, 95419, 51372, 49016]"
113685,"[16839, 96935, 29116, 18996, 86, 64489, 39554, 13089, 29804, 25053]"
113686,"[29942, 54203, 21184, 100708, 103945, 16053, 39508, 93819, 107139, 84212]"
113687,"[102949, 37405, 78210, 92897, 83257, 39999, 86026, 91439, 77570, 35774]"
113688,"[2559, 90397, 99553, 42029, 48206, 80255, 5884, 18954, 15451, 32852]"
113689,"[67954, 61169, 77731, 67059, 77964, 49169, 46567, 27838, 84785, 93020]"
113690,"[109484, 19131, 24803, 90127, 92651, 22662, 27592, 56733, 75986, 70810]"
113691,"[84530, 100172, 97429, 53962, 44915, 37468, 1995, 9770, 36393, 76020]"
113692,"[72682, 65820, 28988, 8609, 22735, 20772, 99062, 46586, 94762, 84217]"
113693,"[16635, 102157, 81671, 53290, 70504, 50735, 94863, 29135, 53073, 108721]"
113694,"[83432, 78605, 90026, 3357, 215, 54958, 85995, 93752, 60260, 41206]"
113695,"[30287, 102755, 30255, 76798, 68602, 31873, 89581, 85331, 91113, 29983]"
113696,"[95596, 61369, 98135, 58519, 53986, 55994, 22075, 103952, 102854, 101965]"
113697,"[56220, 76983, 88345, 15173, 99019, 59906, 52051, 16206, 22846, 74452]"
113698,"[54742, 105121, 56798, 57830, 82400, 103331, 106116, 61096, 13303, 47515]"
113699,"[76035, 97388, 60800, 2869, 90398, 33806, 70372, 107478, 96948, 106380]"
113700,"[90176, 103967, 56877, 84662, 94312, 57406, 11253, 53839, 12531, 67124]"
113701,"[67414, 106221, 48669, 32879, 44425, 18040, 40826, 21548, 10942, 87206]"
113702,"[53541, 78366, 72498, 105960, 51551, 4715, 43760, 15773, 13328, 103500]"
113703,"[4296, 6127, 44316, 42480, 46585, 64735, 101803, 71923, 49167, 8066]"
113704,"[18899, 77398, 107958, 58211, 34367, 28368, 70039, 104541, 21888, 58317]"
113705,"[59927, 37254, 35041, 85868, 31218, 59880, 55321, 43593, 12138, 58687]"
113706,"[35153, 37983, 86103, 75284, 90479, 8577, 11714, 8699, 104619, 77270]"
113707,"[18251, 62817, 30895, 75315, 75594, 74027, 52085, 47773, 10338, 55577]"
113708,"[94171, 78296, 57820, 40615, 49977, 101257, 102886, 64446, 11089, 31500]"
113709,"[80873, 23169, 86767, 65899, 63793, 7167, 5898, 81241, 4926, 73829]"
113710,"[61473, 72059, 29741, 3938, 56004, 29408, 38206, 50893, 49594, 22671]"
113711,"[22796, 59216, 108281, 101908, 37333, 87213, 102653, 92236, 54368, 12359]"
113712,"[54891, 69239, 91080, 39512, 92440, 70087, 105220, 66319, 107943, 80121]"
113713,"[27033, 56002, 13693, 91157, 91684, 3605, 17444, 90780, 104255, 55999]"
113714,"[67698, 81530, 101921, 50641, 77986, 11474, 38530, 36966, 179, 37135]"
113715,"[9163, 85574, 47771, 28363, 87523, 79093, 33850, 70640, 88132, 16105]"
113716,"[44369, 105199, 17727, 33826, 76543, 69556, 39979, 92548, 58036, 53133]"
113717,"[5530, 11615, 36905, 20465, 51697, 12417, 21412, 42830, 61742, 35619]"
113718,"[81557, 37570, 6982, 104450, 36349, 107806, 41749, 92884, 7742, 55879]"
113719,"[20141, 54294, 65132, 3971, 51328, 14427, 10100, 101543, 101101, 45460]"
113720,"[73192, 68082, 85583, 7226, 80081, 50736, 47125, 73354, 21013, 34722]"
113721,"[46134, 10566, 40756, 29245, 78482, 9529, 104326, 701, 49707, 59800]"
113722,"[106727, 66972, 63718, 71948, 9140, 81467, 10963, 96594, 63779, 32848]"
113723,"[84955, 90324, 60908, 77850, 37552, 52218, 57898, 5277, 16326, 101418]"
113724,"[23857, 21088, 81881, 105922, 51959, 40296, 76259, 11022, 86982, 10676]"
113725,"[47350, 35241, 56088, 87202, 24896, 91162, 60299, 91675, 39227, 65798]"
113726,"[42435, 105041, 72244, 46288, 90524, 43118, 82084, 85089, 22984, 33524]"
113727,"[12147, 18401, 11420, 52356, 22570, 85543, 54413, 13292, 105736, 76665]"
113728,"[86835, 62519, 69382, 21560, 91851, 92658, 66087, 16065, 100571, 53652]"
113729,"[75303, 47721, 109410, 96075, 66032, 62265, 64094, 89013, 20360, 9908]"
113730,"[14079, 29470, 79385, 41039, 14921, 94620, 32864, 58074, 31503, 82308]"
113731,"[11249, 97067, 63286, 12695, 88896, 10281, 35469, 39369, 29263, 44498]"
113732,"[43272, 11102, 66970, 74169, 61672, 95151, 15267, 75800, 18168, 36478]"
113733,"[8666, 63339, 41530, 84277, 7425, 31651, 79863, 54682, 57535, 1501]"
113734,"[88591, 69854, 43282, 27477, 76277, 51775, 104372, 94547, 4730, 36912]"
113735,"[57807, 27231, 93889, 78633, 34513, 42496, 67287, 13803, 28917, 88798]"
113736,"[94015, 98904, 14480, 102667, 47521, 18882, 20446, 24358, 11824, 12704]"
113737,"[22996, 78294, 35346, 36080, 65311, 85837, 35468, 89030, 17176, 19138]"
113738,"[99187, 27436, 16591, 56658, 7322, 70502, 108431, 4045, 19016, 99973]"
113739,"[86320, 62430, 101053, 61068, 93986, 59549, 347, 6595, 80967, 46714]"
113740,"[97108, 55810, 20244, 43103, 15211, 96867, 96648, 39669, 11725, 99504]"
113741,"[44973, 52664, 77921, 95755, 98849, 73132, 15635, 66356, 41835, 1910]"
113742,"[11411, 76739, 25129, 44500, 99997, 87178, 85796, 38437, 97935, 81810]"
113743,"[109526, 97575, 1185, 2573, 28816, 54324, 1191, 59589, 48433, 31362]"
113744,"[89873, 97547, 26554, 82165, 83108, 28018, 47409, 76649, 108245, 90318]"
113745,"[57361, 19215, 2639, 13036, 107678, 69796, 7497, 22187, 36250, 40346]"
113746,"[71818, 92630, 89646, 73821, 4582, 43544, 27351, 83371, 99621, 93282]"
113747,"[108977, 27050, 100796, 43163, 3574, 83551, 71317, 67853, 13134, 84046]"
113748,"[10215, 18805, 105419, 19522, 47419, 35801, 53204, 40847, 78828, 86542]"
113749,"[109480, 29742, 88869, 106013, 100974, 4204, 739, 71847, 32106, 33743]"
113750,"[98527, 90195, 48804, 107093, 16881, 39186, 74758, 44499, 71044, 57600]"
113751,"[6175, 59687, 6486, 92486, 44231, 54318, 14105, 71215, 19587, 58349]"
113752,"[25711, 50550, 17924, 106093, 19245, 76500, 47663, 56185, 79960, 72792]"
113753,"[40905, 65932, 30958, 62116, 74222, 31103, 95929, 105805, 43881, 106691]"
113754,"[47905, 46788, 70277, 72540, 86292, 27321, 69772, 37693, 68316, 77972]"
113755,"[34998, 49784, 44502, 36275, 96134, 74739, 47829, 78892, 55541, 20569]"
113756,"[40186, 106569, 65858, 7345, 53270, 61353, 78779, 14990, 98590, 20621]"
113757,"[52564, 62492, 107314, 31348, 623, 89066, 7263, 103028, 42870, 24116]"
113758,"[90203, 75411, 36101, 53197, 86722, 84552, 28266, 94710, 76215, 21845]"
113759,"[90439, 105738, 21734, 42232, 17079, 70847, 54625, 20059, 61117, 48358]"
113760,"[108020, 1053, 74937, 98995, 10551, 25608, 6191, 86316, 69650, 5484]"
113761,"[100625, 93182, 28864, 85572, 59548, 84293, 30677, 17386, 14993, 97159]"
113762,"[101145, 20058, 87477, 102464, 62123, 92023, 89001, 47348, 24331, 33759]"
113763,"[5259, 34496, 108990, 55071, 9704, 28974, 96399, 23149, 53209, 58314]"
113764,"[26284, 58554, 56476, 92999, 50116, 64920, 58124, 74808, 46070, 70483]"
113765,"[60397, 106216, 93563, 65055, 74363, 52642, 24935, 31885, 108063, 74455]"
113766,"[19147, 52165, 61795, 27406, 21966, 66885, 6668, 9991, 7173, 97617]"
113767,"[93229, 59754, 86815, 17429, 50298, 1025, 61080, 49924, 61970, 48098]"
113768,"[19973, 90007, 37667, 78379, 90673, 21113, 102036, 5414, 33687, 51449]"
113769,"[99670, 100570, 34563, 107638, 21315, 40057, 4369, 93500, 22357, 29287]"
113770,"[53665, 92909, 81251, 103394, 69502, 33374, 8033, 84375, 88190, 78074]"
113771,"[47010, 36874, 78148, 86831, 10801, 4725, 102720, 79409, 85473, 27929]"
113772,"[107495, 6887, 62362, 35441, 34329, 68862, 55026, 105272, 66881, 104337]"
113773,"[83589, 104233, 45017, 90035, 2519, 96030, 42342, 86453, 7419, 90464]"
113774,"[15686, 71012, 22844, 6140, 68191, 102166, 31922, 19952, 48113, 104491]"
113775,"[3361, 27209, 86582, 49689, 93361, 40647, 48657, 23607, 3656, 90168]"
113776,"[95568, 91163, 106214, 51796, 34851, 33458, 51756, 7473, 75535, 80778]"
113777,"[20478, 52639, 85165, 27016, 74349, 11227, 43458, 109477, 74360, 3516]"
113778,"[77814, 11060, 100042, 97666, 47546, 28284, 20934, 86476, 76813, 19276]"
113779,"[37799, 2810, 51268, 109660, 97618, 66565, 43267, 27357, 25506, 85338]"
113780,"[94938, 97238, 95460, 99829, 18321, 35853, 21004, 58626, 3570, 16074]"
113781,"[9095, 95920, 105026, 104809, 62989, 56850, 18960, 32320, 27087, 104517]"
113782,"[14967, 87681, 99696, 87208, 27640, 90142, 70860, 31534, 103129, 42712]"
113783,"[33248, 106648, 87335, 60022, 69093, 67725, 103727, 20463, 103702, 7388]"
113784,"[93083, 55168, 63062, 9367, 84294, 32289, 7289, 86945, 102275, 16587]"
113785,"[32810, 91556, 38028, 37607, 26783, 28837, 47824, 71558, 10588, 82173]"
113786,"[23669, 104449, 36544, 79359, 79713, 102632, 423, 76601, 39264, 18993]"
113787,"[84822, 54169, 84673, 80716, 16212, 107048, 68986, 89703, 11430, 50545]"
113788,"[39726, 31342, 86505, 81899, 77771, 42934, 64507, 32838, 74201, 55364]"
113789,"[32350, 54342, 55785, 58216, 70679, 41065, 63325, 80008, 21608, 31583]"
113790,"[46125, 30727, 61334, 82884, 98356, 68196, 101431, 28003, 54539, 105479]"
113791,"[90082, 9638, 49713, 42845, 99924, 72561, 106137, 59890, 31136, 49172]"
113792,"[63446, 102187, 33316, 35400, 3677, 14754, 10039, 14591, 794, 5082]"
113793,"[2298, 3572, 78867, 93546, 93819, 46468, 75948, 43648, 9366, 637]"
113794,"[106556, 91452, 18146, 5959, 9561, 10809, 77566, 70349, 107091, 55159]"
113795,"[100626, 23024, 76282, 10823, 63486, 92588, 106112, 68650, 70224, 89220]"
113796,"[105096, 41500, 56526, 68181, 13075, 37816, 74101, 100456, 35997, 84113]"
113797,"[95544, 16998, 17241, 92243, 19222, 5401, 7821, 74746, 43826, 2445]"
113798,"[48990, 561, 102333, 100153, 88861, 86049, 103040, 83614, 40696, 2920]"
113799,"[58903, 66888, 84180, 57357, 44645, 13472, 45218, 15897, 81220, 101714]"
113800,"[39150, 54009, 104436, 48033, 94233, 34628, 55145, 26192, 93037, 81383]"
113801,"[71, 62857, 48857, 16860, 85504, 26952, 62227, 46676, 101985, 65035]"
113802,"[105082, 52037, 47775, 13216, 12777, 11066, 80703, 64578, 16670, 20770]"
113803,"[7825, 79044, 78298, 11697, 6157, 56425, 27595, 105396, 104816, 69007]"
113804,"[86805, 18362, 88971, 70364, 3835, 97603, 80801, 35610, 44019, 93231]"
113805,"[37267, 22950, 92418, 44517, 40676, 12701, 94383, 20149, 56260, 50607]"
113806,"[99205, 86402, 35582, 97532, 59233, 59677, 83145, 88969, 4870, 107289]"
113807,"[28383, 50227, 82036, 78072, 45038, 22485, 8813, 89100, 55919, 70267]"
113808,"[7053, 19546, 93809, 107301, 67541, 92185, 23802, 69588, 86097, 38745]"
113809,"[9459, 101089, 54869, 109100, 64011, 25800, 46493, 33606, 27706, 8536]"
113810,"[73405, 105037, 102985, 98106, 71172, 87021, 41098, 71664, 54534, 84116]"
113811,"[108453, 82819, 13278, 58527, 37986, 98371, 11991, 43521, 39246, 108875]"
113812,"[38397, 15080, 11265, 104134, 10422, 23145, 33081, 23601, 59017, 32922]"
113813,"[86036, 53693, 17129, 105313, 36980, 107123, 100278, 69615, 40532, 9713]"
113814,"[88744, 81565, 68811, 28248, 43531, 6339, 100627, 37161, 11805, 75014]"
113815,"[13264, 105864, 21484, 4832, 45595, 70821, 100219, 42634, 103215, 4431]"
113816,"[63328, 13393, 103549, 78000, 49181, 72543, 19213, 85945, 30204, 13664]"
113817,"[35483, 38935, 73222, 40002, 40481, 63120, 28291, 96837, 66865, 91365]"
113818,"[28756, 31518, 107183, 17846, 98878, 103234, 99494, 2806, 46689, 35473]"
113819,"[50620, 28880, 80059, 42842, 41026, 40796, 89860, 99409, 75211, 40597]"
113820,"[70049, 39649, 28120, 48485, 49873, 101272, 100973, 80401, 21483, 43466]"
113821,"[58064, 17708, 41148, 96756, 39887, 41908, 58437, 40282, 1873, 107617]"
113822,"[47301, 44539, 29441, 39151, 5854, 75189, 21210, 108406, 25245, 104503]"
113823,"[66914, 21283, 40554, 102150, 85991, 39016, 69066, 6924, 13486, 38164]"
113824,"[66943, 72163, 87941, 53966, 26618, 50045, 50602, 9651, 23060, 15535]"
113825,"[63617, 102176, 5693, 73129, 63167, 73570, 5497, 88526, 95534, 59560]"
113826,"[84640, 73682, 55092, 91803, 69812, 79771, 33662, 18827, 107448, 91338]"
113827,"[7317, 57215, 87107, 33082, 61908, 19114, 79996, 56436, 77907, 98414]"
113828,"[109758, 2832, 99154, 20659, 96133, 15375, 48156, 12684, 86460, 21479]"
113829,"[90085, 64044, 106882, 82747, 108041, 94706, 90610, 92115, 29222, 14957]"
113830,"[103252, 70846, 9184, 83644, 5737, 36461, 91838, 23268, 35280, 56447]"
113831,"[61307, 40257, 42177, 700, 13729, 85710, 73109, 9816, 15814, 11580]"
113832,"[48605, 42889, 29867, 29368, 83830, 49584, 46635, 1661, 41914, 16385]"
113833,"[70858, 103018, 41369, 27867, 29061, 80054, 11192, 26387, 22989, 31655]"
113834,"[76041, 106161, 37842, 65093, 29237, 53590, 21317, 47111, 18740, 84573]"
113835,"[83518, 45914, 87620, 60452, 20620, 78144, 69694, 34925, 88154, 54215]"
113836,"[55634, 86095, 40481, 108638, 83934, 66865, 35483, 39731, 75553, 79837]"
113837,"[98556, 107233, 37400, 98468, 46971, 76203, 43551, 39913, 76901, 26775]"
113838,"[78042, 12404, 101818, 60226, 48148, 97177, 41436, 13995, 104470, 16114]"
113839,"[10276, 108148, 11393, 61058, 105598, 16654, 34051, 19013, 90210, 2646]"
113840,"[107087, 98084, 68838, 22418, 16253, 102279, 17430, 44791, 66199, 15271]"
113841,"[64712, 8341, 72506, 62258, 52605, 3964, 20046, 68684, 25171, 61114]"
113842,"[95924, 24461, 63423, 3289, 14393, 79828, 9221, 5228, 84308, 78565]"
113843,"[52189, 17190, 59588, 34286, 88571, 37008, 13011, 47385, 68157, 76736]"
113844,"[66448, 67397, 93846, 35760, 79593, 103372, 34133, 43370, 51648, 42628]"
113845,"[67550, 27353, 43225, 16841, 59092, 43627, 17709, 77440, 60710, 102160]"
113846,"[88624, 18634, 106847, 105062, 68276, 10187, 81270, 101677, 23794, 101483]"
113847,"[12421, 96290, 48432, 60005, 93305, 32817, 59827, 66800, 80464, 103026]"
113848,"[27717, 86535, 17301, 87925, 99702, 81538, 36534, 58017, 6619, 92264]"
113849,"[42383, 75974, 26377, 38012, 70482, 45991, 11488, 17805, 55207, 98595]"
113850,"[17027, 63088, 28570, 53857, 89740, 106493, 43394, 59607, 12993, 19662]"
113851,"[89653, 33170, 59330, 15247, 2587, 103392, 28982, 17367, 43560, 83036]"
113852,"[45508, 19691, 41681, 94335, 1381, 46448, 85634, 70100, 78141, 5555]"
113853,"[50746, 19466, 33168, 50773, 79852, 84561, 63184, 10584, 100692, 29689]"
113854,"[73597, 78147, 6818, 24339, 15337, 8520, 13705, 71919, 103903, 42919]"
113855,"[32470, 19180, 21695, 11536, 46696, 36928, 34004, 9519, 39309, 107238]"
113856,"[16649, 55986, 75132, 30006, 49473, 43597, 42521, 66515, 35428, 85478]"
113857,"[48115, 50010, 74775, 3094, 2424, 69126, 42802, 82688, 33470, 82276]"
113858,"[83550, 92979, 1927, 86241, 20056, 66510, 130, 83088, 85387, 106791]"
113859,"[57461, 106165, 94775, 81872, 11322, 31626, 28448, 109752, 66530, 68500]"
113860,"[63836, 91356, 42074, 46191, 58215, 95514, 80452, 20891, 12552, 95442]"
113861,"[39302, 46558, 105286, 51731, 45368, 19436, 9081, 29558, 21023, 7444]"
113862,"[58220, 65288, 6672, 40050, 7645, 77707, 81260, 91420, 76390, 77269]"
113863,"[34374, 67139, 94937, 43745, 98435, 40150, 37654, 94996, 46215, 75402]"
113864,"[101159, 26516, 11635, 16179, 21029, 72831, 25546, 44198, 36092, 9517]"
113865,"[23198, 39415, 1623, 55103, 99920, 38834, 51245, 13749, 46980, 109450]"
113866,"[9422, 1046, 105354, 91539, 55216, 33877, 23322, 67640, 46352, 103403]"
113867,"[73001, 44317, 60630, 24435, 76276, 104350, 46599, 62985, 64840, 100823]"
113868,"[91069, 3050, 51975, 107671, 10559, 5379, 106323, 58853, 13350, 73554]"
113869,"[18656, 61918, 99257, 65255, 45063, 5919, 57881, 92428, 86070, 42329]"
113870,"[83116, 100022, 64650, 60138, 20068, 86097, 38745, 31517, 106426, 95497]"
113871,"[98857, 25796, 83819, 26051, 73298, 20309, 12374, 38217, 25826, 94213]"
113872,"[105527, 71870, 100062, 16190, 60612, 11114, 24370, 20535, 64322, 70513]"
113873,"[29370, 81578, 88669, 50977, 55807, 42027, 68234, 66622, 68733, 2345]"
113874,"[78865, 93634, 88177, 108883, 24609, 95470, 54895, 35462, 97135, 10663]"
113875,"[77855, 73816, 105413, 94681, 96539, 39513, 18105, 57939, 7780, 10296]"
113876,"[40110, 53115, 103013, 30785, 31883, 13620, 72412, 11408, 85966, 27576]"
113877,"[76707, 25982, 86358, 27956, 5767, 45116, 101019, 25668, 18683, 15324]"
113878,"[109133, 90364, 85321, 96614, 17133, 71168, 40201, 18203, 19381, 81684]"
113879,"[89276, 33468, 55413, 95549, 21382, 10285, 71244, 67931, 105498, 27180]"
113880,"[24580, 60799, 82484, 58591, 44281, 70376, 76138, 32654, 6395, 22673]"
113881,"[52406, 75534, 61122, 78810, 12932, 13620, 44996, 45372, 8905, 10656]"
113882,"[66504, 79582, 9744, 70910, 77393, 51942, 53118, 7151, 65527, 89692]"
113883,"[26323, 78618, 85469, 59204, 89177, 69764, 92775, 52387, 60810, 18144]"
113884,"[83872, 96306, 14532, 16838, 55927, 72680, 36119, 20179, 21937, 101012]"
113885,"[52174, 95046, 6981, 107771, 71904, 25950, 2808, 80524, 21682, 44318]"
113886,"[19997, 105789, 61562, 78640, 23021, 20852, 8345, 69802, 90333, 58617]"
113887,"[7785, 98796, 78115, 40585, 28093, 84747, 16474, 16630, 98126, 81495]"
113888,"[77322, 4529, 1468, 22080, 5204, 101112, 102167, 81061, 195, 70828]"
113889,"[29424, 92848, 51331, 80437, 58661, 71280, 16956, 99005, 3137, 68995]"
113890,"[24844, 84700, 38532, 24770, 39773, 3094, 51691, 79608, 40142, 59595]"
113891,"[106698, 82515, 88083, 50621, 86772, 61718, 22750, 60502, 37007, 32020]"
113892,"[80867, 61254, 26254, 4816, 11789, 81855, 84759, 36045, 9914, 108209]"
113893,"[66372, 22235, 76727, 62050, 43881, 6582, 62116, 74222, 59944, 53366]"
113894,"[65682, 65764, 46889, 21425, 81298, 71266, 58322, 108483, 81731, 55936]"
113895,"[34016, 25474, 2174, 14869, 5456, 76052, 72382, 20906, 84998, 96522]"
113896,"[25884, 44286, 15400, 61907, 72927, 34559, 82302, 81075, 39564, 9328]"
113897,"[57795, 22617, 89630, 1590, 66837, 8118, 104948, 765, 6420, 2569]"
113898,"[99340, 58862, 108720, 80304, 103594, 4640, 65921, 106425, 48375, 78798]"
113899,"[16310, 89876, 101318, 13647, 48144, 567, 76484, 40043, 100277, 28341]"
113900,"[54228, 39890, 81521, 8999, 19507, 14689, 109129, 18689, 61982, 75404]"
113901,"[60189, 69591, 76059, 31406, 80618, 29198, 10856, 43846, 64508, 43674]"
113902,"[44266, 30776, 62358, 26587, 84578, 102415, 75631, 57635, 55143, 70809]"
113903,"[93801, 59441, 76943, 20022, 83714, 107494, 22237, 67863, 39664, 29037]"
113904,"[30601, 1775, 99882, 10741, 1180, 23458, 4005, 9884, 13637, 104843]"
113905,"[77842, 50775, 58141, 46363, 87734, 71517, 4516, 22395, 50614, 16069]"
113906,"[67291, 69143, 42063, 20880, 21816, 37444, 82236, 52014, 1041, 16208]"
113907,"[28823, 20206, 79756, 84403, 53696, 18172, 62523, 50125, 51512, 89770]"
113908,"[51552, 76322, 93009, 90823, 32883, 82739, 39016, 52954, 107855, 72387]"
113909,"[53853, 68125, 49047, 66325, 71975, 69253, 25997, 96321, 43452, 69517]"
113910,"[84968, 43222, 76411, 73141, 85536, 77244, 59588, 34286, 39693, 59248]"
113911,"[101167, 60928, 44023, 8136, 8042, 53344, 65618, 93049, 21048, 48703]"
113912,"[94784, 45854, 41706, 56266, 33315, 62283, 19278, 50888, 13557, 79315]"
113913,"[16794, 57460, 40325, 18614, 82134, 68473, 26048, 47386, 80756, 65563]"
113914,"[104139, 76912, 104957, 26182, 95630, 53495, 35835, 106498, 34265, 14256]"
113915,"[33305, 86507, 41628, 37082, 82942, 11781, 31368, 38101, 29506, 4192]"
113916,"[108126, 103817, 64205, 48765, 96622, 61515, 39787, 43642, 29167, 66291]"
113917,"[77147, 25728, 78513, 105462, 42785, 38736, 41524, 55900, 5971, 28769]"
113918,"[76700, 31240, 59131, 95358, 11909, 87901, 90069, 34373, 18071, 10867]"
113919,"[17223, 67868, 105711, 49392, 38073, 12514, 6235, 20162, 87005, 58392]"
113920,"[41647, 68481, 34581, 36067, 85294, 21548, 83928, 70555, 28625, 27981]"
113921,"[49011, 75906, 46227, 57734, 73175, 63117, 60327, 21497, 55705, 62638]"
113922,"[69317, 44587, 35628, 101657, 30106, 91611, 33738, 102687, 35519, 96546]"
113923,"[29474, 57311, 40405, 6143, 106502, 1499, 29356, 74914, 77362, 6305]"
113924,"[44756, 90075, 6445, 101066, 87967, 70976, 59463, 88698, 63455, 61573]"
113925,"[29427, 95737, 102713, 33177, 12589, 38411, 83954, 19389, 18349, 107058]"
113926,"[26498, 88099, 84935, 34891, 28212, 101098, 41698, 59487, 20651, 6492]"
113927,"[86331, 5551, 106130, 103472, 3778, 96853, 8537, 54346, 8734, 32432]"
113928,"[38948, 68257, 78420, 71960, 2618, 35606, 11670, 41400, 89820, 85786]"
113929,"[3611, 51706, 93217, 73089, 67252, 1394, 73713, 57008, 71319, 23294]"
113930,"[95083, 101486, 12056, 6468, 70866, 96898, 47487, 87349, 62820, 20657]"
113931,"[97849, 91033, 103381, 89523, 26644, 57449, 21500, 12179, 6794, 37415]"
113932,"[73175, 94850, 61471, 34863, 84216, 102747, 51803, 15649, 70886, 34405]"
113933,"[79936, 106781, 36120, 3817, 74264, 107201, 43928, 70277, 27835, 21007]"
113934,"[4906, 79573, 82171, 36880, 80722, 33741, 24975, 12037, 41161, 22536]"
113935,"[95613, 91788, 77579, 45672, 43629, 109626, 95320, 15455, 51104, 44209]"
113936,"[2923, 103743, 62569, 74172, 31196, 18638, 8469, 23368, 63449, 72978]"
113937,"[20280, 28843, 23495, 101252, 49565, 91625, 109412, 54864, 75314, 104636]"
113938,"[21482, 102286, 55739, 38294, 57305, 98118, 86153, 9454, 40847, 57428]"
113939,"[81684, 17133, 40201, 71168, 18203, 1418, 109133, 37872, 36543, 34770]"
113940,"[80074, 76483, 24656, 59450, 55459, 106897, 12607, 92418, 102000, 48116]"
113941,"[93028, 80229, 22618, 105380, 14992, 86025, 50397, 46556, 72474, 20992]"
113942,"[80331, 109620, 65143, 21335, 92687, 62809, 98575, 41296, 45462, 68347]"
113943,"[71024, 86508, 57308, 80857, 94251, 101532, 12665, 66469, 32061, 45127]"
113944,"[84711, 92063, 66736, 94492, 86705, 47471, 82249, 108458, 41590, 95536]"
113945,"[77871, 10103, 76139, 34668, 61698, 26122, 46232, 86812, 1800, 20354]"
113946,"[61458, 101180, 101914, 56797, 19095, 59905, 22441, 25588, 95092, 18719]"
113947,"[1049, 23270, 42445, 54660, 19570, 51387, 79273, 97498, 105988, 8719]"
113948,"[73253, 3454, 53086, 82470, 74392, 74160, 11208, 106219, 49099, 108424]"
113949,"[94240, 6458, 4397, 80836, 60593, 58851, 80369, 36418, 43375, 109355]"
113950,"[76310, 24362, 70079, 71497, 102391, 55821, 34403, 23346, 35669, 4708]"
113951,"[50298, 17429, 103750, 78512, 48932, 77912, 86815, 59754, 66096, 87559]"
113952,"[5699, 27029, 26132, 51935, 36799, 91734, 96228, 14811, 101022, 95980]"
113953,"[43950, 26549, 39214, 76149, 51448, 86695, 29613, 34631, 91745, 39928]"
113954,"[93055, 78100, 37484, 109774, 8408, 90795, 79196, 81766, 45578, 85183]"
113955,"[48299, 104367, 22272, 94416, 103332, 5525, 26595, 39634, 105895, 46208]"
113956,"[8320, 99541, 89599, 88335, 49881, 17582, 98899, 103911, 85931, 91049]"
113957,"[15059, 79170, 53337, 60415, 11417, 9810, 57849, 91549, 44761, 62615]"
113958,"[13300, 95391, 105918, 41432, 39512, 106421, 18067, 18476, 19970, 89304]"
113959,"[105354, 91539, 2598, 9422, 12360, 67640, 66128, 46352, 32996, 108314]"
113960,"[3733, 38096, 44231, 6292, 24233, 72307, 22060, 71242, 29694, 47672]"
113961,"[40568, 23307, 93613, 66159, 32366, 57081, 20326, 80886, 78489, 73697]"
113962,"[69643, 47756, 78541, 104877, 76793, 20411, 108187, 70246, 109008, 5449]"
113963,"[28817, 104796, 58307, 77326, 46920, 76596, 25843, 96955, 24865, 90578]"
113964,"[101166, 23995, 10499, 2066, 1855, 6408, 67721, 106697, 106663, 68908]"
113965,"[54857, 57383, 70043, 109408, 44001, 14541, 10466, 99679, 19122, 31845]"
113966,"[73679, 54161, 73049, 24619, 2320, 42051, 78964, 37634, 94919, 52116]"
113967,"[49781, 84903, 60065, 80283, 99809, 8579, 66507, 90762, 59472, 58629]"
113968,"[46436, 4553, 7197, 24490, 64249, 42087, 65711, 22960, 68662, 57117]"
113969,"[24446, 93796, 75220, 4308, 10698, 64106, 18012, 30892, 94238, 6781]"
113970,"[39224, 99845, 29616, 32624, 16772, 75026, 101568, 104789, 49490, 14111]"
113971,"[99292, 70259, 54370, 9933, 19172, 54869, 14087, 89210, 93191, 73879]"
113972,"[95984, 36158, 101883, 25885, 80674, 108487, 32599, 82767, 46653, 72935]"
113973,"[40313, 30578, 85950, 46989, 67704, 102511, 4798, 19644, 3037, 104886]"
113974,"[64927, 35214, 83528, 104548, 67039, 92673, 46125, 97605, 89068, 73403]"
113975,"[108916, 7111, 13081, 4448, 106699, 80016, 13843, 83694, 10041, 62491]"
113976,"[77440, 102160, 69132, 10895, 56374, 53761, 102590, 43225, 60843, 49653]"
113977,"[32024, 44668, 1254, 8295, 35549, 80113, 16368, 100132, 16818, 24693]"
113978,"[91098, 91348, 63318, 37372, 74573, 43954, 7900, 5547, 58188, 72241]"
113979,"[77635, 90045, 43936, 94081, 82082, 20544, 22797, 38960, 107368, 631]"
113980,"[90623, 39285, 75130, 28349, 28756, 19868, 107183, 82626, 67308, 43399]"
113981,"[57271, 21544, 14638, 50298, 33159, 77193, 24517, 103750, 3634, 5681]"
113982,"[95610, 11704, 104872, 44436, 1987, 69564, 23843, 92233, 84676, 6083]"
113983,"[81603, 21794, 87389, 65661, 79065, 66645, 4636, 23482, 43583, 72466]"
113984,"[75020, 95485, 65524, 49608, 97971, 12856, 80084, 65766, 43162, 47057]"
113985,"[79407, 77670, 3807, 62580, 71950, 41680, 37964, 41376, 85822, 18606]"
113986,"[70769, 34544, 96217, 9763, 38186, 29609, 85713, 51003, 87191, 5480]"
113987,"[32222, 31717, 94844, 106444, 75251, 29169, 8849, 4908, 35139, 23545]"
113988,"[25750, 93091, 32800, 41054, 13369, 8, 28181, 94566, 69407, 80255]"
113989,"[49256, 16553, 10914, 100465, 39387, 100125, 30529, 71270, 24187, 46429]"
113990,"[41838, 4147, 103501, 37682, 84168, 13817, 106529, 100865, 68569, 3140]"
113991,"[40710, 73668, 12005, 105388, 107527, 45121, 11688, 21353, 6176, 66967]"
113992,"[60447, 56100, 2381, 29869, 311, 101412, 7398, 22782, 75179, 87814]"
113993,"[93915, 86018, 29193, 9429, 108518, 1438, 50105, 12953, 102925, 82775]"
113994,"[289, 47139, 2749, 101439, 39742, 86714, 27269, 34536, 2712, 49298]"
113995,"[61521, 64577, 69938, 1410, 70380, 23411, 70283, 45238, 30853, 40410]"
113996,"[31943, 75130, 7876, 75776, 103437, 45532, 66412, 17165, 56931, 66298]"
113997,"[58038, 44220, 14095, 39176, 44079, 92904, 78346, 58118, 70620, 5657]"
113998,"[76846, 96308, 36225, 99288, 85633, 35008, 7191, 10653, 59619, 107038]"
113999,"[32922, 57753, 11265, 58754, 53968, 50840, 82898, 37133, 93366, 55765]"
114000,"[50083, 97893, 63555, 103421, 106704, 82163, 28011, 36434, 81668, 23446]"
114001,"[56955, 106705, 9572, 97645, 71175, 98909, 104528, 22030, 66587, 33198]"
114002,"[16732, 24376, 104741, 85095, 9334, 41401, 65542, 67474, 28090, 88647]"
114003,"[56200, 11746, 82023, 61903, 13571, 98551, 33879, 92466, 103146, 10365]"
114004,"[14140, 75127, 85918, 4441, 31399, 97500, 57694, 54310, 63206, 101450]"
114005,"[102762, 98389, 79934, 44981, 33381, 97760, 34592, 53689, 54196, 74522]"
114006,"[91719, 64682, 48781, 12443, 73820, 50255, 39293, 43198, 63397, 44825]"
114007,"[48054, 59600, 55008, 108520, 83616, 94069, 15110, 57398, 17927, 85011]"
114008,"[40703, 57009, 41312, 39146, 36352, 16861, 61831, 94354, 97564, 56518]"
114009,"[71788, 92281, 96928, 24365, 68883, 99222, 70508, 14239, 26483, 48779]"
114010,"[104684, 107207, 57216, 7549, 97303, 45329, 52551, 38939, 103456, 65687]"
114011,"[90210, 95432, 14668, 16654, 10276, 108148, 77681, 47726, 36218, 96283]"
114012,"[100510, 82383, 92718, 46926, 108618, 11036, 34554, 39451, 67365, 26197]"
114013,"[42446, 62971, 96753, 59921, 27280, 35054, 29104, 82340, 38028, 106670]"
114014,"[60290, 57626, 4879, 46645, 88935, 101793, 97539, 64443, 4621, 15383]"
114015,"[22390, 101775, 5256, 70260, 23133, 26290, 86733, 23030, 10402, 109731]"
114016,"[17574, 65073, 30283, 89102, 64726, 44245, 51845, 16930, 17505, 90229]"
114017,"[33423, 35609, 43481, 66860, 39003, 64501, 41877, 55735, 18494, 90687]"
114018,"[34388, 11476, 21697, 105240, 42034, 92526, 45083, 77980, 59733, 23622]"
114019,"[28673, 96054, 89322, 63520, 40738, 10409, 70102, 72370, 51251, 73451]"
114020,"[58359, 108179, 107416, 26293, 1388, 11911, 53871, 68132, 59077, 40532]"
114021,"[64852, 37673, 65933, 91946, 32136, 82529, 8750, 84202, 29490, 2212]"
114022,"[96536, 45576, 31904, 7343, 19020, 12569, 79210, 64449, 80638, 45790]"
114023,"[85548, 14288, 94439, 45600, 9104, 17868, 48061, 102108, 44049, 27055]"
114024,"[30939, 86503, 106346, 87268, 45765, 46958, 21606, 12087, 5729, 4396]"
114025,"[76095, 100923, 24183, 15601, 47301, 19097, 44539, 78528, 15761, 40584]"
114026,"[29778, 55467, 87857, 108791, 72516, 95463, 29256, 63539, 19039, 55609]"
114027,"[72092, 54505, 16844, 65839, 29959, 10307, 7450, 1967, 44058, 40196]"
114028,"[69753, 77416, 87156, 20648, 10174, 34049, 46259, 56045, 31911, 85509]"
114029,"[70235, 62542, 78237, 1008, 8690, 56723, 22543, 887, 100405, 65892]"
114030,"[66234, 87099, 31121, 90371, 36581, 42604, 88830, 23761, 80645, 15798]"
114031,"[53988, 94049, 105016, 9049, 109078, 79799, 39771, 84082, 38926, 36304]"
114032,"[59054, 87128, 90581, 98834, 51472, 21159, 57661, 63761, 109151, 10288]"
114033,"[37476, 17443, 102951, 51002, 54660, 12947, 97498, 37367, 61620, 27727]"
114034,"[50227, 22603, 82870, 105050, 28437, 103771, 107615, 90077, 69337, 35651]"
114035,"[12741, 66228, 37599, 32576, 1842, 39164, 58952, 27081, 50672, 67974]"
114036,"[103551, 104297, 72832, 66240, 80947, 73208, 73992, 28760, 54698, 61942]"
114037,"[84909, 84727, 51675, 81917, 84320, 85352, 20778, 60184, 36336, 55749]"
114038,"[102610, 17148, 28396, 4213, 41657, 99031, 22535, 31455, 25891, 89080]"
114039,"[61872, 5345, 25941, 81835, 80984, 41408, 42834, 4251, 55179, 69242]"
114040,"[77395, 46751, 35016, 24731, 8684, 28749, 64550, 72958, 17579, 82339]"
114041,"[41515, 20864, 106364, 43568, 86916, 72363, 59894, 86897, 78903, 3179]"
114042,"[70493, 101954, 88022, 36715, 109127, 28463, 34352, 14309, 60862, 46825]"
114043,"[86352, 47968, 105634, 35392, 18638, 40874, 44419, 78850, 16083, 71654]"
114044,"[104387, 101430, 54634, 91630, 77069, 98499, 15660, 57854, 59412, 10687]"
114045,"[49742, 8884, 47994, 57116, 97870, 1546, 38502, 65781, 70592, 56868]"
114046,"[19226, 43708, 24135, 53391, 29026, 95002, 24172, 103823, 93905, 5977]"
114047,"[100545, 97172, 5624, 51018, 95949, 32946, 71700, 95096, 72627, 18445]"
114048,"[80655, 61535, 23820, 18947, 30493, 39546, 41759, 59597, 79056, 43114]"
114049,"[76539, 46050, 19754, 59898, 32026, 61924, 84760, 87860, 36522, 94874]"
114050,"[22967, 8708, 76149, 93186, 36216, 90661, 70913, 86319, 72606, 27452]"
114051,"[108876, 10688, 103457, 98839, 60826, 80319, 27903, 52647, 96371, 38132]"
114052,"[71734, 1453, 31045, 42198, 32617, 82297, 83772, 58208, 38678, 59764]"
114053,"[23225, 4786, 7586, 109513, 97671, 42831, 16391, 29510, 106071, 47289]"
114054,"[15761, 7617, 54664, 47301, 49496, 1274, 19097, 108406, 103140, 24183]"
114055,"[53710, 49096, 30529, 38152, 63792, 20472, 96544, 62365, 79886, 79166]"
114056,"[73344, 43237, 17377, 36550, 94327, 103599, 81625, 51663, 99864, 11474]"
114057,"[61491, 92903, 13656, 97868, 13504, 107740, 67306, 1675, 101036, 107152]"
114058,"[84248, 103855, 81653, 23042, 28060, 24821, 60035, 87876, 129, 30046]"
114059,"[93499, 78308, 101057, 28055, 106460, 104509, 52599, 52264, 98095, 88120]"
114060,"[24435, 59915, 32390, 14955, 32921, 54998, 3001, 58774, 5865, 12275]"
114061,"[41672, 46366, 12561, 88024, 105810, 14482, 27674, 87893, 46991, 54984]"
114062,"[51544, 72929, 23472, 67758, 34709, 100322, 27766, 104081, 102870, 64620]"
114063,"[57541, 4483, 89061, 90883, 67043, 78464, 106334, 25850, 42321, 79621]"
114064,"[80089, 33892, 13585, 97054, 58139, 43805, 98190, 27986, 92140, 83363]"
114065,"[72430, 73265, 73974, 63402, 98844, 41844, 68516, 71433, 58568, 13080]"
114066,"[61878, 18385, 28985, 22087, 26194, 81641, 59162, 13744, 17552, 64059]"
114067,"[93695, 35224, 68330, 49574, 69977, 75478, 28974, 78765, 21001, 45611]"
114068,"[22341, 7139, 17898, 84686, 100503, 75787, 10198, 33446, 6738, 6122]"
114069,"[95458, 17930, 2409, 51443, 83173, 12802, 39758, 9089, 98903, 89026]"
114070,"[7168, 34294, 29473, 77738, 76548, 84940, 47306, 65970, 72493, 67167]"
114071,"[92650, 81319, 62695, 105870, 3984, 38170, 42395, 71780, 35156, 71240]"
114072,"[7807, 53848, 81789, 60720, 102981, 63705, 1990, 42521, 56679, 2771]"
114073,"[91235, 102412, 10535, 24303, 17172, 71252, 32633, 67774, 92207, 26612]"
114074,"[44333, 75155, 82983, 28937, 23962, 66322, 83570, 22400, 91394, 1156]"
114075,"[12102, 41707, 56892, 62582, 29273, 103842, 99915, 51255, 3317, 88559]"
114076,"[695, 90719, 93917, 87224, 103111, 83710, 45702, 22505, 48760, 51327]"
114077,"[64562, 27833, 62956, 71744, 45895, 39528, 83221, 4559, 2038, 41448]"
114078,"[16767, 15671, 97413, 68906, 67807, 53043, 67939, 17869, 12111, 91941]"
114079,"[49502, 2906, 59354, 21972, 79726, 75374, 55383, 94394, 18012, 99144]"
114080,"[41451, 101231, 86282, 77815, 19845, 38078, 100250, 88444, 60964, 1073]"
114081,"[80378, 37367, 60776, 7786, 5877, 95052, 39836, 45874, 8898, 34524]"
114082,"[84441, 71859, 109201, 87101, 25140, 62059, 85974, 18670, 100576, 40910]"
114083,"[81487, 37230, 11586, 94418, 99102, 69184, 100171, 90719, 269, 72040]"
114084,"[10765, 104514, 52833, 13084, 42662, 82112, 45226, 101833, 36547, 11833]"
114085,"[3275, 67586, 19320, 18754, 24515, 42977, 1197, 43612, 60694, 87358]"
114086,"[24048, 91148, 4051, 34467, 50028, 32062, 79490, 109416, 44287, 34832]"
114087,"[53596, 59935, 18270, 34864, 46301, 92820, 77369, 59269, 82863, 74170]"
114088,"[37450, 81073, 59723, 99234, 103702, 81977, 41898, 82926, 71348, 79754]"
114089,"[42248, 60803, 63584, 94111, 5568, 89819, 104959, 103113, 99876, 35580]"
114090,"[52931, 49909, 5980, 27841, 101173, 107061, 30955, 20347, 4687, 2493]"
114091,"[82371, 105629, 83751, 8619, 91935, 106113, 6085, 93507, 80005, 62671]"
114092,"[15926, 8991, 88441, 60253, 35488, 51990, 18803, 14442, 52847, 49525]"
114093,"[12208, 92367, 75489, 39950, 49863, 59590, 60721, 1694, 28580, 93361]"
114094,"[2752, 30584, 14386, 30812, 84771, 36307, 58632, 28926, 60512, 2343]"
114095,"[15395, 73651, 89095, 70219, 72724, 72667, 80691, 62961, 14422, 68521]"
114096,"[16163, 96899, 22600, 32286, 70354, 7840, 40148, 97384, 34301, 51742]"
114097,"[67662, 19073, 41621, 92564, 59763, 57860, 38675, 10055, 85010, 62683]"
114098,"[88909, 58809, 36180, 88372, 59964, 22158, 1850, 38381, 66347, 3940]"
114099,"[31290, 106945, 94419, 107939, 29007, 9243, 27225, 52559, 73583, 109470]"
114100,"[55618, 4601, 68835, 55811, 10375, 40332, 57557, 6906, 51923, 99707]"
114101,"[88702, 2292, 57593, 6744, 4618, 75004, 66219, 89012, 53323, 68229]"
114102,"[3272, 9836, 2096, 89280, 24204, 38393, 80827, 3332, 56239, 20197]"
114103,"[72805, 101892, 8661, 87415, 12440, 9548, 8177, 26315, 32994, 19703]"
114104,"[28862, 52770, 39651, 33005, 82494, 42864, 108513, 69954, 74877, 29616]"
114105,"[65538, 73499, 72282, 45669, 47273, 79675, 29013, 88859, 52454, 60178]"
114106,"[94144, 49295, 57683, 35039, 88730, 103140, 83417, 54664, 91939, 59957]"
114107,"[63780, 105892, 2170, 78809, 97492, 60617, 54805, 72291, 88684, 93887]"
114108,"[70246, 61967, 50267, 95398, 99205, 69643, 61044, 21068, 20411, 93954]"
114109,"[89602, 23553, 95637, 71922, 83023, 35532, 13642, 19045, 55539, 65113]"
114110,"[58458, 39241, 80627, 93317, 50309, 105114, 109694, 48740, 84796, 106408]"
114111,"[67197, 38537, 55578, 34221, 91038, 61858, 28787, 47807, 60921, 61959]"
114112,"[101644, 9720, 101484, 55024, 85706, 61926, 63426, 90902, 56219, 98819]"
114113,"[81975, 70673, 17882, 97217, 24058, 27528, 13223, 108037, 62994, 15988]"
114114,"[23821, 81876, 22985, 79203, 109739, 81203, 65207, 10459, 85567, 57368]"
114115,"[106263, 104384, 39640, 67116, 87787, 28169, 46379, 92819, 76881, 54278]"
114116,"[17882, 78546, 27528, 81975, 4754, 8866, 89848, 9344, 70673, 97217]"
114117,"[99549, 100339, 28238, 49164, 66765, 1149, 50752, 24099, 41379, 19472]"
114118,"[29332, 62330, 80840, 14224, 74763, 53044, 98615, 28149, 49238, 39735]"
114119,"[74375, 18483, 2750, 31895, 7118, 43498, 81947, 39647, 10483, 34204]"
114120,"[23490, 6611, 77197, 11429, 58482, 71581, 13715, 91967, 85520, 1545]"
114121,"[75968, 91821, 55651, 13729, 86441, 52543, 46633, 57973, 32704, 108671]"
114122,"[84618, 6895, 13232, 62587, 83047, 41399, 48515, 81640, 82638, 7631]"
114123,"[13855, 37661, 85871, 37962, 28579, 53316, 83614, 69156, 103878, 44508]"
114124,"[11901, 84, 102884, 64149, 83094, 35246, 55577, 25637, 101117, 25785]"
114125,"[28593, 84878, 74342, 74270, 17407, 107916, 6346, 38861, 28330, 3351]"
114126,"[98906, 15789, 92420, 22113, 26220, 101373, 79278, 11448, 83372, 5526]"
114127,"[79272, 109119, 41031, 75671, 106712, 36925, 1854, 2905, 79667, 78307]"
114128,"[49730, 6999, 78037, 6129, 52144, 328, 7461, 57723, 10099, 57754]"
114129,"[46092, 1665, 95875, 59191, 91140, 43483, 65575, 13001, 82595, 67887]"
114130,"[33180, 9611, 3331, 66857, 97696, 46388, 17908, 87515, 29119, 14941]"
114131,"[63294, 104611, 89956, 96092, 29818, 92488, 5611, 38710, 58284, 55375]"
114132,"[52599, 80047, 8166, 10680, 80586, 5326, 78308, 56095, 20838, 68853]"
114133,"[11190, 46227, 88682, 94019, 9720, 48042, 38281, 89169, 14164, 57316]"
114134,"[65309, 86348, 47858, 18762, 65507, 74433, 75248, 80122, 88672, 81956]"
114135,"[52847, 71600, 15926, 13817, 18803, 35488, 57442, 104704, 51990, 4620]"
114136,"[47750, 97475, 13884, 27982, 51712, 99654, 57946, 28360, 50932, 14587]"
114137,"[60593, 104953, 22100, 80836, 13057, 20973, 3944, 30131, 75604, 43375]"
114138,"[14866, 4533, 99896, 75962, 35065, 67523, 102614, 64389, 62781, 23469]"
114139,"[91911, 26655, 51779, 43497, 44043, 85298, 45993, 18239, 87750, 8784]"
114140,"[89428, 88458, 52838, 384, 36618, 60461, 47982, 52678, 104289, 93625]"
114141,"[58778, 25654, 15025, 63746, 51295, 32795, 30603, 63981, 102942, 6205]"
114142,"[45492, 105876, 46639, 22427, 106164, 15967, 3193, 55702, 57773, 55967]"
114143,"[79468, 36214, 73411, 106575, 93000, 54827, 36091, 28523, 78704, 65401]"
114144,"[11482, 31953, 56817, 75607, 79460, 4891, 108812, 79428, 108727, 48765]"
114145,"[35379, 53124, 31317, 26806, 1087, 62750, 40390, 39108, 89869, 88317]"
114146,"[81556, 38442, 71944, 17587, 8328, 107254, 89829, 23521, 93363, 59804]"
114147,"[47880, 77036, 49464, 75192, 19284, 68479, 3281, 24956, 35719, 85615]"
114148,"[97624, 75413, 11484, 101680, 94296, 66624, 94781, 65185, 69216, 34092]"
114149,"[39853, 86410, 46182, 66941, 84481, 94803, 9503, 56511, 102062, 78922]"
114150,"[62785, 12799, 6540, 28741, 19460, 11009, 54402, 74639, 5835, 63533]"
114151,"[29869, 60447, 70135, 90061, 311, 39668, 101895, 19592, 68363, 21543]"
114152,"[23518, 11341, 96636, 498, 48147, 51257, 51570, 59788, 43723, 67530]"
114153,"[107116, 30600, 867, 100675, 4672, 90162, 31370, 2487, 102421, 37855]"
114154,"[49786, 80642, 12315, 69127, 19325, 14567, 97370, 30080, 12679, 95019]"
114155,"[59703, 97936, 29015, 40713, 51909, 25034, 11494, 67917, 103794, 30949]"
114156,"[46918, 85902, 45056, 61390, 69636, 55839, 95632, 89242, 45958, 98820]"
114157,"[45665, 8249, 92949, 94129, 56204, 82679, 88713, 94410, 4013, 8366]"
114158,"[59335, 16215, 2391, 7974, 65687, 107203, 83546, 94604, 12342, 11715]"
114159,"[56460, 82220, 2935, 69577, 56365, 74305, 99266, 16874, 42634, 18113]"
114160,"[5271, 77612, 60296, 65468, 102930, 78725, 60816, 31615, 50640, 11665]"
114161,"[92087, 85405, 69827, 67412, 94946, 95303, 45538, 3695, 40361, 77757]"
114162,"[65371, 65475, 94962, 40933, 90423, 103542, 80178, 81220, 51961, 46296]"
114163,"[78776, 86351, 17022, 42600, 23197, 90759, 100298, 20012, 97723, 8072]"
114164,"[41412, 104792, 55101, 50249, 22817, 39749, 39112, 21712, 6485, 3890]"
114165,"[101027, 82316, 51865, 4145, 62395, 66723, 63181, 81419, 79896, 95621]"
114166,"[87829, 4459, 94231, 40272, 20934, 81195, 63295, 13272, 109570, 11060]"
114167,"[82290, 67565, 76061, 28827, 14082, 13332, 30801, 100715, 36319, 81127]"
114168,"[73445, 105095, 29858, 61279, 15902, 73430, 75520, 79698, 84573, 29993]"
114169,"[108349, 28596, 46059, 4749, 75267, 91474, 34215, 34877, 67295, 15442]"
114170,"[97571, 63357, 30164, 51090, 98328, 3987, 68538, 9636, 75500, 68512]"
114171,"[3307, 63725, 614, 59862, 36598, 101300, 15689, 7202, 62789, 830]"
114172,"[18237, 71932, 89768, 39050, 108636, 18623, 51841, 109432, 67051, 60142]"
114173,"[50612, 28282, 24116, 25193, 16730, 55641, 39362, 103510, 78216, 19906]"
114174,"[34495, 86037, 8180, 81764, 99573, 58785, 37009, 82149, 101058, 13139]"
114175,"[98548, 38214, 48561, 20734, 11472, 30975, 772, 61488, 32794, 47680]"
114176,"[7950, 93135, 17892, 101970, 28375, 33898, 8824, 47716, 35094, 2645]"
114177,"[60497, 21594, 8885, 101094, 40397, 11288, 86593, 103671, 100095, 39011]"
114178,"[44536, 70862, 80023, 84698, 16809, 55619, 7846, 23646, 107766, 8974]"
114179,"[85164, 9839, 84012, 79966, 105073, 54375, 68515, 52710, 79104, 29300]"
114180,"[107267, 52691, 14092, 59464, 58235, 8253, 19954, 90344, 52805, 51428]"
114181,"[48858, 60628, 56041, 19196, 6838, 32040, 56572, 73945, 53578, 32705]"
114182,"[5518, 102302, 69209, 37689, 3028, 282, 51998, 38250, 3654, 69302]"
114183,"[37507, 2279, 101467, 38186, 29609, 96217, 50854, 36932, 41038, 4565]"
114184,"[83630, 72165, 55849, 13251, 6599, 89337, 90863, 95854, 32270, 81801]"
114185,"[46281, 56324, 36567, 27628, 33539, 29578, 57397, 88137, 96707, 34161]"
114186,"[65686, 43642, 64252, 2910, 62883, 106840, 36594, 82141, 84311, 20865]"
114187,"[87293, 43243, 91034, 100415, 80233, 31608, 86456, 7018, 95153, 27598]"
114188,"[85667, 59993, 99118, 79574, 32142, 25138, 102561, 99903, 64587, 67865]"
114189,"[82683, 13629, 3513, 39906, 34799, 101487, 69892, 2001, 87477, 79010]"
114190,"[74850, 71790, 14001, 88209, 60232, 41310, 30542, 90489, 44568, 68179]"
114191,"[95281, 86046, 7899, 15967, 100732, 38069, 82504, 109650, 76185, 13500]"
114192,"[62621, 23753, 52291, 98668, 7982, 27082, 109064, 58046, 33856, 66359]"
114193,"[71408, 71829, 52771, 24873, 77173, 55032, 54656, 94641, 51124, 62996]"
114194,"[51196, 63881, 84780, 82039, 66186, 105316, 76667, 41921, 67310, 94892]"
114195,"[76435, 47688, 33011, 59488, 98369, 101548, 5522, 2197, 40197, 25533]"
114196,"[107361, 27439, 91823, 103543, 59346, 96943, 69252, 96588, 1828, 63828]"
114197,"[12546, 107612, 8748, 56347, 76154, 64596, 2791, 2750, 92092, 1998]"
114198,"[60258, 105256, 44717, 296, 54081, 49146, 79035, 3827, 9227, 105361]"
114199,"[48522, 44002, 55463, 26481, 83098, 91143, 47145, 103536, 26052, 36262]"
114200,"[26566, 20781, 64814, 83884, 14218, 108763, 41264, 72467, 14323, 104786]"
114201,"[32360, 45530, 30722, 95287, 25717, 7255, 52232, 82707, 15775, 3141]"
114202,"[54345, 88459, 58217, 12510, 48826, 104057, 20819, 98866, 89572, 23942]"
114203,"[93973, 106704, 28011, 107571, 22313, 50197, 92584, 88516, 51304, 104636]"
114204,"[93381, 349, 88896, 109191, 23236, 95408, 72092, 78615, 42493, 24586]"
114205,"[102029, 80693, 49344, 29109, 104150, 46637, 74217, 64345, 107870, 37155]"
114206,"[15985, 96347, 83264, 54162, 55993, 22208, 7793, 77667, 84629, 28047]"
114207,"[5612, 77103, 13837, 28560, 107218, 75124, 62353, 34761, 44773, 77532]"
114208,"[11079, 36222, 100148, 70627, 4367, 2, 96533, 20761, 93259, 42672]"
114209,"[15316, 46073, 52606, 86460, 29116, 34957, 92177, 87123, 98938, 24907]"
114210,"[562, 29724, 46713, 5947, 102459, 101247, 26139, 682, 36236, 51804]"
114211,"[47976, 95992, 22694, 39102, 107865, 89099, 72071, 39826, 58427, 89343]"
114212,"[5054, 71782, 89713, 47632, 106918, 32607, 106117, 51237, 28231, 98822]"
114213,"[82250, 78265, 73382, 19958, 46522, 33317, 2521, 40639, 5637, 27997]"
114214,"[22035, 42531, 68812, 39057, 49153, 78508, 92636, 14201, 60133, 60118]"
114215,"[1436, 92047, 31051, 30814, 100556, 108979, 104058, 10955, 96580, 29319]"
114216,"[32722, 74209, 86833, 84715, 16324, 25586, 58531, 71153, 32779, 107634]"
114217,"[107680, 19467, 106181, 19283, 96060, 53997, 104464, 65528, 81888, 58433]"
114218,"[17053, 44652, 32433, 30401, 18669, 106786, 95639, 45027, 40748, 49190]"
114219,"[94432, 53269, 16916, 80350, 19061, 20678, 60201, 86500, 51757, 10926]"
114220,"[53807, 41237, 74737, 94251, 55859, 77227, 104110, 41892, 102924, 43745]"
114221,"[108969, 95375, 22945, 107856, 99246, 93827, 6595, 75696, 83911, 51120]"
114222,"[41012, 102189, 52040, 32925, 45211, 62426, 63166, 5416, 50716, 46729]"
114223,"[31370, 69553, 35065, 79958, 52404, 68096, 105654, 102614, 101936, 64389]"
114224,"[20999, 54911, 63514, 105973, 48020, 54988, 93311, 24941, 17458, 50721]"
114225,"[38104, 58449, 71998, 33808, 43768, 61670, 103477, 58419, 76742, 16188]"
114226,"[29198, 10072, 9418, 80618, 60189, 1373, 35073, 43674, 36837, 67268]"
114227,"[10457, 45281, 40922, 17002, 109600, 91727, 2767, 4915, 37928, 50466]"
114228,"[18374, 106251, 104253, 76171, 66978, 52445, 469, 93153, 48162, 94734]"
114229,"[27529, 64890, 60559, 104867, 50822, 38398, 66393, 11942, 3926, 15452]"
114230,"[78814, 61850, 23783, 82888, 36351, 12395, 97122, 108982, 73121, 11759]"
114231,"[27769, 3444, 87534, 8483, 33962, 1842, 79289, 19587, 58349, 83847]"
114232,"[20585, 22561, 79005, 95979, 13504, 54548, 73255, 13294, 102821, 49157]"
114233,"[85522, 56496, 15408, 55562, 108912, 66418, 66301, 52644, 51221, 99018]"
114234,"[2691, 71069, 61159, 47994, 5287, 7489, 57649, 97870, 73452, 96708]"
114235,"[21672, 88748, 96715, 107623, 48882, 8203, 74464, 71880, 91161, 72453]"
114236,"[10131, 15355, 68810, 67234, 1547, 20710, 60380, 33313, 73356, 46894]"
114237,"[85939, 38022, 13311, 106369, 90310, 31494, 43031, 92381, 75837, 5275]"
114238,"[38562, 7055, 77990, 29242, 53140, 68527, 81368, 22118, 75382, 53855]"
114239,"[40587, 29537, 47354, 66225, 25859, 19154, 82344, 82635, 15123, 65913]"
114240,"[100001, 32000, 82460, 98947, 106293, 74778, 1426, 4988, 5598, 4925]"
114241,"[66285, 105575, 55263, 95926, 77029, 27865, 8789, 72590, 10339, 17606]"
114242,"[108825, 38606, 105624, 21401, 788, 87622, 3603, 4148, 88332, 75560]"
114243,"[102399, 80237, 35422, 42352, 26715, 20593, 20773, 43046, 88169, 39862]"
114244,"[109219, 62205, 31246, 12712, 15380, 12858, 65818, 41830, 6920, 44127]"
114245,"[65046, 25944, 83656, 64737, 29239, 45018, 65223, 98519, 48048, 103513]"
114246,"[43329, 44750, 7734, 89239, 16144, 31715, 6186, 78206, 37077, 51184]"
114247,"[89392, 70216, 37369, 109109, 106134, 92907, 72078, 40192, 6612, 33106]"
114248,"[35896, 91384, 73443, 1694, 78697, 29938, 48832, 53167, 1245, 99414]"
114249,"[85626, 61654, 57545, 107989, 55972, 98119, 29714, 30568, 36346, 44118]"
114250,"[25519, 38241, 29325, 73426, 38422, 10088, 57656, 93338, 28180, 72111]"
114251,"[53387, 17389, 33064, 102918, 24814, 29728, 4748, 86361, 25452, 84852]"
114252,"[43118, 90524, 78526, 42435, 85662, 38230, 105041, 82084, 85089, 106246]"
114253,"[72117, 18021, 69445, 23480, 17915, 39870, 88824, 51892, 97184, 70389]"
114254,"[53703, 66443, 22042, 27180, 37266, 92669, 38330, 88360, 91473, 51583]"
114255,"[53676, 33201, 64612, 29265, 9836, 37152, 16793, 106477, 38393, 98360]"
114256,"[49686, 61368, 18206, 43332, 98813, 13048, 13367, 32825, 76752, 72589]"
114257,"[81889, 48501, 106559, 16673, 50275, 60207, 92175, 96732, 79589, 103729]"
114258,"[36992, 82941, 8433, 54186, 30635, 96686, 50107, 81465, 20181, 64364]"
114259,"[72232, 42145, 52841, 87162, 7898, 69763, 95904, 5867, 14240, 20853]"
114260,"[103364, 87652, 16983, 25253, 19177, 96794, 83638, 77177, 36996, 64480]"
114261,"[102443, 61605, 33436, 27972, 42232, 82633, 6338, 91253, 62773, 95053]"
114262,"[12701, 94383, 22950, 19523, 32450, 24592, 78650, 7342, 56986, 84021]"
114263,"[7131, 33923, 44495, 23170, 22152, 58849, 95916, 60878, 88339, 49555]"
114264,"[74898, 42798, 39638, 58214, 60109, 64653, 65101, 88557, 83038, 22537]"
114265,"[109100, 83901, 29513, 3027, 44527, 78075, 73879, 101089, 99268, 108565]"
114266,"[99447, 64397, 12509, 60249, 37186, 7680, 4432, 18998, 72791, 1810]"
114267,"[14565, 99952, 39948, 21823, 78407, 55515, 24658, 36850, 19256, 95258]"
114268,"[9201, 39661, 46452, 42873, 82709, 24866, 41112, 28179, 67158, 3040]"
114269,"[83598, 51889, 99303, 8131, 42194, 24056, 16657, 4558, 8050, 37982]"
114270,"[84888, 35999, 78222, 81923, 99353, 71111, 12139, 76179, 733, 35808]"
114271,"[16009, 73444, 70564, 79371, 38416, 105966, 31952, 47368, 94686, 57813]"
114272,"[106726, 8915, 68238, 47508, 18424, 55075, 80767, 3036, 12440, 27352]"
114273,"[71843, 53933, 68263, 96755, 56763, 91274, 41886, 28310, 89696, 7388]"
114274,"[71905, 104412, 44637, 78197, 80355, 107672, 76579, 89968, 201, 22959]"
114275,"[12748, 84514, 16505, 101421, 67950, 55162, 105757, 36366, 31861, 81728]"
114276,"[83929, 63534, 3324, 63379, 2270, 29926, 1533, 7991, 90552, 74531]"
114277,"[71131, 21686, 13244, 69596, 25160, 30015, 56225, 106022, 58008, 70948]"
114278,"[60481, 49483, 31721, 67809, 12521, 29945, 97434, 41784, 1452, 41755]"
114279,"[26152, 79528, 68056, 48575, 61783, 68692, 52095, 40151, 51381, 48371]"
114280,"[921, 18831, 92071, 55126, 32136, 72830, 91946, 29490, 75076, 37289]"
114281,"[36384, 87953, 48759, 50535, 37742, 46113, 28496, 104410, 49077, 19759]"
114282,"[54676, 95932, 98096, 7270, 11176, 21105, 65481, 104629, 18001, 109488]"
114283,"[93710, 840, 63007, 77591, 96069, 109319, 91701, 52756, 13597, 72202]"
114284,"[86884, 108430, 69957, 14311, 35460, 10559, 1392, 97504, 90106, 80058]"
114285,"[95319, 8739, 86824, 6053, 50827, 101919, 107754, 96317, 56930, 68826]"
114286,"[89304, 60942, 36049, 16812, 59586, 67600, 6307, 70789, 67487, 19970]"
114287,"[104449, 102632, 79713, 76601, 23669, 423, 8757, 39944, 72670, 24996]"
114288,"[79102, 43969, 8855, 33942, 52544, 12889, 18616, 109041, 88002, 100721]"
114289,"[88327, 43221, 64797, 57817, 93378, 95058, 54438, 33138, 83164, 102019]"
114290,"[81104, 65087, 76055, 34772, 78123, 5333, 35035, 39884, 58410, 64548]"
114291,"[104520, 13899, 63008, 58678, 99503, 41034, 42843, 35492, 49138, 45297]"
114292,"[105664, 79000, 30492, 11795, 96209, 38101, 92219, 86861, 91451, 80087]"
114293,"[56871, 97682, 95940, 102428, 77641, 102042, 2514, 107602, 53811, 31373]"
114294,"[60565, 33721, 45341, 75826, 87840, 45403, 79123, 10972, 14905, 6321]"
114295,"[105417, 15669, 12083, 43084, 91783, 63317, 84597, 42684, 106396, 83350]"
114296,"[34862, 91406, 17216, 77786, 14853, 50718, 8067, 19783, 84729, 103419]"
114297,"[44677, 5292, 101281, 55867, 79470, 66780, 2565, 28690, 71020, 67290]"
114298,"[70714, 107867, 22546, 88131, 62655, 102725, 47338, 28107, 87993, 88079]"
114299,"[27818, 113, 25752, 31658, 55117, 66489, 9944, 66738, 55727, 38404]"
114300,"[81540, 3702, 77973, 66659, 36374, 31950, 97695, 18959, 98748, 104590]"
114301,"[15363, 53838, 50050, 50500, 103847, 41365, 35590, 31575, 13658, 4662]"
114302,"[81561, 37377, 60926, 20941, 107713, 84245, 53973, 18920, 103522, 47956]"
114303,"[106634, 67423, 52323, 104207, 37245, 97243, 74295, 89272, 39021, 85510]"
114304,"[14224, 84675, 25683, 80840, 18301, 98615, 56590, 3438, 109673, 63176]"
114305,"[39441, 63715, 86185, 45276, 87758, 59920, 71301, 90744, 25136, 19934]"
114306,"[35910, 21325, 25976, 24491, 9042, 56803, 18955, 15356, 35024, 14989]"
114307,"[100902, 74775, 84537, 17023, 69240, 42652, 82276, 72448, 47814, 42429]"
114308,"[17605, 88705, 57610, 39991, 72314, 67037, 44488, 7932, 42855, 96950]"
114309,"[4656, 86069, 42690, 55137, 32143, 92891, 77001, 69169, 41, 104918]"
114310,"[5036, 59571, 86490, 76574, 66992, 105405, 23698, 13732, 108371, 60405]"
114311,"[68991, 13721, 39100, 62256, 71696, 48057, 89171, 75179, 87814, 37011]"
114312,"[88984, 101797, 16167, 35366, 17319, 95366, 30696, 89382, 10387, 16577]"
114313,"[43522, 24593, 70363, 88106, 15100, 23294, 57071, 10674, 106043, 6648]"
114314,"[65338, 87472, 52889, 94388, 102957, 81460, 28366, 39673, 7916, 39199]"
114315,"[32504, 8892, 66713, 45948, 95965, 64800, 106483, 86725, 4426, 79142]"
114316,"[103390, 75871, 62886, 22027, 86658, 35849, 65442, 42741, 107001, 82892]"
114317,"[52891, 38262, 97493, 45955, 19575, 35234, 23922, 57087, 63412, 96842]"
114318,"[50568, 63441, 90694, 108520, 38905, 1928, 36479, 57788, 23277, 6974]"
114319,"[13759, 18823, 63645, 6521, 55853, 17473, 82432, 76909, 87697, 99770]"
114320,"[100082, 91906, 23491, 273, 30639, 54197, 44341, 85782, 99057, 39911]"
114321,"[4121, 5750, 66176, 34824, 81099, 728, 22420, 95133, 36497, 51525]"
114322,"[18674, 71913, 39262, 72975, 96485, 40747, 43377, 60139, 53493, 74989]"
114323,"[98633, 29644, 799, 64749, 109247, 6268, 27323, 47627, 35113, 34742]"
114324,"[73382, 16153, 78265, 12141, 27369, 82250, 40639, 27997, 26399, 63901]"
114325,"[14967, 87208, 8045, 37852, 70589, 88746, 65337, 70722, 84474, 22511]"
114326,"[10413, 105385, 9717, 87920, 54991, 94935, 52042, 68605, 97728, 99261]"
114327,"[24812, 21201, 64128, 33595, 14619, 54952, 44082, 66682, 78634, 89843]"
114328,"[61166, 86520, 95858, 89152, 71705, 81836, 17549, 66540, 2502, 28378]"
114329,"[81994, 7658, 50679, 39527, 83971, 59016, 61902, 26190, 68004, 67983]"
114330,"[57336, 25203, 43731, 88941, 59415, 95933, 65695, 1311, 108028, 60809]"
114331,"[55290, 79301, 81398, 100319, 35694, 83863, 43218, 108201, 72875, 58251]"
114332,"[52947, 95424, 65270, 73880, 109728, 66556, 101706, 94934, 75978, 56472]"
114333,"[86215, 73081, 15674, 103261, 79901, 49677, 55973, 22296, 101902, 29701]"
114334,"[55842, 49353, 3515, 34242, 57216, 7549, 31409, 46766, 104684, 98714]"
114335,"[99956, 104111, 5263, 89284, 47113, 68026, 15734, 66782, 35117, 87555]"
114336,"[26968, 36100, 66404, 27594, 23691, 1500, 107129, 44367, 37792, 105113]"
114337,"[97044, 107738, 46975, 43039, 45043, 103824, 8409, 68333, 39930, 24626]"
114338,"[30010, 10002, 27136, 90105, 94814, 75768, 14285, 80524, 82421, 104042]"
114339,"[97575, 1185, 103233, 73805, 15095, 53971, 2573, 68597, 21144, 11000]"
114340,"[80281, 17834, 26473, 60664, 1950, 11705, 32027, 85511, 27851, 106089]"
114341,"[29785, 38052, 48380, 101736, 104940, 30611, 5638, 78842, 101456, 5169]"
114342,"[1137, 59653, 43656, 84902, 63672, 65968, 35360, 55345, 69454, 66111]"
114343,"[91912, 60585, 56152, 15906, 109507, 4191, 18729, 105407, 34969, 36902]"
114344,"[57860, 89353, 59763, 93294, 91311, 73587, 17225, 102089, 19073, 81214]"
114345,"[4565, 28214, 29609, 38186, 11121, 93702, 41038, 56883, 73654, 90761]"
114346,"[17237, 3825, 30804, 42458, 6195, 34944, 74063, 105754, 16593, 3908]"
114347,"[25952, 97530, 67673, 93531, 91592, 99036, 11199, 5421, 19729, 102970]"
114348,"[36387, 11377, 75670, 6622, 93830, 22202, 583, 61214, 93935, 89979]"
114349,"[24055, 41117, 93756, 14526, 71154, 39466, 106745, 42991, 57100, 106639]"
114350,"[99725, 56685, 66438, 72944, 65997, 89864, 5427, 54057, 31198, 108859]"
114351,"[71030, 81234, 4977, 94448, 24245, 19068, 92386, 41121, 37635, 13188]"
114352,"[95458, 98903, 32068, 12802, 51443, 83173, 41405, 52160, 90184, 104213]"
114353,"[90029, 94129, 37487, 15878, 45665, 92949, 48434, 88713, 8366, 74432]"
114354,"[45886, 35600, 72639, 107125, 67580, 39411, 106180, 90160, 31501, 55409]"
114355,"[3532, 17664, 68238, 61105, 18549, 85829, 76267, 14683, 58614, 24253]"
114356,"[20557, 85111, 102121, 36462, 68916, 102066, 87025, 36919, 9556, 57201]"
114357,"[39747, 88388, 63554, 55240, 10892, 7020, 69253, 53484, 53105, 104058]"
114358,"[105709, 21819, 28746, 76577, 46541, 97210, 1395, 89807, 74159, 48634]"
114359,"[103485, 55976, 23809, 5232, 85987, 94575, 66759, 19668, 99846, 74612]"
114360,"[103648, 47194, 60992, 30959, 63462, 58866, 90617, 51522, 29938, 53173]"
114361,"[91918, 48978, 22193, 64989, 41318, 70989, 38309, 85557, 30646, 5030]"
114362,"[54279, 76724, 47903, 32672, 96420, 27420, 7197, 72518, 69435, 24688]"
114363,"[33029, 25856, 40862, 105369, 103630, 68146, 13728, 105511, 70061, 41269]"
114364,"[74608, 94791, 67127, 19129, 18324, 27328, 68979, 92973, 17718, 64013]"
114365,"[93615, 15542, 31661, 44459, 100651, 2387, 25478, 18317, 23012, 90147]"
114366,"[50803, 40910, 2241, 25140, 87461, 23993, 49975, 15880, 25787, 12993]"
114367,"[20587, 30765, 19102, 78068, 92686, 75355, 107080, 60103, 9062, 1596]"
114368,"[30911, 85270, 79232, 9230, 56925, 39439, 54916, 61200, 72766, 67740]"
114369,"[14605, 46819, 12629, 87458, 22068, 99255, 80693, 100813, 57538, 60958]"
114370,"[1494, 1419, 26649, 30228, 28992, 57168, 19810, 101866, 90112, 28779]"
114371,"[46843, 50536, 97599, 51510, 81159, 49767, 19369, 33251, 23004, 88845]"
114372,"[65803, 56817, 4891, 33855, 24164, 25460, 88799, 15003, 51617, 98150]"
114373,"[38093, 36102, 103181, 44252, 93001, 102422, 104198, 67364, 32392, 21271]"
114374,"[95380, 11989, 107306, 38663, 100761, 67622, 99833, 11332, 89896, 41101]"
114375,"[78453, 88264, 55913, 6904, 21985, 69234, 75872, 73351, 2729, 98178]"
114376,"[95016, 30685, 39902, 70012, 88831, 69132, 97531, 22410, 82946, 15769]"
114377,"[84607, 13105, 26928, 44702, 36725, 25629, 10576, 6844, 28688, 41636]"
114378,"[67548, 49029, 54435, 91055, 88600, 80755, 51147, 31212, 43499, 83695]"
114379,"[71541, 24075, 66995, 31867, 105986, 38180, 44217, 4446, 90006, 5171]"
114380,"[53510, 70262, 69366, 81854, 91536, 101808, 64257, 99087, 26521, 108716]"
114381,"[31853, 107113, 32151, 2822, 104040, 90255, 87892, 78662, 107175, 75790]"
114382,"[23173, 49910, 54553, 29209, 76248, 54551, 83056, 10332, 26584, 24949]"
114383,"[88874, 55704, 89817, 60138, 63821, 64650, 3842, 61232, 105328, 22930]"
114384,"[83880, 43527, 95645, 97502, 101131, 25255, 28610, 98012, 94242, 68814]"
114385,"[2916, 60027, 60115, 96908, 108244, 33641, 62989, 29960, 105026, 56693]"
114386,"[50213, 74510, 20000, 44248, 51132, 17682, 54980, 71488, 10398, 59720]"
114387,"[48266, 41411, 10369, 20759, 39224, 59697, 90683, 108480, 96914, 69893]"
114388,"[21226, 84323, 7774, 60753, 58341, 3549, 59569, 22744, 17492, 1069]"
114389,"[47920, 103210, 86523, 106518, 52096, 57756, 86795, 9242, 69274, 11347]"
114390,"[48102, 95231, 77409, 76655, 32326, 108218, 64800, 91510, 8069, 14318]"
114391,"[74007, 96860, 31735, 102482, 9766, 27286, 58635, 96233, 104282, 6624]"
114392,"[44609, 5074, 78297, 66992, 8472, 5036, 13732, 4904, 88919, 55313]"
114393,"[38428, 3439, 106818, 10596, 95368, 97873, 70411, 65567, 44065, 66542]"
114394,"[80711, 65214, 85343, 97984, 40352, 21135, 16269, 83968, 79501, 23293]"
114395,"[25411, 85323, 73306, 70484, 46075, 6103, 96725, 30870, 74332, 53940]"
114396,"[105042, 10639, 24459, 52045, 48812, 41900, 49835, 95227, 70424, 35001]"
114397,"[49908, 87639, 41683, 44185, 19240, 43434, 9398, 86816, 37145, 52150]"
114398,"[54671, 82756, 56205, 107276, 32603, 44430, 33785, 22995, 50668, 35797]"
114399,"[23537, 69831, 17953, 56563, 1741, 108858, 64026, 109388, 40234, 91839]"
114400,"[103952, 16228, 54648, 100880, 93988, 6820, 7813, 97995, 107596, 66956]"
114401,"[80856, 38268, 90767, 99755, 38025, 66830, 43332, 32825, 76694, 38308]"
114402,"[12230, 27704, 88159, 62482, 42131, 270, 6374, 38615, 67386, 69133]"
114403,"[68030, 75829, 26734, 12358, 43473, 85637, 52498, 13444, 99726, 105525]"
114404,"[16196, 34741, 56828, 106451, 63763, 59867, 103294, 109089, 23497, 34553]"
114405,"[9835, 49921, 23733, 84013, 27917, 72499, 3519, 2941, 3567, 26631]"
114406,"[105157, 30103, 107904, 42034, 66963, 46462, 35008, 2167, 93666, 100780]"
114407,"[93595, 28696, 59071, 106645, 58326, 100640, 31573, 3249, 47892, 51968]"
114408,"[8755, 106059, 97854, 74561, 80014, 98142, 65193, 44987, 69213, 16200]"
114409,"[57723, 91127, 71928, 7686, 49730, 36877, 6999, 52185, 34633, 96119]"
114410,"[89818, 29038, 80647, 21467, 99905, 80753, 106848, 47609, 85467, 96543]"
114411,"[12960, 99798, 43909, 92416, 68504, 74610, 79788, 21915, 109067, 43305]"
114412,"[97672, 6101, 46413, 57645, 19658, 65042, 16935, 73615, 39740, 59568]"
114413,"[69409, 6928, 93356, 80452, 77547, 104609, 42610, 72368, 31091, 55753]"
114414,"[21477, 22590, 65435, 47916, 100596, 106821, 100720, 73369, 26724, 89867]"
114415,"[11100, 22274, 41007, 57579, 18157, 67169, 44409, 2955, 43498, 93661]"
114416,"[23595, 53392, 64078, 85955, 54986, 43094, 4679, 87529, 56054, 43367]"
114417,"[87953, 95252, 45189, 50794, 42713, 48598, 7957, 56856, 63816, 56369]"
114418,"[84941, 29243, 90206, 46032, 98940, 57159, 76470, 48911, 81884, 104638]"
114419,"[10609, 15379, 33537, 50300, 57999, 21073, 58206, 29499, 559, 62599]"
114420,"[22650, 315, 66691, 5786, 102370, 11601, 21016, 91891, 44615, 85200]"
114421,"[8076, 54507, 26287, 20349, 5871, 20244, 97864, 835, 36630, 14164]"
114422,"[50363, 2327, 9584, 101704, 67807, 43779, 6373, 22428, 52774, 53043]"
114423,"[72955, 108008, 3475, 16936, 59359, 69778, 97548, 8910, 22654, 13911]"
114424,"[77333, 26478, 76248, 54551, 80968, 94573, 2077, 71789, 49910, 87732]"
114425,"[75371, 15326, 93118, 96652, 2913, 48723, 104451, 98417, 85704, 48057]"
114426,"[5757, 73978, 104382, 40157, 203, 37344, 106889, 49637, 42665, 53606]"
114427,"[5930, 75036, 51461, 13666, 73732, 25848, 28109, 23055, 103939, 58944]"
114428,"[18204, 15092, 59126, 10270, 65070, 79077, 82047, 67915, 76791, 12031]"
114429,"[69972, 31629, 10487, 52465, 72937, 56605, 49234, 45593, 29440, 101159]"
114430,"[26329, 106394, 22523, 55322, 104281, 76043, 12771, 4640, 4164, 43322]"
114431,"[63675, 8755, 106059, 64774, 74561, 108241, 97854, 82987, 80014, 80999]"
114432,"[3347, 47021, 67191, 82211, 2537, 33015, 96858, 23243, 101966, 22504]"
114433,"[80091, 14230, 44470, 105207, 38141, 41294, 39541, 71609, 62489, 88656]"
114434,"[25503, 89067, 4928, 63791, 32175, 90940, 20816, 16645, 285, 100873]"
114435,"[40, 44667, 14762, 86887, 38900, 101373, 31956, 93966, 31077, 42575]"
114436,"[96326, 71256, 30213, 32612, 45090, 96734, 7472, 24337, 55671, 58061]"
114437,"[60652, 21405, 51298, 22190, 2869, 65189, 81279, 93626, 69415, 11250]"
114438,"[54657, 84476, 84192, 102443, 47542, 33436, 9028, 27972, 4694, 99868]"
114439,"[91706, 57739, 14531, 79876, 40181, 43831, 3822, 15981, 405, 87192]"
114440,"[47405, 41794, 36811, 2105, 90840, 59111, 49492, 26418, 13497, 63221]"
114441,"[71919, 103903, 42919, 93247, 87718, 66955, 63812, 87361, 76781, 8279]"
114442,"[92035, 3871, 59250, 46952, 75456, 21893, 73006, 10828, 30220, 10137]"
114443,"[34553, 88306, 87865, 47256, 39884, 34741, 26256, 94393, 12017, 26466]"
114444,"[60446, 100249, 67327, 81366, 36390, 5076, 29317, 49774, 85823, 101041]"
114445,"[880, 91392, 23194, 28298, 33899, 97873, 81905, 13858, 23523, 23713]"
114446,"[92283, 50359, 24228, 20524, 43056, 35184, 40302, 38055, 105872, 28104]"
114447,"[32587, 96833, 13130, 10850, 18558, 50728, 26514, 16943, 15521, 83468]"
114448,"[122, 86659, 61738, 838, 50908, 15807, 59219, 37477, 29667, 50572]"
114449,"[50637, 63229, 14826, 107734, 55569, 4364, 63327, 42636, 44998, 44255]"
114450,"[106811, 16650, 34054, 53370, 29621, 351, 93821, 3318, 102287, 69965]"
114451,"[50405, 52304, 82150, 76026, 48685, 107472, 90450, 102922, 19624, 54802]"
114452,"[43491, 88342, 18280, 80345, 106530, 28708, 55857, 32029, 100881, 56201]"
114453,"[48487, 52375, 61836, 29463, 98186, 56602, 52514, 83042, 37977, 75724]"
114454,"[102382, 78261, 75884, 62077, 104676, 63966, 5014, 88013, 103030, 45598]"
114455,"[55472, 102091, 19525, 14866, 59217, 69770, 102614, 42988, 72884, 33129]"
114456,"[90946, 27758, 79486, 5336, 82654, 54221, 90696, 97748, 26213, 94583]"
114457,"[103560, 20628, 26006, 17039, 84298, 88548, 27498, 2735, 12829, 94158]"
114458,"[81265, 26390, 41402, 37940, 87025, 42092, 18610, 85111, 64604, 6410]"
114459,"[61587, 11825, 63744, 109247, 64166, 105290, 73162, 95959, 72647, 4541]"
114460,"[67712, 61662, 60817, 51187, 69773, 91249, 77906, 92881, 103830, 25786]"
114461,"[99199, 17134, 82161, 74912, 105904, 95799, 16939, 87216, 76866, 95594]"
114462,"[98028, 89032, 5616, 20716, 46607, 26657, 99101, 31193, 63633, 107921]"
114463,"[35413, 94240, 92078, 3382, 97709, 14439, 61766, 62964, 64813, 109768]"
114464,"[67699, 102180, 25943, 35604, 31001, 89381, 99299, 89064, 11233, 689]"
114465,"[6358, 35297, 38259, 58165, 24733, 62356, 21585, 31964, 88445, 60187]"
114466,"[39421, 13668, 70885, 67974, 75087, 63561, 10425, 64499, 14188, 70531]"
114467,"[40495, 97251, 35006, 105100, 89166, 76490, 88413, 45813, 23770, 32169]"
114468,"[75714, 51400, 104505, 28434, 3445, 89338, 60326, 58379, 82318, 63902]"
114469,"[64771, 23512, 44848, 74162, 107531, 71528, 93734, 61970, 88533, 67511]"
114470,"[65939, 8385, 79992, 34401, 31332, 5086, 29305, 76735, 104015, 27638]"
114471,"[87117, 39633, 90931, 46312, 50534, 19084, 78601, 90323, 97802, 4053]"
114472,"[27394, 73204, 108746, 39520, 87857, 55467, 27056, 71443, 89359, 33247]"
114473,"[11329, 54023, 46271, 96112, 87469, 60930, 22931, 86589, 38555, 90550]"
114474,"[74442, 27429, 14861, 80142, 46939, 56945, 28762, 87296, 23054, 81617]"
114475,"[104930, 92924, 56837, 23382, 56608, 42554, 9492, 47038, 37719, 58270]"
114476,"[50579, 14540, 45065, 69308, 27581, 85419, 20250, 9087, 60029, 5949]"
114477,"[24585, 878, 104184, 49797, 24983, 86529, 83992, 508, 81744, 10082]"
114478,"[81576, 58283, 95039, 8190, 95073, 72895, 73942, 25912, 99050, 86445]"
114479,"[102369, 89661, 17791, 60770, 106004, 109301, 96172, 34143, 9798, 9922]"
114480,"[16171, 54024, 22594, 6904, 7442, 98501, 69234, 78453, 18841, 16256]"
114481,"[32377, 63212, 6903, 75937, 76496, 8252, 1534, 51721, 67177, 21121]"
114482,"[24769, 96096, 41578, 21155, 41805, 48683, 95249, 1475, 7779, 104034]"
114483,"[23377, 29846, 776, 23200, 28202, 104127, 12304, 83716, 48991, 10248]"
114484,"[85537, 36986, 58125, 87252, 43500, 9968, 13062, 98704, 49579, 102398]"
114485,"[47005, 74252, 66147, 78201, 32671, 8983, 5079, 49570, 7758, 81124]"
114486,"[50801, 79641, 92986, 52990, 98366, 91044, 103612, 69760, 27034, 89326]"
114487,"[71505, 25224, 95270, 49850, 75611, 12803, 74131, 76023, 11287, 31447]"
114488,"[557, 38308, 43332, 39778, 86025, 52315, 941, 7359, 8310, 95208]"
114489,"[105820, 54693, 17729, 957, 25493, 65688, 21337, 43623, 52246, 76151]"
114490,"[79494, 19758, 77931, 36159, 23734, 18222, 49400, 11047, 14114, 44880]"
114491,"[29410, 13711, 79054, 58559, 85272, 50109, 90957, 29352, 90319, 58025]"
114492,"[55683, 8790, 1413, 14005, 90503, 43993, 69480, 35048, 99196, 99548]"
114493,"[21055, 7393, 64710, 59052, 29263, 67844, 68164, 79823, 60980, 52638]"
114494,"[62056, 31907, 107141, 76647, 76436, 49416, 56146, 31672, 100717, 64745]"
114495,"[47377, 10654, 19303, 41899, 4446, 69357, 19714, 37279, 105986, 43545]"
114496,"[35602, 102527, 86522, 84662, 91459, 67124, 51735, 78488, 42956, 20549]"
114497,"[47083, 89361, 80439, 65436, 43719, 56383, 41334, 83016, 26996, 57666]"
114498,"[10795, 96594, 73561, 88121, 83874, 96731, 107955, 45540, 16687, 14231]"
114499,"[54524, 24287, 14785, 105212, 347, 49761, 95400, 75924, 16981, 93986]"
114500,"[90695, 87438, 11832, 17498, 108033, 99642, 8176, 108023, 25665, 39896]"
114501,"[8310, 557, 33908, 105851, 86025, 38308, 7359, 4926, 73829, 95208]"
114502,"[77937, 101662, 109008, 107289, 81771, 40718, 86144, 108187, 85486, 56226]"
114503,"[90502, 51420, 104002, 22140, 77771, 42934, 1139, 71519, 50617, 67525]"
114504,"[5651, 49782, 56137, 30188, 72125, 38742, 4876, 72485, 17614, 17452]"
114505,"[96581, 68425, 31307, 103427, 10309, 65195, 109124, 52799, 31163, 81621]"
114506,"[65961, 108351, 3088, 101815, 10781, 25185, 12948, 78380, 67871, 97994]"
114507,"[26950, 41017, 42647, 61639, 21165, 47917, 8523, 45112, 88496, 106175]"
114508,"[84791, 10675, 51343, 31350, 56619, 106905, 106425, 108121, 61608, 45575]"
114509,"[46111, 91727, 80293, 103606, 84437, 40046, 63833, 3739, 15813, 8505]"
114510,"[97510, 77178, 13930, 52655, 50234, 42251, 37432, 35521, 106052, 54774]"
114511,"[96201, 64474, 42099, 84862, 77930, 56521, 81949, 96254, 37783, 37616]"
114512,"[61697, 15211, 75201, 65113, 52719, 42317, 45273, 104239, 89169, 108891]"
114513,"[14518, 53779, 67464, 53810, 58525, 97241, 46799, 74606, 48936, 7956]"
114514,"[68552, 17517, 65254, 71237, 99063, 46176, 85663, 74243, 52775, 45438]"
114515,"[6124, 70938, 23793, 96467, 79191, 78678, 35857, 83991, 97250, 45663]"
114516,"[35996, 36820, 31143, 75019, 87327, 64669, 30608, 88876, 33161, 54326]"
114517,"[106843, 89112, 22691, 25360, 107867, 74285, 63866, 53137, 57498, 97588]"
114518,"[8515, 55580, 89702, 83693, 2963, 48602, 45648, 33457, 18192, 25536]"
114519,"[49286, 71615, 79465, 82277, 7800, 13037, 4197, 14512, 34058, 56362]"
114520,"[55905, 24222, 16516, 10802, 26527, 2954, 105645, 68646, 31285, 57821]"
114521,"[23738, 81326, 30976, 14207, 47017, 6500, 104141, 68344, 56793, 11058]"
114522,"[71644, 34807, 34615, 47217, 43806, 67268, 10347, 92296, 98448, 59042]"
114523,"[76402, 1959, 106060, 39042, 103670, 70505, 38777, 45779, 92312, 99538]"
114524,"[68278, 11891, 65332, 29559, 33062, 77879, 45000, 14921, 93948, 41860]"
114525,"[102459, 82351, 17194, 105579, 80779, 54078, 86880, 59310, 36236, 26139]"
114526,"[6058, 42755, 528, 63133, 5696, 24555, 8788, 58975, 53000, 77576]"
114527,"[52092, 66250, 97673, 24084, 103690, 99628, 13160, 98473, 81770, 51879]"
114528,"[28956, 1402, 79718, 10954, 40220, 35799, 42500, 34355, 6751, 24524]"
114529,"[16114, 103537, 40003, 74078, 103101, 90073, 104470, 106424, 53998, 17424]"
114530,"[92997, 79667, 2905, 78307, 16363, 45259, 27405, 59689, 86980, 74293]"
114531,"[28570, 8371, 53857, 77800, 106493, 89740, 82663, 68398, 38576, 53871]"
114532,"[97483, 98615, 21389, 39261, 42459, 49840, 104011, 9177, 98422, 84496]"
114533,"[83659, 55039, 91622, 92121, 55159, 6345, 5175, 63589, 4103, 58105]"
114534,"[87622, 88332, 15843, 29214, 30971, 52474, 100103, 75560, 98154, 68692]"
114535,"[62821, 48930, 103031, 85665, 21961, 67811, 16825, 98201, 76801, 3168]"
114536,"[90965, 10983, 14683, 4044, 51295, 4039, 32298, 77167, 9586, 14519]"
114537,"[20829, 53233, 98023, 37511, 59184, 87366, 2062, 104718, 106717, 11566]"
114538,"[99800, 26102, 13167, 57196, 19512, 78622, 84015, 4299, 96500, 64896]"
114539,"[58657, 11122, 6529, 47980, 39989, 62353, 16835, 68155, 52874, 15222]"
114540,"[100484, 42329, 100481, 19081, 75299, 95958, 81473, 20374, 64165, 103072]"
114541,"[26293, 71075, 4422, 79341, 53622, 2956, 107416, 58359, 30957, 69073]"
114542,"[90612, 79001, 102723, 58726, 78568, 80030, 17509, 14988, 108736, 72038]"
114543,"[29960, 35092, 49, 85956, 52083, 39032, 98889, 16696, 22631, 55786]"
114544,"[899, 85408, 98404, 100685, 2588, 25091, 55598, 24395, 48015, 64839]"
114545,"[100883, 59439, 84028, 24136, 74206, 32910, 101287, 97049, 96673, 100828]"
114546,"[29181, 56291, 79120, 101800, 15073, 35262, 80863, 99140, 3230, 67891]"
114547,"[83941, 10674, 97185, 18786, 61379, 73603, 12876, 44393, 23316, 35229]"
114548,"[82677, 6610, 99146, 5594, 67694, 80686, 55420, 86252, 45307, 65760]"
114549,"[85161, 6912, 53324, 42363, 87017, 103299, 18008, 11258, 84293, 100625]"
114550,"[77339, 84762, 22883, 74672, 97562, 95207, 65505, 87158, 51546, 52480]"
114551,"[55148, 3389, 610, 109194, 105032, 41622, 9625, 43083, 26419, 62777]"
114552,"[73867, 11057, 1129, 22671, 7977, 58182, 105861, 2609, 86174, 43511]"
114553,"[85613, 68850, 105975, 70229, 29757, 102524, 89343, 65218, 87596, 38435]"
114554,"[93808, 71784, 100963, 59510, 19139, 4853, 99179, 62150, 86543, 38389]"
114555,"[25577, 83380, 84093, 47735, 11480, 86905, 107571, 106785, 47369, 28011]"
114556,"[57552, 30122, 109367, 85415, 18818, 103378, 17425, 27878, 104345, 28595]"
114557,"[63398, 25923, 82983, 21881, 28937, 105069, 13309, 64683, 92543, 59122]"
114558,"[32706, 62117, 11566, 87366, 84883, 3609, 25005, 42770, 66020, 35902]"
114559,"[96714, 7163, 91120, 8549, 21886, 105695, 21398, 58481, 95528, 46966]"
114560,"[8229, 26787, 30974, 15, 83095, 43390, 79549, 25199, 14798, 2988]"
114561,"[19370, 87369, 103470, 67619, 6746, 80791, 45933, 20201, 99080, 35394]"
114562,"[66704, 88857, 96966, 53494, 104252, 69222, 41059, 27530, 67383, 42205]"
114563,"[63425, 94535, 86672, 23093, 3034, 61505, 49683, 103447, 53357, 39660]"
114564,"[10815, 77977, 56810, 93152, 96505, 5001, 32690, 28585, 17132, 70231]"
114565,"[75065, 86609, 69686, 99566, 75092, 49054, 83335, 109693, 37447, 75488]"
114566,"[67994, 64624, 102447, 82103, 102036, 90710, 55734, 99195, 103425, 80731]"
114567,"[82743, 70578, 63567, 43894, 3259, 47424, 11131, 29478, 10030, 47047]"
114568,"[82493, 68543, 80061, 26540, 92302, 97289, 45876, 67200, 83976, 35119]"
114569,"[40633, 57684, 6236, 64757, 52493, 82516, 54076, 73904, 55481, 41891]"
114570,"[67813, 14024, 72109, 46571, 18994, 104807, 64811, 43875, 4435, 8530]"
114571,"[22230, 95172, 21141, 55633, 54886, 92266, 36638, 84693, 33761, 37346]"
114572,"[33987, 48424, 40109, 22259, 95152, 40005, 823, 14392, 74131, 82067]"
114573,"[61055, 104004, 8564, 76273, 81545, 61178, 54421, 84495, 2743, 7462]"
114574,"[104606, 85760, 108930, 45738, 70779, 26212, 59223, 40758, 85515, 59953]"
114575,"[96240, 54228, 39068, 88983, 66635, 108162, 18255, 25936, 96116, 5828]"
114576,"[21263, 29494, 26306, 90816, 69441, 20060, 104218, 74993, 25831, 16773]"
114577,"[72126, 66093, 66500, 57239, 94959, 105067, 47346, 29064, 15465, 86353]"
114578,"[20502, 100132, 35549, 55801, 67424, 80113, 64517, 89275, 27984, 104215]"
114579,"[98513, 94803, 2638, 66941, 9503, 3121, 33274, 108965, 56511, 31992]"
114580,"[108213, 27775, 52744, 53439, 53856, 49261, 76113, 27187, 100670, 69699]"
114581,"[72470, 25236, 88900, 8655, 23546, 91584, 61112, 27187, 79469, 19959]"
114582,"[17534, 84724, 28776, 19356, 96729, 67429, 98815, 32194, 35686, 25755]"
114583,"[98014, 104557, 58811, 39055, 87307, 45564, 26356, 45380, 71026, 35448]"
114584,"[43568, 92386, 78903, 20864, 101732, 28401, 15866, 91522, 27563, 97008]"
114585,"[84771, 14386, 2752, 20254, 58632, 56418, 29786, 76681, 19768, 30812]"
114586,"[59347, 84281, 97114, 103343, 109236, 39462, 16744, 38677, 14724, 76287]"
114587,"[67412, 94732, 61046, 93672, 53126, 29124, 53713, 69827, 23146, 108334]"
114588,"[26875, 5214, 38799, 55854, 36976, 52022, 37191, 38165, 70928, 77801]"
114589,"[78849, 39202, 91557, 31352, 32506, 80396, 11119, 51674, 13063, 84187]"
114590,"[66543, 97120, 67722, 52431, 25023, 22135, 59040, 44607, 29768, 57171]"
114591,"[102077, 74031, 16182, 68118, 38682, 97623, 106922, 103995, 68886, 42629]"
114592,"[65371, 33413, 28007, 92399, 8672, 80178, 77644, 65475, 66862, 108182]"
114593,"[64895, 39312, 81672, 32904, 80055, 46833, 105129, 33799, 79238, 49932]"
114594,"[47268, 74023, 75879, 6329, 31832, 35749, 91455, 91502, 1450, 37106]"
114595,"[100272, 26554, 33720, 90926, 26838, 79631, 25071, 12789, 39474, 4444]"
114596,"[69975, 9709, 62465, 6784, 23247, 86047, 34886, 41981, 22039, 71549]"
114597,"[23303, 93969, 17494, 30966, 106915, 49726, 25836, 87525, 64135, 51169]"
114598,"[91217, 3386, 24792, 70231, 78974, 44937, 38284, 37049, 36803, 100994]"
114599,"[54089, 72039, 33940, 34304, 66089, 55930, 84353, 73735, 29546, 75653]"
114600,"[980, 35194, 35939, 90828, 30602, 28277, 6356, 67701, 25595, 1200]"
114601,"[31016, 41615, 663, 19431, 64112, 63442, 1812, 41990, 4495, 16969]"
114602,"[4999, 109666, 93725, 59391, 69815, 91593, 24948, 96300, 27728, 30878]"
114603,"[94428, 24526, 17224, 89544, 101338, 101574, 88308, 70650, 78739, 84147]"
114604,"[24599, 41191, 45821, 88001, 29407, 51614, 11724, 74395, 29391, 31012]"
114605,"[12200, 52653, 103539, 30416, 33081, 46816, 1824, 86340, 51001, 47005]"
114606,"[4033, 10435, 436, 61283, 28663, 43822, 6430, 101798, 59445, 18773]"
114607,"[13917, 24258, 73027, 1734, 69433, 23103, 31476, 91279, 49239, 67476]"
114608,"[48544, 81970, 22946, 66102, 38221, 88083, 63729, 15756, 106070, 20541]"
114609,"[30336, 23448, 53557, 45896, 63201, 89535, 84211, 1641, 53221, 81606]"
114610,"[76197, 14892, 53224, 15866, 101732, 57563, 92386, 25674, 98467, 89846]"
114611,"[57729, 88149, 45073, 69805, 75429, 8977, 37115, 23532, 29553, 47000]"
114612,"[17987, 24839, 565, 5117, 60812, 108867, 46381, 16840, 26086, 39629]"
114613,"[57299, 9065, 50043, 44822, 45265, 101662, 35762, 56226, 86402, 50333]"
114614,"[83799, 57054, 69191, 180, 50355, 13700, 89960, 20325, 75091, 5499]"
114615,"[60390, 43663, 80166, 32485, 57210, 46537, 59572, 73446, 70715, 97427]"
114616,"[38545, 53470, 101797, 34315, 30696, 61727, 91028, 88984, 8146, 44630]"
114617,"[95837, 8793, 102540, 44106, 83803, 12660, 12727, 103404, 92266, 66450]"
114618,"[12807, 32119, 3972, 61869, 100794, 45097, 25394, 79209, 16175, 49190]"
114619,"[43425, 22298, 29783, 55517, 83106, 76622, 26475, 78895, 13688, 96699]"
114620,"[63120, 15112, 105111, 29150, 104770, 36572, 101710, 40667, 77111, 69954]"
114621,"[90795, 8408, 52298, 30745, 91965, 35820, 54848, 4094, 69792, 24630]"
114622,"[86772, 82515, 61718, 3447, 106698, 34922, 59044, 38017, 26881, 75888]"
114623,"[36780, 91262, 49637, 42665, 5757, 73978, 75195, 48045, 21835, 9844]"
114624,"[6778, 91374, 103959, 11237, 56919, 94616, 48514, 92670, 85597, 78104]"
114625,"[89778, 46470, 23098, 42325, 64505, 44786, 19434, 42077, 87030, 31011]"
114626,"[9870, 94141, 45128, 73917, 81445, 52671, 29100, 105323, 35574, 51538]"
114627,"[10742, 62444, 14179, 94172, 4649, 73457, 79597, 7702, 89461, 26704]"
114628,"[105208, 25085, 58160, 17762, 29799, 48322, 101462, 6021, 7219, 41177]"
114629,"[105530, 61069, 12306, 56653, 20590, 88726, 92203, 66827, 17859, 61788]"
114630,"[95438, 34875, 79588, 31280, 49528, 75568, 69790, 18273, 15443, 19731]"
114631,"[62124, 5253, 100130, 33528, 23404, 84915, 16976, 89472, 77428, 64142]"
114632,"[19616, 38154, 17304, 49187, 75203, 60426, 83053, 53069, 42309, 86630]"
114633,"[17211, 101455, 32336, 79581, 48155, 31299, 1917, 93633, 8155, 23905]"
114634,"[68863, 4141, 9852, 95480, 57521, 11993, 82476, 65881, 19119, 3905]"
114635,"[76630, 70673, 102690, 25435, 21305, 17960, 49376, 636, 76345, 104477]"
114636,"[86254, 26097, 46212, 41155, 100930, 35597, 108865, 41067, 101633, 65194]"
114637,"[3577, 76, 46975, 12899, 10090, 24626, 109680, 103265, 63569, 30872]"
114638,"[41440, 42218, 3136, 106115, 44578, 44606, 38765, 68475, 21143, 100100]"
114639,"[82401, 34379, 103423, 60785, 6659, 74716, 43925, 34712, 36602, 97274]"
114640,"[50017, 54486, 44322, 5340, 75456, 73006, 10828, 9250, 89257, 82547]"
114641,"[32519, 21660, 78492, 80299, 46829, 41742, 96698, 71861, 75949, 92949]"
114642,"[28901, 90081, 15755, 92739, 80556, 1188, 45769, 91697, 20163, 54835]"
114643,"[3284, 41583, 86053, 346, 59241, 85692, 7416, 2819, 14074, 82320]"
114644,"[63485, 63949, 65213, 44219, 24445, 15313, 67321, 109514, 79253, 70429]"
114645,"[98194, 8470, 5169, 36279, 7618, 13869, 71767, 19657, 32141, 89399]"
114646,"[44519, 32690, 25799, 5001, 6627, 42106, 22040, 20516, 100835, 70674]"
114647,"[31425, 83623, 6396, 83744, 107537, 42420, 52930, 18548, 9298, 45220]"
114648,"[11919, 101327, 24653, 23324, 96958, 45244, 85829, 84921, 64074, 26543]"
114649,"[64395, 72376, 90107, 40256, 15579, 101259, 49135, 16450, 83725, 58645]"
114650,"[47671, 108499, 49991, 61875, 63262, 57694, 66319, 14072, 102895, 66180]"
114651,"[78856, 109452, 26192, 65203, 81369, 20033, 50811, 78231, 57926, 82549]"
114652,"[61075, 7315, 10230, 101387, 51802, 6352, 26352, 107967, 103402, 56804]"
114653,"[9652, 10597, 63357, 30164, 96907, 95998, 106027, 101773, 96977, 27171]"
114654,"[98015, 80873, 18583, 63793, 81241, 83947, 71343, 40317, 20139, 73920]"
114655,"[101194, 47681, 79674, 101394, 6226, 46112, 5312, 1184, 46042, 44154]"
114656,"[17540, 38411, 98421, 95737, 72902, 109591, 58262, 8175, 52273, 94753]"
114657,"[14784, 99005, 106179, 33122, 83584, 19722, 84274, 74600, 38222, 84818]"
114658,"[28468, 49166, 38551, 87317, 9765, 97902, 71547, 34462, 95211, 51678]"
114659,"[15137, 64000, 36732, 66381, 24469, 24154, 28432, 28072, 105582, 54566]"
114660,"[67566, 103981, 84473, 65346, 40895, 84823, 94535, 55746, 35121, 107470]"
114661,"[108389, 9391, 102948, 20801, 73678, 46368, 42833, 58360, 34383, 96121]"
114662,"[9051, 18491, 27432, 38951, 71362, 79531, 95318, 30484, 64878, 38417]"
114663,"[41093, 24101, 82068, 83969, 22652, 105964, 90000, 33272, 92394, 28662]"
114664,"[56388, 74540, 973, 96319, 26304, 64418, 9592, 28987, 98754, 59195]"
114665,"[73229, 13660, 99003, 7971, 2167, 69859, 74547, 94914, 6994, 4850]"
114666,"[70717, 34432, 12880, 5408, 28635, 50105, 7366, 84740, 92519, 37103]"
114667,"[3395, 99191, 86532, 66035, 75832, 22431, 25977, 37598, 95921, 48063]"
114668,"[39358, 108783, 52705, 99819, 102321, 57656, 79507, 5517, 28461, 57978]"
114669,"[91103, 106463, 82599, 69931, 60985, 77351, 106676, 107632, 44837, 68573]"
114670,"[79365, 101970, 93135, 47716, 83279, 68835, 28375, 90052, 47878, 55811]"
114671,"[15743, 37631, 100183, 50575, 207, 82865, 81763, 105558, 66672, 40572]"
114672,"[78110, 99405, 36176, 93683, 60061, 27658, 7461, 71680, 49730, 2150]"
114673,"[78739, 79335, 38988, 78178, 20596, 6724, 25523, 72501, 94428, 101407]"
114674,"[69829, 98974, 102970, 97530, 102908, 83420, 25952, 67673, 46662, 28454]"
114675,"[21577, 53644, 78656, 36871, 86020, 75632, 75901, 46595, 5874, 16933]"
114676,"[80863, 14123, 1448, 96046, 37116, 29181, 79120, 65282, 107146, 97982]"
114677,"[79603, 24641, 24434, 77995, 53952, 7749, 36962, 3647, 65592, 36075]"
114678,"[43500, 87252, 97307, 57606, 84193, 18204, 9968, 73126, 12136, 71824]"
114679,"[66546, 84033, 47454, 80079, 3970, 2599, 101901, 109680, 60602, 80502]"
114680,"[96829, 80361, 71057, 70252, 20871, 48211, 77534, 77401, 87836, 80289]"
114681,"[33696, 65449, 35790, 89684, 45332, 18860, 34214, 92031, 45837, 62407]"
114682,"[36311, 3038, 17376, 82752, 53025, 18309, 83087, 96584, 5932, 104741]"
114683,"[52657, 24002, 101901, 45666, 21038, 68333, 8409, 97775, 45780, 51391]"
114684,"[87830, 27735, 40666, 29837, 47504, 94506, 99279, 30149, 75167, 106821]"
114685,"[34597, 13451, 31098, 51603, 18481, 19366, 51671, 34988, 52634, 58217]"
114686,"[16012, 21169, 109338, 60363, 21972, 33232, 86343, 74781, 53041, 28176]"
114687,"[37715, 98823, 71470, 64954, 66080, 93735, 25170, 70686, 54865, 31679]"
114688,"[84703, 82856, 40672, 70491, 80268, 57990, 59961, 11014, 65259, 13578]"
114689,"[53126, 69827, 2558, 40703, 57009, 3695, 62278, 108839, 44955, 42668]"
114690,"[21541, 41810, 88507, 4404, 17197, 72921, 19088, 87014, 97835, 101661]"
114691,"[764, 104269, 90974, 45784, 96567, 6208, 109004, 85168, 105467, 89960]"
114692,"[53030, 33620, 8154, 107030, 105320, 105164, 97856, 66959, 59188, 74564]"
114693,"[87175, 22761, 105897, 48177, 32693, 20486, 77796, 41391, 11259, 73453]"
114694,"[68164, 64952, 67101, 35469, 69469, 65227, 11249, 77917, 58284, 63606]"
114695,"[100783, 11092, 2292, 36451, 48137, 14966, 40266, 15790, 96172, 63621]"
114696,"[11468, 1904, 52883, 17892, 22004, 40724, 33003, 13339, 109037, 89890]"
114697,"[99200, 105642, 17744, 20904, 40414, 58767, 106270, 36866, 25531, 21674]"
114698,"[2598, 108314, 98818, 6998, 30418, 35387, 12360, 37534, 32996, 81258]"
114699,"[96546, 62431, 53949, 3647, 30106, 99617, 10186, 75187, 28040, 83157]"
114700,"[79919, 28735, 41666, 36420, 83791, 96931, 36563, 29987, 19388, 98697]"
114701,"[70015, 54189, 103384, 48347, 71564, 68438, 11664, 80347, 23406, 60765]"
114702,"[89221, 2616, 9015, 35292, 55245, 55020, 50999, 30009, 74852, 70617]"
114703,"[42768, 74397, 1690, 27735, 94506, 2183, 7866, 20458, 40666, 95904]"
114704,"[64396, 64142, 74790, 89258, 94294, 13818, 94660, 11722, 36234, 56464]"
114705,"[71349, 44574, 106316, 45084, 102009, 45062, 29149, 97409, 47045, 1204]"
114706,"[64695, 19684, 23144, 34681, 78231, 15848, 1397, 38801, 109452, 86013]"
114707,"[17069, 11973, 9249, 77232, 58308, 66141, 41687, 43054, 73441, 5903]"
114708,"[72315, 102915, 91720, 45693, 38020, 8998, 85261, 28245, 101845, 99498]"
114709,"[45594, 69471, 79817, 14675, 109720, 90543, 13034, 14707, 40323, 51325]"
114710,"[27392, 36546, 84619, 30156, 52046, 36416, 106068, 67890, 49627, 58639]"
114711,"[72054, 24621, 52005, 34040, 33760, 90768, 45556, 90409, 30161, 303]"
114712,"[83329, 106354, 93276, 11078, 102786, 28022, 93095, 73271, 29794, 26635]"
114713,"[95240, 13240, 100793, 108134, 60472, 49773, 24306, 53696, 84403, 88930]"
114714,"[53722, 31114, 73246, 39893, 29851, 99854, 76456, 102366, 68539, 36831]"
114715,"[58154, 3841, 22150, 14922, 78710, 73734, 64996, 3925, 86940, 23248]"
114716,"[52882, 75068, 10617, 93372, 12475, 39140, 87682, 17969, 27090, 50530]"
114717,"[48930, 5881, 56982, 21961, 40850, 86568, 85665, 40073, 34503, 62821]"
114718,"[58311, 85643, 61221, 54545, 36, 23228, 31771, 108109, 7113, 75377]"
114719,"[84028, 89871, 101763, 27768, 59439, 50247, 1483, 43520, 5, 56380]"
114720,"[30662, 45466, 70032, 95502, 34123, 65772, 14492, 67165, 46389, 100720]"
114721,"[16091, 88680, 29016, 72854, 92182, 65362, 60299, 15721, 56730, 65647]"
114722,"[99169, 89040, 27706, 50730, 48197, 109243, 79554, 102283, 61433, 59454]"
114723,"[904, 33036, 8865, 25416, 72080, 29851, 100879, 33002, 99267, 73246]"
114724,"[82870, 102632, 21907, 49171, 35651, 69337, 104449, 94471, 22485, 51480]"
114725,"[68772, 14185, 52740, 19204, 15084, 58227, 21061, 54919, 59122, 20348]"
114726,"[58008, 106022, 6766, 43229, 106167, 17756, 15749, 64147, 82466, 50963]"
114727,"[93859, 4447, 39200, 34721, 66482, 42226, 21254, 59936, 73644, 95686]"
114728,"[75769, 40555, 7979, 101589, 7275, 60405, 99198, 58924, 91980, 76457]"
114729,"[66437, 23721, 76382, 33566, 52606, 94737, 60793, 94537, 29211, 37936]"
114730,"[42751, 56553, 101182, 31846, 98324, 11892, 28945, 105339, 26586, 8667]"
114731,"[63871, 4627, 48407, 30699, 100837, 50490, 67633, 57424, 53232, 59862]"
114732,"[80908, 43505, 24716, 80215, 38276, 90840, 93896, 59111, 3235, 69255]"
114733,"[96601, 85312, 79662, 91757, 46654, 84150, 96412, 68871, 38863, 51983]"
114734,"[1305, 82216, 55025, 11713, 61596, 104471, 6068, 69045, 13808, 7285]"
114735,"[16766, 29398, 85742, 56675, 42238, 25894, 12604, 101304, 36798, 46391]"
114736,"[98323, 54425, 32342, 7371, 35621, 39888, 106653, 39416, 101535, 85002]"
114737,"[5249, 28653, 41728, 51302, 94420, 48912, 37824, 78195, 65268, 67858]"
114738,"[37573, 35812, 68901, 89975, 105791, 3952, 87888, 41796, 5588, 91064]"
114739,"[72665, 18093, 16508, 87347, 47630, 4322, 4834, 84689, 78883, 109380]"
114740,"[16380, 25337, 56510, 70245, 573, 21776, 48055, 36719, 16867, 70045]"
114741,"[108302, 2631, 51847, 103366, 107387, 68584, 46778, 9809, 48558, 80508]"
114742,"[107959, 69256, 59477, 47826, 25389, 49783, 1598, 40412, 38718, 12811]"
114743,"[18641, 175, 25302, 76654, 40547, 29806, 66920, 93627, 68412, 49734]"
114744,"[11731, 27884, 82253, 94630, 5879, 94633, 42196, 30671, 109206, 96720]"
114745,"[63247, 57040, 6578, 36429, 352, 12885, 61982, 8999, 75773, 85264]"
114746,"[28155, 61536, 40018, 109000, 3745, 76635, 10924, 51332, 34352, 35713]"
114747,"[107545, 9171, 85263, 93053, 58973, 27397, 19757, 104285, 45068, 7001]"
114748,"[22707, 68473, 54227, 21101, 82189, 76549, 82694, 92120, 2429, 86133]"
114749,"[6056, 68393, 104509, 95160, 26524, 97561, 20310, 50364, 42392, 26867]"
114750,"[72411, 72910, 103182, 11343, 102863, 63143, 44056, 39854, 19929, 3317]"
114751,"[26832, 31621, 78171, 23864, 44873, 54368, 39132, 65946, 22796, 108937]"
114752,"[27254, 9462, 27567, 1738, 61676, 18027, 56481, 78180, 75157, 38470]"
114753,"[23652, 50958, 100321, 82344, 69524, 37057, 99868, 85155, 9028, 5828]"
114754,"[106576, 37600, 14338, 64087, 88911, 59964, 24950, 78489, 36129, 66347]"
114755,"[106623, 65230, 80622, 101853, 43517, 90231, 77032, 67041, 71023, 100896]"
114756,"[1086, 5380, 8633, 72633, 60779, 94571, 9173, 105767, 97604, 93542]"
114757,"[43315, 7611, 21246, 26979, 80086, 28520, 84890, 101496, 75576, 58891]"
114758,"[101288, 3861, 69307, 23252, 95957, 85791, 38914, 52484, 79718, 35433]"
114759,"[15155, 70780, 3053, 23587, 65578, 72558, 84115, 96236, 51270, 16283]"
114760,"[56597, 64410, 5490, 4377, 94617, 88010, 43781, 11325, 78500, 88336]"
114761,"[68698, 85257, 74599, 83465, 66465, 89773, 27296, 87390, 69446, 64235]"
114762,"[1161, 49919, 39780, 85360, 72087, 51995, 83922, 4149, 47209, 20614]"
114763,"[66389, 15637, 25042, 3565, 70740, 98762, 82675, 78182, 29929, 10639]"
114764,"[41754, 4098, 12183, 78719, 19911, 26583, 77035, 32878, 84596, 84439]"
114765,"[66275, 90089, 89373, 7833, 11272, 7262, 1110, 105458, 34750, 57348]"
114766,"[37569, 68328, 45824, 29329, 1841, 61681, 64716, 46233, 66207, 43803]"
114767,"[97523, 32399, 99056, 42112, 104956, 24958, 43345, 88072, 75469, 56409]"
114768,"[103124, 75825, 79210, 17323, 21330, 50798, 68118, 36757, 91144, 54815]"
114769,"[26292, 104130, 28390, 36164, 55224, 32196, 86581, 93899, 82510, 57012]"
114770,"[11733, 41189, 34582, 40407, 86013, 19418, 23201, 104158, 20278, 19684]"
114771,"[31756, 79717, 101618, 57078, 109309, 6447, 86864, 47227, 29159, 3887]"
114772,"[95737, 102713, 10167, 33177, 87318, 9647, 56272, 72550, 29427, 43734]"
114773,"[1337, 86606, 76851, 85398, 52167, 101873, 100017, 70486, 41761, 84845]"
114774,"[34638, 17456, 30338, 20579, 53174, 27134, 94192, 22351, 56963, 74302]"
114775,"[59438, 103, 94004, 95461, 30807, 66163, 67444, 24196, 40617, 42032]"
114776,"[366, 83872, 106338, 83807, 30194, 51648, 9589, 8737, 42628, 43236]"
114777,"[16226, 2498, 5757, 73978, 13215, 203, 104382, 106889, 37344, 60599]"
114778,"[40468, 13035, 5781, 88970, 104276, 82183, 68014, 21989, 32777, 4722]"
114779,"[66642, 97878, 90527, 29641, 8877, 8860, 92204, 89269, 46812, 75771]"
114780,"[50230, 41488, 99685, 16103, 18931, 33260, 100201, 58411, 46798, 52818]"
114781,"[63999, 67820, 15524, 100239, 97146, 53769, 96407, 83360, 6436, 4011]"
114782,"[48338, 35170, 16330, 50253, 108047, 71350, 82425, 97560, 2507, 87029]"
114783,"[100238, 85496, 36596, 109372, 38860, 19630, 42913, 95790, 35541, 6675]"
114784,"[74519, 62581, 50203, 77988, 46137, 10152, 24102, 42572, 59851, 51422]"
114785,"[10202, 64329, 41286, 53729, 7070, 97259, 19653, 7354, 59997, 24285]"
114786,"[37617, 21615, 60742, 24349, 56685, 53503, 32185, 39212, 50469, 39686]"
114787,"[35974, 93892, 5200, 52822, 107449, 77798, 22315, 38171, 65539, 18097]"
114788,"[91118, 89427, 59101, 63236, 35847, 41724, 48750, 53984, 84002, 44647]"
114789,"[49915, 68822, 69268, 79117, 80833, 108135, 97223, 44521, 17488, 42863]"
114790,"[84837, 19696, 36848, 82167, 11085, 1606, 54268, 48560, 54095, 97656]"
114791,"[38265, 25560, 67836, 84029, 95, 62739, 6858, 80566, 66926, 20970]"
114792,"[22710, 21804, 37885, 100266, 11769, 60844, 10606, 36778, 68179, 53211]"
114793,"[22102, 24443, 67614, 49509, 25255, 36548, 104280, 63614, 43527, 95645]"
114794,"[40531, 98555, 84177, 92693, 37630, 68255, 3498, 17131, 68114, 77355]"
114795,"[68629, 89726, 21340, 88122, 8516, 38428, 20733, 109089, 56279, 45309]"
114796,"[27821, 79394, 95805, 76355, 38093, 74383, 52218, 109333, 72830, 5025]"
114797,"[19102, 16991, 19683, 16644, 35275, 75355, 107080, 70530, 45670, 75361]"
114798,"[102607, 94426, 81520, 68137, 46764, 101636, 69468, 72637, 60312, 47725]"
114799,"[47880, 77036, 49464, 75192, 19284, 68479, 3281, 24956, 35719, 85615]"
114800,"[41964, 72494, 56481, 32883, 71007, 65532, 1738, 28122, 108984, 61676]"
114801,"[12592, 88620, 95511, 67422, 25239, 15821, 50118, 99193, 109453, 56995]"
114802,"[23197, 40231, 64823, 108091, 42465, 36006, 24396, 36824, 101044, 63292]"
114803,"[2814, 105119, 153, 92036, 34808, 52207, 78096, 8928, 35509, 73919]"
114804,"[96943, 52588, 52022, 49005, 69163, 109317, 48923, 1828, 27439, 60713]"
114805,"[95943, 87603, 56221, 42527, 109589, 13525, 6200, 81413, 27020, 6730]"
114806,"[91676, 107217, 67805, 51885, 14575, 107167, 103388, 63106, 7576, 80589]"
114807,"[19979, 55203, 100193, 52667, 51937, 42205, 22248, 27147, 38466, 11413]"
114808,"[40282, 31101, 16676, 50358, 66307, 96568, 96682, 9064, 63824, 109392]"
114809,"[87459, 46691, 20476, 106405, 66703, 73710, 54939, 14778, 1559, 90540]"
114810,"[49126, 108274, 74075, 43752, 108767, 78906, 31506, 55682, 37771, 5271]"
114811,"[30435, 94845, 70288, 10256, 61141, 4198, 30531, 56603, 78926, 32251]"
114812,"[15806, 83484, 8063, 45991, 11007, 46264, 63950, 71123, 64865, 85616]"
114813,"[2918, 106243, 100999, 7075, 79237, 43937, 96353, 49597, 103309, 4572]"
114814,"[64631, 75401, 49083, 103118, 71640, 72574, 13073, 54650, 84003, 89631]"
114815,"[70560, 42557, 61641, 35230, 70981, 85576, 7777, 7148, 73400, 23369]"
114816,"[697, 46228, 58856, 98094, 38301, 43982, 27186, 90153, 90137, 67040]"
114817,"[46672, 92240, 60593, 80836, 67468, 41615, 41497, 26327, 36418, 107335]"
114818,"[42490, 73999, 44622, 29626, 5575, 53168, 78310, 49993, 48088, 79356]"
114819,"[15624, 30638, 68195, 74556, 85318, 1052, 90832, 44713, 74872, 104740]"
114820,"[35563, 54401, 8326, 32212, 104540, 13853, 81354, 71274, 54308, 8972]"
114821,"[48669, 106221, 32879, 77324, 98387, 104425, 3939, 99369, 54178, 103579]"
114822,"[1654, 36899, 93196, 15999, 83288, 60353, 2952, 5477, 104162, 5851]"
114823,"[19350, 104824, 71502, 37555, 46753, 59620, 76829, 31621, 77865, 31120]"
114824,"[88429, 58739, 106964, 37234, 65139, 40979, 97099, 89520, 28424, 32818]"
114825,"[91744, 70345, 73794, 27446, 23326, 8084, 10350, 54223, 95427, 17044]"
114826,"[100696, 4274, 14192, 19902, 153, 42795, 6714, 101577, 11407, 26831]"
114827,"[35208, 16004, 99648, 50419, 89097, 74734, 56300, 51305, 6957, 94399]"
114828,"[101126, 11225, 38918, 102459, 82351, 17194, 105579, 107291, 33237, 38300]"
114829,"[55206, 89461, 34842, 17631, 97025, 91805, 47778, 80713, 22633, 1015]"
114830,"[95331, 89909, 71234, 82585, 82094, 9872, 958, 68189, 106337, 89093]"
114831,"[100743, 52629, 54221, 33399, 29514, 67818, 59244, 24658, 27758, 59876]"
114832,"[93924, 102744, 72230, 107599, 105581, 15912, 98547, 50165, 11975, 8274]"
114833,"[90645, 58779, 42557, 108388, 48179, 53955, 29358, 35230, 820, 8070]"
114834,"[93179, 2324, 30802, 42006, 20591, 16883, 4629, 54655, 85769, 8087]"
114835,"[16580, 60624, 105152, 21904, 13198, 39554, 12764, 64489, 62001, 77202]"
114836,"[79848, 104768, 84758, 78600, 104724, 20909, 17052, 59822, 6177, 90358]"
114837,"[39698, 64423, 60925, 37418, 49964, 85024, 97647, 99505, 27880, 46856]"
114838,"[65612, 68303, 68253, 6322, 70467, 49056, 46541, 63848, 89807, 24415]"
114839,"[7770, 91580, 104881, 38618, 68092, 108041, 43469, 68172, 53717, 106098]"
114840,"[97350, 85491, 21515, 88496, 19999, 43660, 41017, 42647, 5961, 101753]"
114841,"[26848, 13082, 74975, 36070, 52224, 27605, 73090, 14761, 41956, 4704]"
114842,"[102187, 22611, 30391, 86001, 17031, 77105, 58619, 19523, 95973, 10112]"
114843,"[28282, 50612, 24116, 104818, 65340, 6254, 15732, 13825, 90887, 48257]"
114844,"[71375, 41050, 51756, 53103, 30478, 107012, 105395, 84637, 10043, 75535]"
114845,"[16533, 78143, 95847, 85756, 56416, 14200, 53237, 71453, 7677, 65849]"
114846,"[90257, 37408, 88275, 25131, 63042, 8254, 73736, 3204, 18984, 74310]"
114847,"[39945, 2524, 1802, 56016, 47106, 93576, 108419, 80545, 1622, 69168]"
114848,"[14757, 65672, 88759, 8798, 53957, 25367, 51330, 82733, 90173, 61611]"
114849,"[83521, 90111, 68427, 16719, 65990, 105901, 40858, 64672, 36698, 108209]"
114850,"[74600, 86367, 36086, 83584, 19722, 84080, 68580, 80406, 58661, 89239]"
114851,"[109244, 63551, 36230, 70080, 100562, 94777, 39145, 68269, 91210, 16595]"
114852,"[20625, 84985, 55680, 63216, 27619, 65231, 77669, 88100, 19984, 60423]"
114853,"[73601, 82244, 19072, 31136, 49172, 2129, 19971, 55110, 68266, 109106]"
114854,"[1187, 78899, 42336, 41626, 2579, 108138, 84109, 54311, 21795, 7196]"
114855,"[80085, 18504, 100766, 22757, 5022, 104116, 60965, 9711, 48317, 73101]"
114856,"[867, 6658, 58127, 64086, 11366, 27031, 61123, 23797, 96706, 87509]"
114857,"[92773, 33089, 74496, 109461, 26303, 21616, 8470, 96156, 94396, 100653]"
114858,"[66628, 38938, 109172, 81515, 5299, 9786, 121, 53073, 5010, 87850]"
114859,"[60628, 737, 90942, 19196, 12806, 6838, 32040, 48858, 41267, 99071]"
114860,"[15439, 43367, 56054, 74436, 23595, 4679, 53888, 46927, 52368, 69100]"
114861,"[87076, 24882, 5414, 20338, 56413, 68032, 90007, 94381, 37667, 78379]"
114862,"[39087, 63712, 94747, 68670, 77535, 94143, 99529, 5709, 20850, 71226]"
114863,"[42882, 78838, 37122, 27159, 44328, 78389, 92803, 19285, 97589, 68690]"
114864,"[72777, 45947, 1705, 50444, 107651, 21518, 75742, 19771, 46924, 34019]"
114865,"[31739, 103723, 53750, 33574, 53748, 97674, 66910, 28290, 27635, 18376]"
114866,"[91235, 43418, 92207, 24303, 102412, 67774, 10535, 2303, 109292, 35221]"
114867,"[33694, 95295, 16825, 67811, 79444, 58271, 62560, 8334, 48930, 3168]"
114868,"[21126, 21547, 17440, 89505, 53948, 99505, 106061, 8043, 99607, 70568]"
114869,"[46532, 104857, 10478, 17239, 36419, 23433, 2115, 66255, 68940, 42279]"
114870,"[107710, 94465, 51556, 88884, 88891, 66006, 99985, 10052, 54926, 65107]"
114871,"[83036, 16204, 43560, 2587, 36900, 91282, 42397, 772, 48302, 15072]"
114872,"[105668, 66289, 108577, 12048, 68536, 38991, 29112, 75864, 38446, 9745]"
114873,"[78646, 105450, 45509, 37433, 36474, 76829, 93274, 61793, 70013, 54491]"
114874,"[84505, 102454, 15249, 93261, 105441, 3965, 56244, 15043, 96626, 3315]"
114875,"[98909, 100947, 9588, 42078, 72850, 77876, 88496, 43383, 104528, 22030]"
114876,"[89491, 35941, 89456, 104284, 66453, 5637, 64647, 36610, 63974, 71601]"
114877,"[102666, 59226, 97739, 89586, 51820, 61143, 43789, 62090, 32804, 70308]"
114878,"[39936, 296, 4506, 72710, 74966, 45440, 104211, 49918, 89823, 66864]"
114879,"[20909, 17052, 60522, 97385, 87228, 70187, 106816, 2601, 32302, 27037]"
114880,"[91713, 18843, 53568, 33064, 66776, 26946, 55782, 87913, 51018, 29728]"
114881,"[24771, 93438, 42110, 30169, 14033, 103871, 101486, 23649, 65008, 108822]"
114882,"[26151, 65560, 54608, 23144, 38801, 80115, 34681, 41929, 64695, 47569]"
114883,"[75756, 58770, 102372, 54527, 10973, 63837, 55855, 2202, 86821, 92955]"
114884,"[75871, 28825, 4853, 86658, 84685, 79523, 106307, 75632, 49311, 93932]"
114885,"[78717, 1910, 27113, 69821, 104572, 86858, 68416, 5601, 40841, 8862]"
114886,"[67231, 106910, 67409, 79045, 98536, 57395, 17836, 78597, 66397, 86294]"
114887,"[107812, 82295, 65846, 18196, 914, 59950, 66458, 12922, 68477, 67224]"
114888,"[63798, 30711, 58803, 23565, 54602, 57571, 78333, 83568, 77669, 21618]"
114889,"[38085, 39509, 17251, 35345, 42193, 14364, 17024, 38143, 34398, 91415]"
114890,"[74196, 19266, 74720, 57866, 42709, 7961, 50368, 22047, 27460, 5230]"
114891,"[35132, 106449, 53618, 74090, 10644, 58950, 47575, 30192, 100316, 41626]"
114892,"[75793, 40466, 37614, 8331, 67902, 5077, 66244, 57443, 47755, 18721]"
114893,"[52732, 88628, 39758, 87618, 49312, 94008, 22142, 11608, 47949, 55670]"
114894,"[7644, 56909, 91456, 12967, 100231, 109103, 464, 26052, 27626, 44998]"
114895,"[5384, 7390, 7555, 46171, 48365, 3614, 13519, 49050, 48650, 74407]"
114896,"[43505, 101095, 49492, 19317, 101354, 42453, 93896, 10021, 80908, 35985]"
114897,"[48427, 11356, 17594, 86487, 108068, 42947, 103024, 50578, 78412, 106383]"
114898,"[28179, 89481, 2431, 15735, 1381, 85634, 37909, 9201, 67158, 39661]"
114899,"[38384, 62073, 27763, 66623, 8531, 23104, 27816, 93198, 78331, 95581]"
114900,"[72653, 54739, 32406, 12824, 5485, 109039, 74117, 61740, 31926, 89878]"
114901,"[9219, 68059, 75864, 48051, 97637, 75950, 35685, 81354, 35563, 88552]"
114902,"[46292, 40881, 105727, 22948, 4226, 93418, 38750, 41416, 22344, 103707]"
114903,"[95271, 97267, 63392, 93615, 12198, 66284, 100651, 80444, 34645, 75665]"
114904,"[88024, 83843, 46991, 54984, 12561, 41672, 46366, 12760, 94033, 5354]"
114905,"[32395, 48871, 13672, 101040, 109340, 18810, 68882, 25288, 88874, 44732]"
114906,"[52280, 88254, 36839, 56479, 9369, 3042, 89159, 62346, 103786, 6423]"
114907,"[43366, 33449, 289, 98750, 104151, 36378, 14660, 72646, 61889, 101613]"
114908,"[68024, 11853, 65369, 49880, 25235, 72568, 19679, 8382, 18754, 71451]"
114909,"[41518, 65725, 15240, 23155, 54951, 38671, 106756, 20153, 15059, 63741]"
114910,"[23522, 19786, 36763, 46976, 44961, 102893, 16741, 1813, 81219, 9020]"
114911,"[74259, 19619, 92285, 3036, 88349, 47410, 17390, 23866, 89187, 82880]"
114912,"[82383, 89678, 39700, 82841, 67365, 108571, 100510, 92718, 96362, 89671]"
114913,"[31811, 31815, 2387, 27883, 96641, 49025, 100834, 31661, 23012, 54992]"
114914,"[97523, 43345, 88072, 92706, 42112, 19107, 104956, 74236, 32399, 75469]"
114915,"[1179, 1576, 6207, 11576, 25245, 6320, 67731, 45494, 10764, 4878]"
114916,"[88884, 51556, 44921, 53245, 102404, 88891, 107710, 28167, 94465, 89109]"
114917,"[108412, 52190, 74815, 57033, 43721, 76452, 90099, 39691, 74867, 31119]"
114918,"[84377, 16177, 42125, 91688, 30505, 80420, 10397, 33310, 96534, 47622]"
114919,"[32675, 24359, 33048, 26247, 4171, 47940, 83774, 43559, 24831, 37828]"
114920,"[92812, 37505, 87648, 32189, 26199, 100920, 101123, 50202, 44546, 94892]"
114921,"[53812, 22065, 68773, 66581, 18553, 58681, 62545, 75002, 20043, 32503]"
114922,"[50382, 75489, 46275, 14795, 30571, 40877, 94610, 78305, 83542, 23855]"
114923,"[98833, 75897, 37660, 12832, 35796, 100041, 104142, 7154, 9568, 86871]"
114924,"[63653, 97554, 14624, 41206, 14670, 54303, 93752, 76532, 68302, 7011]"
114925,"[88312, 27218, 57772, 106978, 57160, 38944, 32274, 29832, 103820, 77866]"
114926,"[18211, 36826, 89341, 31338, 72698, 85458, 80453, 83833, 99805, 92636]"
114927,"[76217, 65962, 2708, 72401, 15483, 107907, 41349, 73183, 68591, 64611]"
114928,"[103457, 98839, 77256, 38958, 108876, 27903, 61179, 107299, 81206, 13205]"
114929,"[95462, 19529, 68081, 89626, 78935, 19849, 42981, 51581, 15731, 106573]"
114930,"[109741, 16495, 64367, 76620, 52631, 90711, 18287, 73702, 84778, 51345]"
114931,"[83944, 96613, 105605, 25735, 104675, 18779, 42245, 61509, 83416, 51454]"
114932,"[31140, 21776, 53373, 109589, 27980, 57564, 87233, 60264, 103153, 83133]"
114933,"[38545, 10387, 51323, 33997, 53470, 70295, 44630, 91028, 34315, 35366]"
114934,"[70731, 33512, 60722, 21686, 73622, 69832, 18900, 43771, 18980, 38560]"
114935,"[10150, 24362, 104564, 79270, 58566, 53039, 94685, 105200, 93548, 59293]"
114936,"[46431, 99082, 95269, 3614, 44162, 41642, 68608, 98849, 28610, 66356]"
114937,"[42444, 30687, 65220, 90140, 51482, 44089, 84600, 77357, 75395, 100971]"
114938,"[99793, 50426, 46960, 33769, 48515, 34617, 101561, 41399, 103653, 12158]"
114939,"[53590, 109267, 85337, 73722, 102173, 61695, 18277, 104560, 49577, 70297]"
114940,"[90179, 23030, 3711, 63416, 22390, 70260, 38391, 86733, 26290, 9543]"
114941,"[101145, 2888, 104236, 44059, 12024, 14312, 51292, 63296, 55628, 47348]"
114942,"[18045, 83543, 49818, 27929, 83318, 83378, 44639, 49397, 39865, 95137]"
114943,"[54183, 89486, 26903, 70979, 28826, 51518, 99817, 8533, 36292, 34419]"
114944,"[20388, 34771, 67787, 14426, 102707, 19820, 103442, 30753, 38310, 64914]"
114945,"[3031, 50201, 59757, 104491, 77868, 54155, 28423, 25765, 6449, 73204]"
114946,"[74510, 93541, 27087, 39939, 71291, 44248, 28099, 97657, 108045, 77494]"
114947,"[77030, 59530, 24799, 26210, 59906, 99019, 100810, 74888, 61308, 50253]"
114948,"[93432, 81199, 99636, 13774, 5183, 67326, 13519, 42207, 54937, 51620]"
114949,"[28446, 77806, 16384, 16463, 93389, 13350, 69804, 64997, 97831, 30022]"
114950,"[25558, 92229, 54461, 65225, 45770, 38163, 80398, 72210, 1877, 2626]"
114951,"[30537, 937, 71079, 72447, 63137, 99801, 58886, 44832, 37098, 16612]"
114952,"[52108, 6705, 102075, 23722, 57813, 36083, 76581, 17922, 77748, 65437]"
114953,"[75383, 106968, 50943, 93276, 79221, 52394, 34874, 17422, 46892, 77945]"
114954,"[82833, 42730, 8318, 75710, 16714, 9473, 95998, 91545, 9652, 43251]"
114955,"[7912, 40747, 70030, 98412, 84590, 43426, 11278, 8796, 60053, 98949]"
114956,"[94616, 78104, 17536, 82977, 6778, 103959, 60232, 88209, 58565, 3195]"
114957,"[75202, 64926, 11928, 35549, 3961, 29886, 103290, 76369, 63047, 29643]"
114958,"[53036, 87991, 950, 14579, 109113, 10943, 103692, 101652, 36016, 44250]"
114959,"[67782, 60747, 16470, 91025, 7724, 103103, 45151, 9880, 54486, 26328]"
114960,"[90807, 47075, 30832, 82269, 25595, 40262, 86216, 6356, 9214, 43562]"
114961,"[6847, 5755, 73775, 57237, 17139, 44266, 50223, 8432, 66362, 84578]"
114962,"[34894, 16152, 91664, 75501, 87280, 18950, 18725, 71025, 49923, 107983]"
114963,"[47369, 59145, 40039, 84093, 28309, 25577, 11480, 32162, 42864, 106163]"
114964,"[6982, 70498, 16349, 75802, 86315, 91244, 90258, 55727, 89963, 61658]"
114965,"[68539, 53722, 99854, 102366, 34590, 8865, 33945, 29851, 15264, 31114]"
114966,"[57981, 47198, 17380, 21723, 83819, 36082, 29775, 79392, 41726, 36463]"
114967,"[38691, 53062, 51746, 26610, 24195, 16621, 21489, 21666, 104209, 81676]"
114968,"[74435, 35060, 77474, 78787, 39291, 77740, 44064, 58395, 46702, 47819]"
114969,"[30700, 55109, 74299, 30427, 108808, 73506, 47562, 15269, 99124, 66278]"
114970,"[50154, 16122, 32537, 8405, 59290, 2386, 45360, 104687, 72990, 18519]"
114971,"[106569, 93882, 40186, 89815, 81806, 6741, 77267, 22271, 86065, 35864]"
114972,"[67122, 106604, 30141, 81783, 98403, 4244, 19627, 14604, 88870, 13737]"
114973,"[18280, 47631, 60752, 75447, 79544, 11444, 43565, 70168, 24634, 8047]"
114974,"[17220, 72056, 38219, 86443, 45303, 108896, 95857, 108456, 66729, 29087]"
114975,"[46512, 103053, 81105, 20504, 71745, 14543, 99963, 101356, 51426, 109067]"
114976,"[66073, 106714, 102147, 25626, 97606, 44412, 57256, 10498, 103997, 817]"
114977,"[50136, 72836, 37951, 73195, 23328, 102410, 46340, 67966, 105304, 79459]"
114978,"[68353, 13506, 56105, 68594, 109014, 87047, 56094, 34110, 85971, 8897]"
114979,"[101029, 11143, 82712, 76462, 57140, 19989, 29913, 50327, 93501, 108842]"
114980,"[5912, 57399, 20216, 26040, 104586, 101902, 73467, 95203, 83728, 44937]"
114981,"[45251, 2996, 88004, 96937, 17642, 35264, 28699, 40804, 86661, 13003]"
114982,"[85667, 59993, 99118, 79574, 25138, 102561, 99903, 72152, 104199, 54157]"
114983,"[50760, 103104, 41846, 57711, 58814, 6435, 28572, 1711, 107303, 14891]"
114984,"[988, 74788, 101542, 73893, 47210, 76600, 24156, 30703, 34011, 76537]"
114985,"[97959, 48386, 56834, 15791, 48060, 85995, 70088, 51144, 75666, 16011]"
114986,"[104067, 106344, 61769, 5985, 20872, 3854, 86345, 55615, 27938, 61701]"
114987,"[13088, 40026, 55024, 74146, 3784, 101644, 61801, 99430, 7347, 45430]"
114988,"[101209, 58653, 72468, 42007, 100036, 31653, 98526, 90131, 23332, 101349]"
114989,"[72913, 40435, 13998, 56150, 37797, 26195, 19117, 76635, 10924, 65550]"
114990,"[32739, 37496, 73565, 43861, 5180, 64168, 2890, 84111, 23578, 6931]"
114991,"[38362, 31215, 107375, 23498, 2304, 74604, 7032, 13256, 52128, 57294]"
114992,"[99016, 24164, 66994, 101002, 48639, 51658, 52470, 44959, 36311, 1050]"
114993,"[32608, 96672, 84398, 29092, 50717, 52960, 31682, 43880, 75028, 89499]"
114994,"[14900, 1695, 24355, 74195, 34362, 103986, 70813, 85498, 83672, 48847]"
114995,"[59030, 106479, 38219, 37363, 36812, 691, 45303, 53069, 83053, 109762]"
114996,"[11648, 15461, 724, 102520, 87407, 41222, 94857, 58367, 80456, 26864]"
114997,"[82058, 66580, 9222, 43967, 77101, 87388, 869, 48507, 80371, 17016]"
114998,"[108662, 98766, 27612, 76416, 48991, 105185, 41179, 45517, 22201, 77768]"
114999,"[62438, 44644, 8196, 15449, 38600, 18750, 66537, 58022, 21814, 71192]"
115000,"[101811, 32888, 437, 68535, 58027, 58752, 87126, 106667, 94851, 62944]"
115001,"[1524, 54283, 5551, 106130, 103472, 89331, 105319, 63626, 61439, 103872]"
115002,"[35197, 81025, 101223, 73648, 99951, 87379, 43850, 26144, 5519, 30750]"
115003,"[25290, 35956, 14185, 91394, 91413, 63222, 23203, 34406, 27837, 99885]"
115004,"[6526, 76308, 100528, 20210, 104617, 11960, 16618, 73336, 62153, 16707]"
115005,"[86513, 91697, 18761, 35561, 12281, 92739, 92735, 102523, 34570, 99025]"
115006,"[96042, 84814, 107828, 33858, 6254, 74813, 101198, 40057, 48809, 41967]"
115007,"[90726, 53596, 47079, 77647, 84106, 49586, 41127, 11523, 37467, 37206]"
115008,"[19239, 9416, 11092, 43615, 9489, 7883, 3522, 625, 37832, 89401]"
115009,"[23359, 56742, 72216, 23904, 95968, 91333, 90446, 61192, 95634, 102241]"
115010,"[16997, 36135, 97970, 63625, 45217, 19813, 1371, 56609, 76925, 74900]"
115011,"[27122, 54913, 4069, 59761, 95750, 64648, 97856, 27811, 33244, 29074]"
115012,"[36229, 87139, 32319, 38422, 103605, 83784, 74174, 24361, 58993, 54473]"
115013,"[71531, 38828, 35725, 102575, 96256, 78288, 18217, 107678, 49828, 13090]"
115014,"[72443, 16352, 63867, 56065, 75375, 17666, 105608, 82769, 41036, 50326]"
115015,"[73000, 44218, 60705, 98855, 61980, 18085, 45758, 87894, 24871, 83273]"
115016,"[43721, 31119, 7157, 21633, 53847, 82838, 65670, 29795, 29299, 89715]"
115017,"[18958, 104536, 48175, 49327, 19975, 64188, 26056, 14936, 67818, 72807]"
115018,"[36697, 93190, 17606, 58329, 71643, 54622, 50494, 66996, 19063, 91013]"
115019,"[47102, 105086, 37817, 75796, 5240, 64193, 65498, 99108, 103883, 13989]"
115020,"[44617, 22536, 78316, 50697, 65507, 8217, 99897, 74794, 26805, 99347]"
115021,"[46075, 14304, 88750, 6103, 96725, 101044, 95142, 53940, 74332, 10470]"
115022,"[70123, 51479, 84445, 63300, 90395, 25767, 52785, 60636, 20994, 39090]"
115023,"[87465, 36117, 15286, 11931, 77123, 9648, 92841, 38124, 9734, 33336]"
115024,"[38010, 90706, 63620, 37791, 76450, 27361, 71194, 46086, 15334, 50844]"
115025,"[36702, 22936, 50177, 22607, 81780, 7662, 36369, 29618, 34846, 90834]"
115026,"[66284, 66103, 14115, 20515, 85516, 26278, 93881, 44459, 77846, 67609]"
115027,"[76244, 58243, 50614, 108246, 72552, 9907, 37896, 27193, 102852, 102194]"
115028,"[98131, 92870, 38470, 46043, 88806, 46562, 12027, 41496, 93033, 73792]"
115029,"[17204, 40375, 46411, 17110, 63156, 7119, 40786, 86317, 61792, 12772]"
115030,"[46751, 107703, 1074, 86746, 50148, 23607, 21008, 49863, 95338, 33115]"
115031,"[10506, 57169, 68514, 44847, 63481, 93315, 94285, 18693, 20909, 91861]"
115032,"[54469, 49869, 36157, 76696, 11625, 34108, 12268, 44081, 85714, 22280]"
115033,"[12081, 81206, 13205, 103457, 98839, 38958, 38132, 26000, 11270, 27058]"
115034,"[101348, 79255, 104646, 37243, 23200, 776, 49454, 3120, 23377, 71990]"
115035,"[17515, 15618, 62073, 96902, 107811, 12652, 5289, 98002, 21394, 18866]"
115036,"[65920, 81501, 91997, 74048, 41548, 83903, 40931, 41066, 72960, 5053]"
115037,"[51891, 96033, 24331, 32239, 62763, 72351, 105554, 67549, 19023, 107942]"
115038,"[72409, 18636, 4003, 95649, 105071, 102954, 51142, 55028, 17624, 52505]"
115039,"[96250, 43260, 46232, 38785, 44449, 20354, 43208, 90670, 73019, 6645]"
115040,"[5430, 105339, 55228, 71653, 23694, 20114, 47273, 28711, 102551, 68576]"
115041,"[88966, 64027, 104413, 96533, 59139, 20345, 5392, 38809, 105649, 63615]"
115042,"[91195, 65486, 8085, 26526, 83492, 98189, 24177, 109611, 63051, 95081]"
115043,"[5654, 90771, 59010, 29486, 11826, 39271, 90867, 15353, 106973, 89788]"
115044,"[33025, 9036, 46265, 30150, 54054, 80850, 34252, 70062, 67952, 104779]"
115045,"[88566, 34462, 75506, 1344, 21651, 37993, 71547, 24863, 14947, 60519]"
115046,"[74354, 96963, 892, 91377, 61277, 32627, 30001, 75739, 93850, 103326]"
115047,"[101330, 18023, 70164, 29380, 35622, 104066, 106615, 5637, 94918, 43796]"
115048,"[43133, 43408, 42901, 29877, 62737, 76914, 98283, 30791, 67119, 33264]"
115049,"[28923, 86583, 39426, 85224, 75493, 23540, 28711, 91562, 97098, 55228]"
115050,"[103406, 43713, 36903, 87478, 47532, 57129, 41469, 25644, 35061, 13365]"
115051,"[48047, 73540, 62370, 108718, 102280, 22575, 29126, 1382, 7016, 56972]"
115052,"[83172, 93473, 96820, 61890, 3670, 14879, 66306, 59824, 69236, 52224]"
115053,"[39717, 95910, 42884, 25160, 81357, 100428, 56423, 21686, 11222, 63963]"
115054,"[46439, 33756, 69254, 84716, 8252, 86070, 88594, 99766, 93252, 16904]"
115055,"[109514, 27442, 99588, 63223, 30018, 22269, 100638, 2977, 254, 79253]"
115056,"[45004, 52921, 32731, 57224, 106727, 79313, 107762, 78391, 79980, 60746]"
115057,"[57485, 43815, 98831, 58917, 104817, 37845, 55034, 57486, 102524, 37143]"
115058,"[75520, 29990, 47158, 62532, 47002, 38201, 92385, 45229, 89844, 19106]"
115059,"[13081, 4448, 2262, 13843, 10041, 83694, 68029, 108916, 4272, 5532]"
115060,"[49564, 59047, 17845, 66487, 53572, 32831, 58150, 72151, 62270, 11268]"
115061,"[11077, 53582, 5163, 15522, 69271, 85506, 56427, 50955, 30208, 16600]"
115062,"[12938, 36821, 108415, 44488, 39809, 77326, 77142, 53322, 60261, 64585]"
115063,"[61094, 94535, 100446, 30203, 75604, 84660, 97986, 85221, 26892, 108737]"
115064,"[92523, 98162, 93823, 1974, 2723, 30855, 47638, 99474, 43715, 106135]"
115065,"[36789, 64659, 39764, 68894, 1141, 75524, 2227, 24741, 23407, 46681]"
115066,"[34088, 13494, 38009, 5798, 22453, 74915, 104750, 19374, 24367, 3562]"
115067,"[81669, 89759, 15201, 56491, 42987, 109245, 50323, 77628, 46637, 82995]"
115068,"[41877, 71575, 92639, 10050, 66860, 39003, 64501, 43481, 33423, 23814]"
115069,"[89706, 72902, 52028, 41611, 83527, 94588, 100599, 68645, 6213, 7649]"
115070,"[107925, 70294, 13683, 70178, 47274, 86084, 37049, 7512, 35797, 83163]"
115071,"[92931, 38600, 44644, 62438, 78114, 69170, 62963, 42582, 18864, 39099]"
115072,"[53275, 109646, 27391, 51301, 4863, 38112, 33217, 2148, 10364, 33131]"
115073,"[78986, 29232, 85490, 94449, 13705, 331, 46039, 18749, 53581, 6818]"
115074,"[65587, 31849, 44199, 91239, 22704, 24630, 81766, 5114, 174, 108848]"
115075,"[26625, 37594, 21762, 75503, 62076, 86586, 98022, 87753, 81334, 85699]"
115076,"[2697, 29552, 72017, 107619, 5851, 38350, 32535, 14294, 77863, 9509]"
115077,"[82450, 89284, 66782, 23273, 68026, 62417, 51980, 24307, 67331, 99956]"
115078,"[6313, 97836, 79031, 61952, 38638, 96386, 40613, 45326, 24151, 43295]"
115079,"[93459, 92239, 85362, 26931, 74509, 57665, 88671, 66804, 75296, 47079]"
115080,"[77240, 29884, 72873, 57222, 105910, 36000, 17806, 77867, 57765, 82053]"
115081,"[61609, 26776, 87001, 57307, 67919, 90589, 55415, 49246, 104906, 77484]"
115082,"[29626, 12875, 4378, 54084, 53168, 108495, 40263, 33919, 44622, 78915]"
115083,"[97329, 85531, 85126, 63490, 13696, 10881, 21117, 30546, 51431, 72209]"
115084,"[98944, 38360, 39347, 1177, 29303, 84311, 4605, 105823, 86398, 89931]"
115085,"[13838, 15162, 6975, 33813, 78884, 30186, 39490, 74648, 8239, 19309]"
115086,"[1919, 42290, 91309, 69844, 41893, 89051, 44456, 106859, 37622, 59942]"
115087,"[102487, 19287, 53020, 33977, 6781, 41848, 77931, 615, 41398, 14114]"
115088,"[25027, 54770, 52099, 7024, 34935, 24363, 62976, 31871, 85771, 64033]"
115089,"[27144, 18264, 105863, 45828, 107380, 32557, 29384, 46407, 14729, 58509]"
115090,"[23141, 109447, 42450, 41989, 44894, 6775, 79481, 55091, 108118, 71769]"
115091,"[104857, 92163, 72648, 54903, 17239, 23433, 36419, 58959, 26424, 78024]"
115092,"[65432, 82523, 99187, 92081, 52095, 72652, 61783, 102539, 44982, 84034]"
115093,"[35913, 101248, 101021, 62434, 22884, 96547, 14703, 39056, 81072, 36637]"
115094,"[1176, 107855, 59917, 92632, 5979, 75892, 41653, 59602, 104010, 104947]"
115095,"[75032, 101184, 33698, 12961, 5369, 91207, 8315, 79434, 2752, 74393]"
115096,"[11817, 87817, 5625, 57211, 73449, 25146, 84388, 67154, 103156, 97544]"
115097,"[73733, 23761, 80645, 90747, 32574, 70516, 23511, 79160, 67482, 75985]"
115098,"[21834, 109043, 33600, 56914, 10921, 106526, 21867, 106221, 11319, 36]"
115099,"[54793, 8821, 17006, 59445, 68993, 10367, 90633, 36896, 91658, 100254]"
115100,"[4966, 88813, 74071, 98984, 91020, 27497, 54855, 85875, 11137, 37958]"
115101,"[57407, 4449, 99721, 5774, 107128, 23801, 82057, 65888, 36735, 68337]"
115102,"[23439, 81528, 35800, 43162, 32856, 59628, 62406, 42370, 72585, 74436]"
115103,"[94812, 86901, 87195, 70806, 18086, 19690, 20858, 35353, 27013, 108206]"
115104,"[22746, 45903, 89352, 32785, 67876, 78535, 54028, 105854, 16036, 68988]"
115105,"[89169, 45273, 1688, 1207, 11190, 48042, 46227, 11725, 89813, 55810]"
115106,"[49892, 94068, 68321, 25739, 18620, 106547, 13597, 62189, 42966, 49855]"
115107,"[39971, 57846, 18617, 9642, 13943, 34479, 51047, 13967, 77858, 40303]"
115108,"[27687, 64768, 26298, 75460, 15046, 44497, 34701, 85418, 28623, 48181]"
115109,"[95719, 88585, 71141, 27646, 103672, 106903, 16211, 87190, 12061, 94332]"
115110,"[50472, 74912, 17134, 75397, 104926, 18329, 77830, 107398, 15403, 51076]"
115111,"[75430, 3868, 41448, 82172, 2038, 61303, 77719, 47212, 23400, 15416]"
115112,"[41927, 39933, 36191, 76684, 51741, 137, 74691, 90995, 71525, 13772]"
115113,"[94001, 7718, 66528, 61706, 51570, 20991, 16786, 26134, 70267, 23066]"
115114,"[77338, 52958, 70412, 51653, 30118, 61647, 12611, 74660, 29771, 13101]"
115115,"[21790, 38062, 88783, 73686, 30409, 84128, 89088, 99137, 2279, 37619]"
115116,"[38353, 77426, 25153, 45700, 81032, 71572, 67015, 79350, 23977, 77489]"
115117,"[61204, 46527, 83826, 15041, 54451, 12183, 47915, 9946, 26459, 85554]"
115118,"[26882, 69863, 109342, 7047, 85438, 44013, 49288, 63760, 98517, 56256]"
115119,"[30746, 361, 107533, 30246, 24115, 76499, 11187, 44169, 66815, 6892]"
115120,"[105869, 90278, 85588, 30873, 47256, 48670, 13211, 73967, 52635, 72490]"
115121,"[5788, 88648, 64700, 19853, 83950, 92118, 18055, 84259, 31374, 10707]"
115122,"[47921, 42436, 29487, 13156, 4237, 29692, 31728, 63492, 66539, 78909]"
115123,"[51357, 103130, 88606, 20579, 34638, 42623, 27134, 53174, 37046, 14726]"
115124,"[103120, 71156, 43814, 3827, 105087, 32058, 21243, 79319, 30849, 58118]"
115125,"[74421, 20325, 22896, 71333, 2688, 95219, 9048, 96516, 13728, 15784]"
115126,"[49121, 42243, 14444, 71465, 29775, 83819, 12374, 38217, 99838, 25614]"
115127,"[66573, 108246, 102852, 77692, 50614, 5964, 72809, 24479, 64159, 103062]"
115128,"[195, 43993, 30712, 18101, 99990, 107441, 28230, 46817, 38185, 26548]"
115129,"[77348, 47917, 97255, 107971, 86006, 101753, 61639, 41017, 42647, 88973]"
115130,"[15076, 38417, 27432, 18491, 71001, 108666, 31709, 25079, 15817, 84566]"
115131,"[37052, 23646, 78850, 18839, 41537, 16809, 49394, 71654, 16083, 26160]"
115132,"[69826, 55462, 74364, 47087, 92094, 32912, 101641, 17978, 67117, 7980]"
115133,"[22675, 63352, 92550, 78416, 56807, 94669, 106718, 35109, 70937, 1068]"
115134,"[72293, 16610, 108355, 53882, 75449, 24017, 80755, 88851, 9898, 91750]"
115135,"[8041, 30319, 67157, 35917, 63062, 55168, 109475, 5217, 60878, 95916]"
115136,"[5199, 52289, 53584, 30651, 57112, 78099, 82038, 19886, 93943, 76848]"
115137,"[109173, 39857, 100880, 6161, 80841, 86980, 35376, 9696, 107348, 65905]"
115138,"[79358, 33860, 72144, 93363, 35540, 52076, 84170, 43677, 72788, 71133]"
115139,"[22352, 100468, 5666, 49051, 62459, 17903, 54101, 89838, 100413, 23579]"
115140,"[6130, 2353, 47123, 65462, 47938, 75176, 95352, 63470, 101900, 20519]"
115141,"[88460, 64597, 95766, 62441, 52333, 85037, 44543, 26898, 102912, 8550]"
115142,"[73618, 70363, 95491, 25143, 82564, 16816, 54458, 29205, 70301, 102878]"
115143,"[59129, 7446, 35873, 103169, 100018, 34409, 495, 81725, 5833, 79577]"
115144,"[73621, 63611, 88227, 14139, 4363, 103822, 98591, 54813, 57469, 67779]"
115145,"[53483, 22759, 105529, 45629, 92500, 37514, 15914, 33197, 73922, 35282]"
115146,"[65003, 66772, 3504, 55167, 61899, 8431, 58837, 52208, 23874, 7706]"
115147,"[40917, 69558, 101067, 54987, 99807, 25352, 93497, 53607, 97271, 91968]"
115148,"[51119, 63246, 107487, 15962, 31783, 57554, 93392, 75666, 79110, 77831]"
115149,"[300, 80554, 59367, 52902, 66175, 27969, 27930, 53263, 22359, 82205]"
115150,"[16408, 25599, 79030, 18932, 33185, 20672, 13839, 76369, 7124, 54188]"
115151,"[61435, 81532, 38892, 70695, 93221, 39946, 63456, 7417, 20169, 92005]"
115152,"[55303, 47716, 31445, 44991, 73391, 105043, 47926, 5265, 101970, 17892]"
115153,"[19024, 63203, 2108, 77230, 104234, 28351, 48120, 80353, 102106, 40066]"
115154,"[83721, 15227, 107329, 71903, 32520, 40374, 70798, 94326, 50058, 22460]"
115155,"[58015, 31833, 22613, 50422, 24553, 69751, 91186, 95593, 80108, 102788]"
115156,"[86767, 25615, 89542, 97285, 23169, 65899, 22306, 63793, 61599, 7167]"
115157,"[106084, 70249, 74267, 96350, 105716, 72334, 44698, 40897, 85280, 87992]"
115158,"[34313, 71112, 23497, 45844, 23194, 109089, 13211, 108711, 73964, 72924]"
115159,"[59930, 75568, 24016, 88123, 73516, 93296, 25828, 79312, 104019, 59738]"
115160,"[11574, 60117, 84216, 74097, 59087, 42807, 19774, 43602, 57316, 107988]"
115161,"[26925, 28894, 57182, 95403, 10486, 92341, 65689, 94259, 55610, 96449]"
115162,"[36409, 45422, 67571, 23056, 74717, 108915, 28738, 100918, 79812, 39518]"
115163,"[26819, 36743, 25604, 88776, 16788, 7604, 36293, 64358, 72343, 13055]"
115164,"[79826, 89268, 90334, 5987, 2617, 58289, 94322, 33234, 102599, 5719]"
115165,"[65701, 12929, 61745, 24917, 52645, 65821, 38377, 34190, 79367, 37680]"
115166,"[55910, 24382, 42252, 64483, 18311, 98358, 90552, 43246, 89009, 520]"
115167,"[43204, 99602, 57273, 3892, 4955, 87368, 7622, 8611, 14685, 34713]"
115168,"[54227, 91553, 67273, 25676, 37686, 9452, 7036, 40622, 34381, 47340]"
115169,"[89239, 84818, 57918, 37982, 99303, 67256, 47953, 25536, 76460, 62387]"
115170,"[68218, 43081, 108316, 81688, 30055, 8518, 8936, 11219, 70523, 105153]"
115171,"[72403, 771, 72925, 93707, 67188, 94836, 68437, 57658, 100243, 54008]"
115172,"[9714, 108924, 14480, 98904, 821, 62718, 84225, 24358, 10390, 91441]"
115173,"[71622, 65327, 39676, 53534, 60962, 55850, 30159, 68013, 29748, 48284]"
115174,"[45486, 103534, 67568, 86293, 1522, 109131, 23403, 51776, 106171, 11400]"
115175,"[12857, 25315, 104559, 90593, 67097, 3948, 86560, 96206, 70889, 24912]"
115176,"[108662, 70586, 22519, 63254, 103067, 105185, 33902, 104894, 7409, 54712]"
115177,"[23869, 92788, 41524, 109476, 13903, 23351, 16806, 61288, 48960, 96783]"
115178,"[3038, 17376, 16500, 82752, 106470, 28731, 27019, 49067, 48195, 18309]"
115179,"[45483, 43828, 12826, 46387, 36433, 45416, 75016, 33088, 89120, 7420]"
115180,"[92261, 91017, 10152, 77023, 36695, 2713, 99216, 41361, 106313, 6467]"
115181,"[26171, 42721, 67019, 2081, 5863, 37003, 96940, 27773, 94436, 61661]"
115182,"[9380, 10691, 41456, 9048, 59284, 59292, 61192, 95634, 97715, 8383]"
115183,"[60782, 98048, 109139, 87899, 64917, 96028, 13891, 23975, 36019, 64582]"
115184,"[94997, 51320, 5195, 34062, 102801, 105709, 87302, 31735, 79051, 79261]"
115185,"[84878, 6346, 69583, 28593, 102547, 87303, 82486, 17407, 99413, 16656]"
115186,"[43720, 12115, 79811, 12125, 86488, 29732, 78416, 70217, 74875, 63727]"
115187,"[58099, 9573, 87569, 82565, 31128, 98988, 8794, 38279, 73982, 88851]"
115188,"[6133, 49427, 105265, 4726, 63853, 16925, 97915, 61052, 38368, 96473]"
115189,"[23615, 40661, 60438, 91264, 55694, 56994, 1323, 77315, 6354, 105352]"
115190,"[50686, 29418, 104975, 70933, 60823, 43878, 42701, 85359, 77955, 92443]"
115191,"[8271, 73007, 22714, 41724, 44647, 49605, 1136, 70490, 68085, 14039]"
115192,"[27433, 34246, 26454, 56719, 90299, 89876, 77577, 50113, 50402, 4414]"
115193,"[70010, 7627, 81146, 78198, 107756, 85589, 76080, 51372, 100673, 63619]"
115194,"[66412, 24238, 95085, 45806, 75776, 17165, 12928, 27918, 67895, 90151]"
115195,"[82252, 26616, 82384, 360, 72226, 74834, 87769, 49442, 68975, 61942]"
115196,"[92473, 61282, 56750, 49406, 38424, 50264, 77117, 55484, 59175, 66880]"
115197,"[89429, 10677, 82457, 67337, 101252, 49565, 75314, 13491, 16425, 109412]"
115198,"[23999, 31233, 42351, 19146, 1509, 2568, 1537, 88470, 71167, 8232]"
115199,"[21410, 44113, 11916, 14833, 78252, 74842, 6760, 49357, 22695, 54445]"
115200,"[98589, 51330, 18873, 6830, 4686, 33633, 69240, 91560, 102088, 7357]"
115201,"[22117, 109413, 21450, 2776, 23183, 35287, 93844, 97704, 67168, 106918]"
115202,"[104229, 46992, 63306, 33321, 40277, 94806, 84591, 77854, 33571, 11095]"
115203,"[82118, 39228, 32645, 27743, 81337, 18611, 13712, 53908, 20320, 38328]"
115204,"[38525, 13258, 85478, 81240, 6829, 38291, 1990, 90780, 32751, 30611]"
115205,"[102418, 76977, 28036, 86889, 93506, 26237, 7553, 70796, 27336, 100091]"
115206,"[68328, 20279, 5131, 96248, 102878, 63787, 60440, 77682, 96790, 63101]"
115207,"[46668, 30291, 65176, 104580, 76059, 83138, 31406, 27286, 23063, 91354]"
115208,"[103373, 43246, 102441, 32109, 107020, 3980, 57343, 105157, 45003, 87812]"
115209,"[5226, 49361, 86717, 24668, 70320, 101600, 23832, 734, 107169, 85325]"
115210,"[68414, 62562, 68031, 86694, 101898, 12951, 51650, 7045, 3429, 83193]"
115211,"[21473, 93399, 35171, 62136, 51871, 65263, 4871, 10507, 23580, 106304]"
115212,"[86218, 76848, 73528, 63111, 18477, 15204, 79643, 102896, 82038, 106871]"
115213,"[54374, 52072, 10200, 6729, 15424, 3613, 42519, 35899, 84263, 95191]"
115214,"[27355, 48574, 35824, 50599, 8180, 88486, 78695, 69119, 18057, 52842]"
115215,"[87976, 80242, 70740, 78840, 60131, 61114, 99810, 36934, 22975, 41515]"
115216,"[81066, 84708, 25206, 59332, 43349, 70955, 94945, 53598, 93082, 66745]"
115217,"[77833, 59107, 64774, 70476, 76653, 101176, 83809, 45568, 105460, 99300]"
115218,"[88140, 24699, 794, 38668, 36387, 22778, 59246, 102439, 102986, 94197]"
115219,"[25520, 64494, 2080, 39987, 2033, 39889, 2463, 62097, 25664, 56181]"
115220,"[56200, 10949, 104736, 35251, 61903, 98551, 13571, 82023, 37010, 33879]"
115221,"[37341, 61741, 57750, 94755, 101871, 24624, 9197, 445, 88636, 84267]"
115222,"[62810, 245, 8134, 84354, 64005, 23354, 98471, 64235, 54020, 45565]"
115223,"[5610, 95589, 3820, 66220, 1608, 78917, 108600, 76011, 79024, 44702]"
115224,"[71616, 6074, 95820, 87881, 29547, 26502, 48190, 65549, 7964, 62472]"
115225,"[17028, 94969, 25428, 106174, 79596, 59024, 105397, 85730, 105885, 54150]"
115226,"[6288, 80890, 50678, 106720, 77226, 106842, 4126, 23919, 5859, 19456]"
115227,"[23512, 104405, 102736, 91875, 64771, 6052, 44848, 78802, 88454, 6482]"
115228,"[37201, 17692, 26626, 79378, 99410, 91919, 19380, 20286, 73215, 81925]"
115229,"[55823, 56668, 108041, 43469, 14148, 76237, 7770, 95342, 91951, 5469]"
115230,"[84049, 61445, 39425, 10044, 29481, 69562, 27301, 42928, 48303, 76314]"
115231,"[9024, 49408, 28869, 36912, 9479, 107322, 40530, 38082, 102739, 52007]"
115232,"[25369, 94981, 106255, 106636, 9530, 95322, 64321, 49950, 36729, 9894]"
115233,"[45337, 24058, 99465, 106550, 102967, 49365, 85140, 71515, 79275, 79458]"
115234,"[52389, 59923, 80271, 88084, 50152, 63407, 49860, 30287, 102755, 40160]"
115235,"[99646, 101681, 96957, 1115, 103641, 41603, 81543, 21301, 4262, 47968]"
115236,"[35749, 1450, 85282, 964, 43693, 67555, 40316, 48705, 5351, 47268]"
115237,"[84466, 15037, 104676, 63966, 90788, 102382, 69609, 33554, 24472, 88013]"
115238,"[77706, 54489, 92309, 56772, 9500, 38651, 56876, 78797, 102457, 4951]"
115239,"[108758, 80784, 34716, 62426, 21592, 56906, 67360, 45211, 69295, 79282]"
115240,"[89990, 86344, 19607, 40360, 71326, 42693, 47001, 37545, 54931, 102437]"
115241,"[6737, 1812, 89919, 28364, 26722, 19431, 89419, 10141, 40176, 93833]"
115242,"[108980, 106528, 21573, 75262, 42738, 14956, 11497, 97689, 90504, 59240]"
115243,"[17319, 99717, 19803, 29731, 37807, 95371, 95366, 33209, 101833, 88984]"
115244,"[83103, 51799, 98400, 80819, 101285, 81154, 99488, 36715, 23396, 45742]"
115245,"[10215, 18805, 105419, 19522, 47419, 35801, 53204, 40847, 78828, 86542]"
115246,"[98042, 106918, 32607, 73988, 31731, 96636, 11341, 30384, 93844, 71782]"
115247,"[90419, 96182, 51268, 97299, 25506, 91987, 1279, 6011, 49618, 27357]"
115248,"[6177, 104724, 32302, 20909, 79848, 59822, 17052, 90358, 78600, 11903]"
115249,"[101482, 50752, 99698, 67329, 62626, 41379, 1149, 99792, 38626, 28050]"
115250,"[4457, 36281, 108964, 83610, 30714, 101365, 9858, 67499, 68867, 15374]"
115251,"[29737, 56764, 97894, 71651, 3525, 24740, 93346, 57573, 108689, 1222]"
115252,"[45582, 96659, 80643, 71558, 48404, 107049, 49270, 23661, 31814, 49488]"
115253,"[28343, 35354, 22112, 38897, 25983, 75457, 77968, 93181, 89395, 41335]"
115254,"[4797, 44340, 47456, 23247, 47090, 87462, 72834, 105556, 84798, 56026]"
115255,"[26675, 73002, 30019, 92251, 103040, 67911, 100153, 21549, 7423, 71000]"
115256,"[66377, 56353, 80276, 47220, 60679, 62748, 55526, 9985, 89790, 19831]"
115257,"[55184, 87040, 64834, 62712, 24820, 66232, 105768, 56068, 50742, 80782]"
115258,"[34287, 81939, 6824, 32416, 30086, 21749, 80043, 63051, 55512, 38041]"
115259,"[64463, 5189, 42292, 15208, 16356, 5988, 69983, 101493, 73303, 43534]"
115260,"[13872, 18178, 70310, 78775, 105039, 89113, 51963, 74067, 16909, 96541]"
115261,"[79691, 49105, 545, 86489, 87969, 15202, 4878, 40336, 713, 23067]"
115262,"[1569, 78657, 49064, 53444, 23001, 41909, 37286, 94074, 49253, 89700]"
115263,"[75183, 23135, 26639, 28134, 74012, 89680, 10093, 93358, 94932, 60918]"
115264,"[691, 8062, 36812, 107554, 21973, 22557, 101607, 54435, 81613, 91665]"
115265,"[79479, 11135, 109403, 31916, 84022, 101252, 10762, 38935, 37755, 21526]"
115266,"[89006, 54108, 88517, 88216, 25658, 63037, 6571, 72886, 62225, 76790]"
115267,"[50937, 11687, 57065, 67106, 66922, 16676, 104448, 54637, 58965, 25764]"
115268,"[33080, 12512, 75711, 85694, 47421, 84672, 59805, 50976, 103631, 8429]"
115269,"[9078, 33043, 41827, 11717, 85642, 57596, 47041, 42912, 87628, 78354]"
115270,"[40844, 18183, 56548, 1111, 51112, 49432, 27531, 30946, 44304, 3379]"
115271,"[80667, 77344, 81041, 24569, 53337, 69136, 38671, 102116, 85060, 47382]"
115272,"[13218, 18629, 93282, 94778, 47181, 93745, 30623, 83371, 67309, 58710]"
115273,"[91232, 106446, 56548, 91104, 59178, 51949, 55506, 13835, 12690, 87485]"
115274,"[40186, 27905, 33608, 62795, 106569, 7345, 108605, 91781, 20621, 60655]"
115275,"[29644, 10375, 103835, 83279, 19302, 17557, 88254, 34742, 4601, 66011]"
115276,"[55302, 102903, 70059, 105961, 80037, 47480, 36270, 89855, 88688, 6163]"
115277,"[104916, 76419, 16859, 80845, 89332, 25672, 57232, 104193, 64101, 38421]"
115278,"[3016, 21074, 2907, 31281, 103823, 43571, 31728, 27133, 24172, 61899]"
115279,"[57835, 9269, 94237, 30347, 45443, 14525, 49329, 83109, 84816, 64686]"
115280,"[191, 83920, 68591, 54113, 63464, 18461, 16288, 32860, 24061, 40730]"
115281,"[34367, 75149, 77398, 72855, 29636, 33165, 70039, 1109, 104541, 106916]"
115282,"[30609, 72764, 34964, 68214, 15939, 103327, 11804, 15944, 89238, 105961]"
115283,"[59901, 96697, 31988, 68985, 86764, 1403, 22891, 8009, 97850, 70647]"
115284,"[40474, 91373, 62952, 45301, 31614, 1504, 44386, 67405, 76598, 75727]"
115285,"[92532, 61407, 87333, 108980, 73497, 72572, 95885, 19104, 36643, 68009]"
115286,"[11780, 34077, 39666, 73558, 67675, 70515, 6067, 13283, 96340, 18319]"
115287,"[75698, 66853, 24263, 43213, 13029, 12211, 96714, 95324, 69049, 102226]"
115288,"[33567, 64376, 27825, 67342, 70106, 5344, 21471, 64893, 90601, 13376]"
115289,"[82102, 31305, 72771, 56544, 102740, 87238, 51046, 47662, 101653, 101230]"
115290,"[52433, 85708, 25821, 53469, 34303, 66773, 45032, 42093, 13077, 57841]"
115291,"[23681, 86335, 56485, 51432, 19144, 94221, 21884, 73656, 54373, 39449]"
115292,"[59780, 106000, 13524, 90157, 104569, 11487, 100471, 80638, 7343, 27008]"
115293,"[68738, 22311, 5551, 66024, 106130, 103472, 14729, 89331, 18134, 71058]"
115294,"[17863, 35614, 89512, 63896, 102230, 1936, 15913, 81602, 9564, 56846]"
115295,"[104924, 90042, 26436, 19136, 14745, 20397, 10493, 9832, 21959, 44920]"
115296,"[80265, 44589, 91752, 100403, 108559, 59345, 64745, 92501, 13327, 19630]"
115297,"[2069, 44269, 17234, 27096, 75539, 91846, 7759, 14864, 104419, 81724]"
115298,"[72376, 15579, 63732, 47599, 49685, 5472, 43474, 15138, 73698, 49135]"
115299,"[82727, 61692, 48830, 23316, 70191, 72116, 3115, 23812, 14511, 60698]"
115300,"[97693, 107211, 19992, 22802, 59791, 46568, 79110, 103854, 38086, 104361]"
115301,"[93066, 12093, 9481, 40548, 9802, 53115, 31883, 70769, 89824, 32962]"
115302,"[15526, 34905, 76626, 55439, 1, 9007, 103523, 38515, 88992, 104892]"
115303,"[98741, 96398, 105456, 102450, 99012, 36635, 5068, 4594, 54883, 80749]"
115304,"[58159, 103177, 81917, 10990, 84909, 56435, 68614, 87748, 51675, 15875]"
115305,"[69651, 22522, 46975, 56297, 59073, 71642, 80235, 6269, 12899, 19277]"
115306,"[33982, 9607, 30290, 95054, 59715, 93599, 12091, 77458, 150, 39691]"
115307,"[23089, 69481, 109545, 15441, 23272, 60744, 57017, 105018, 103763, 89434]"
115308,"[100327, 12999, 14724, 57230, 5255, 35662, 16555, 100684, 75602, 32840]"
115309,"[37204, 64146, 47245, 39085, 50080, 76884, 9822, 10395, 86131, 81201]"
115310,"[62347, 72946, 74805, 64524, 88582, 8173, 72304, 87652, 87327, 19047]"
115311,"[8486, 48625, 82111, 71931, 19600, 105257, 53206, 45071, 101056, 69430]"
115312,"[63286, 76423, 67035, 104763, 67101, 81997, 44498, 8857, 43657, 9425]"
115313,"[11878, 106457, 38920, 91785, 31024, 50799, 66671, 584, 38060, 74590]"
115314,"[94840, 1480, 79515, 54681, 100537, 71583, 33922, 7694, 6934, 61146]"
115315,"[63179, 46585, 71923, 32341, 73184, 8066, 98457, 55753, 81799, 84307]"
115316,"[59320, 59313, 45981, 35719, 48440, 102284, 3281, 77794, 6302, 29657]"
115317,"[16014, 11234, 104135, 55506, 65470, 37284, 38180, 42066, 74422, 61311]"
115318,"[66925, 66694, 102473, 80824, 71527, 1485, 84312, 49093, 90557, 67340]"
115319,"[1452, 19637, 71669, 49839, 51051, 52894, 92644, 75116, 87463, 79142]"
115320,"[5312, 34678, 101194, 64714, 69618, 97234, 47681, 79674, 77187, 50216]"
115321,"[98657, 86561, 6104, 85396, 6788, 35391, 57003, 44167, 75525, 35564]"
115322,"[48449, 85447, 2824, 51814, 8782, 81534, 55482, 102141, 18849, 10124]"
115323,"[56379, 45016, 14395, 86866, 46816, 49570, 8983, 20586, 30416, 102455]"
115324,"[11850, 9758, 50915, 25498, 88346, 108328, 7666, 47330, 29212, 8174]"
115325,"[28598, 22700, 1887, 35921, 23849, 32769, 60744, 56630, 105165, 22358]"
115326,"[86261, 83779, 19631, 4973, 7961, 42709, 97625, 7504, 61814, 22047]"
115327,"[61986, 46041, 40607, 108749, 56120, 20220, 84551, 44434, 51965, 26342]"
115328,"[73898, 1846, 78535, 7663, 47492, 13930, 20336, 33479, 108491, 54928]"
115329,"[95282, 13517, 32685, 28551, 42838, 43169, 82594, 25635, 72025, 105149]"
115330,"[80204, 5378, 49613, 33122, 48258, 81042, 84414, 72853, 87651, 83986]"
115331,"[26390, 42092, 24246, 49959, 59534, 62707, 20885, 88571, 64048, 72994]"
115332,"[69920, 28306, 107851, 26788, 68792, 85802, 86460, 90934, 12684, 83467]"
115333,"[91541, 28800, 82634, 38144, 68932, 13137, 76110, 21269, 13814, 39334]"
115334,"[11184, 62855, 46055, 56454, 29433, 16337, 57172, 51599, 92310, 14062]"
115335,"[70021, 98152, 28271, 61919, 57524, 51759, 3071, 108490, 97577, 40694]"
115336,"[35906, 46204, 12320, 96509, 91885, 61709, 2893, 70130, 105074, 40494]"
115337,"[67387, 12181, 74292, 8312, 104662, 14685, 8611, 72047, 80664, 72187]"
115338,"[12681, 72873, 98340, 32731, 18209, 106758, 106409, 52823, 74567, 54314]"
115339,"[27952, 37411, 25117, 57476, 32956, 62682, 15540, 511, 100383, 64748]"
115340,"[45235, 5411, 21262, 18696, 70148, 19174, 42781, 45084, 40951, 93195]"
115341,"[57103, 108697, 6802, 62957, 33625, 16783, 92582, 36110, 82939, 49790]"
115342,"[103264, 26518, 31187, 63728, 90133, 42464, 105731, 5201, 105726, 60815]"
115343,"[38422, 38944, 10088, 57656, 28180, 95513, 22573, 11611, 72111, 80024]"
115344,"[109644, 82273, 68751, 18080, 66771, 8801, 107262, 44077, 64721, 75369]"
115345,"[80957, 19430, 14857, 2530, 69118, 64595, 77956, 107502, 1470, 90837]"
115346,"[8395, 43489, 84234, 7295, 106581, 69993, 47918, 102958, 103508, 81575]"
115347,"[47775, 35346, 22996, 78294, 10941, 80703, 89030, 67875, 85837, 17176]"
115348,"[70262, 101808, 91536, 53510, 64257, 76475, 9829, 4769, 20578, 68953]"
115349,"[68508, 7182, 50897, 82495, 49382, 15084, 7799, 88519, 97266, 14556]"
115350,"[59187, 55269, 27836, 26861, 26749, 42609, 26365, 89622, 106427, 99613]"
115351,"[19607, 52130, 50226, 51337, 106302, 72907, 108363, 24225, 102768, 64634]"
115352,"[47815, 61089, 58340, 70397, 100058, 711, 93942, 102328, 14184, 63223]"
115353,"[30423, 28292, 64291, 20785, 26824, 52228, 8420, 15172, 69182, 14360]"
115354,"[27570, 29987, 50727, 20610, 70063, 101267, 32680, 89719, 99571, 107769]"
115355,"[32572, 85540, 10513, 42592, 73130, 9257, 62057, 76482, 90514, 19305]"
115356,"[91844, 68428, 60857, 21343, 11045, 3065, 95496, 106535, 11929, 62749]"
115357,"[61528, 59730, 51042, 45568, 48336, 15033, 64146, 108007, 86491, 83809]"
115358,"[108472, 19187, 49337, 75038, 96075, 109410, 66409, 87934, 47003, 39984]"
115359,"[21264, 105989, 43354, 76409, 36742, 19125, 41880, 28438, 27481, 89772]"
115360,"[85814, 56175, 43438, 26899, 47576, 1795, 19845, 77815, 49055, 16866]"
115361,"[47523, 47066, 39290, 87456, 29080, 983, 51012, 36717, 102055, 83882]"
115362,"[71864, 79928, 101594, 107535, 5033, 12157, 45176, 76864, 106855, 75238]"
115363,"[70593, 42856, 70996, 53051, 3287, 45982, 63410, 5969, 43224, 45351]"
115364,"[46936, 54016, 17875, 97691, 25163, 101743, 15032, 49960, 3408, 83478]"
115365,"[97446, 7489, 5287, 11771, 95640, 80167, 57649, 39650, 2155, 67739]"
115366,"[47839, 18939, 55701, 70017, 99096, 41370, 70849, 10976, 24214, 70241]"
115367,"[89394, 95564, 49867, 88055, 96521, 50991, 20272, 34515, 14476, 651]"
115368,"[104993, 101224, 35294, 64329, 38536, 28329, 97259, 11381, 33635, 14167]"
115369,"[96843, 11986, 67017, 21824, 37300, 26726, 39216, 67343, 77702, 1047]"
115370,"[51192, 93275, 63531, 37340, 11300, 90854, 9899, 92223, 106983, 64485]"
115371,"[37447, 99566, 75488, 15672, 17504, 36869, 173, 51399, 81491, 51174]"
115372,"[21632, 77342, 61610, 72089, 35449, 99067, 9476, 95690, 23897, 64646]"
115373,"[106549, 5904, 80891, 4834, 15711, 72665, 52017, 48041, 96338, 25092]"
115374,"[17245, 45819, 61332, 71700, 78035, 69565, 11637, 54441, 100545, 11935]"
115375,"[28324, 79706, 37602, 40000, 10201, 95194, 4949, 104983, 91675, 37979]"
115376,"[90138, 46317, 106680, 93961, 12185, 85488, 104749, 7153, 109237, 97778]"
115377,"[352, 75773, 90222, 71968, 26259, 94908, 41902, 105130, 43858, 6578]"
115378,"[15776, 42524, 69871, 109140, 3937, 46010, 84041, 19343, 84565, 62287]"
115379,"[30515, 21447, 32010, 53448, 54966, 64728, 28842, 90465, 10248, 108307]"
115380,"[91002, 90874, 34055, 81737, 54330, 77508, 99646, 64193, 86786, 64032]"
115381,"[30075, 70688, 86473, 83280, 101915, 760, 102209, 22677, 101840, 48364]"
115382,"[48575, 40626, 99238, 62478, 39579, 26152, 49610, 67172, 41424, 35911]"
115383,"[22372, 31750, 76778, 5005, 27210, 68861, 20626, 3764, 14766, 100288]"
115384,"[74977, 58436, 96440, 59360, 8630, 66973, 64040, 101258, 36872, 60277]"
115385,"[96222, 85484, 19034, 66440, 49097, 99309, 94000, 30509, 1731, 64265]"
115386,"[70696, 60644, 40796, 8123, 9866, 64806, 22284, 58459, 49938, 8966]"
115387,"[13971, 38833, 12300, 60530, 88525, 21574, 101558, 5675, 87684, 93943]"
115388,"[87046, 72063, 102554, 99816, 25951, 105005, 104349, 14820, 27446, 73794]"
115389,"[93604, 108301, 9117, 37076, 21242, 92553, 71576, 48907, 71687, 19754]"
115390,"[41352, 40236, 90361, 47598, 62858, 29438, 6954, 41256, 1928, 108277]"
115391,"[93611, 6486, 51702, 41883, 39135, 1602, 78648, 84055, 49244, 55860]"
115392,"[15794, 66292, 45642, 38172, 55106, 81879, 28255, 8495, 52173, 81615]"
115393,"[11873, 4301, 44641, 22051, 20928, 44133, 94982, 85833, 84249, 8027]"
115394,"[31247, 43643, 6634, 41829, 58365, 57686, 107120, 33196, 83731, 81442]"
115395,"[57208, 57891, 100062, 91675, 106087, 96590, 59279, 104983, 51394, 36371]"
115396,"[35112, 49691, 8657, 23464, 75250, 102097, 54908, 60953, 41358, 64811]"
115397,"[50172, 41937, 96256, 84399, 44137, 88487, 44437, 13608, 91710, 35613]"
115398,"[19682, 104699, 86603, 41735, 30988, 32614, 69587, 69732, 14859, 10105]"
115399,"[100135, 100622, 9942, 55647, 102954, 104596, 56985, 21098, 109423, 26786]"
115400,"[72368, 42610, 71923, 85815, 27889, 31091, 8066, 90576, 12552, 60547]"
115401,"[64680, 87121, 12284, 80712, 49827, 14856, 69646, 98649, 102701, 30850]"
115402,"[95407, 36284, 10318, 8304, 1292, 21997, 69033, 3547, 88777, 14218]"
115403,"[78065, 35937, 70972, 66426, 56044, 77060, 67977, 93447, 46723, 53892]"
115404,"[94288, 6200, 99382, 33646, 107127, 18072, 91425, 66661, 104806, 36320]"
115405,"[62801, 1390, 87984, 31028, 68037, 86762, 99716, 77277, 73347, 94826]"
115406,"[64925, 68262, 72156, 36450, 30967, 89329, 64145, 77822, 100968, 91949]"
115407,"[67800, 106291, 841, 10520, 89047, 24689, 70175, 53595, 11596, 100699]"
115408,"[73207, 40281, 54028, 1899, 73422, 31740, 37081, 45445, 23641, 57736]"
115409,"[54031, 105683, 10533, 82235, 49663, 34714, 30428, 39270, 47980, 93914]"
115410,"[47855, 75851, 96287, 52915, 226, 54170, 103303, 35474, 40662, 103153]"
115411,"[87743, 47522, 34917, 54999, 66475, 5286, 83729, 15902, 95941, 75520]"
115412,"[89728, 109756, 65243, 107367, 47022, 14504, 42903, 2600, 42765, 100573]"
115413,"[36921, 92620, 78046, 107574, 46502, 17850, 61965, 33006, 83167, 5118]"
115414,"[86729, 57603, 33664, 60333, 66367, 56254, 23552, 5468, 92634, 16100]"
115415,"[46318, 24397, 38126, 76000, 65393, 46466, 97287, 11397, 69211, 59487]"
115416,"[82148, 37629, 42916, 84732, 32588, 96107, 87295, 19781, 108744, 17369]"
115417,"[6324, 76533, 16564, 20489, 33575, 106322, 90654, 88786, 103857, 68011]"
115418,"[107706, 94606, 72702, 102125, 107729, 62030, 51310, 87527, 13113, 87160]"
115419,"[40419, 6717, 88774, 70180, 24772, 59778, 76298, 34933, 5540, 103029]"
115420,"[52068, 23709, 69164, 35805, 54048, 10650, 32901, 6297, 45204, 27287]"
115421,"[29036, 9803, 7147, 36294, 741, 36130, 67085, 91469, 108943, 14352]"
115422,"[84679, 77186, 69163, 69252, 42561, 67416, 109317, 34747, 1112, 85222]"
115423,"[83859, 43785, 39185, 15362, 49641, 77804, 43838, 86744, 81177, 60894]"
115424,"[32942, 77447, 83450, 27899, 45032, 85708, 25821, 90346, 47635, 99551]"
115425,"[11426, 74644, 88754, 5756, 2586, 96656, 50834, 19082, 40958, 60517]"
115426,"[92153, 6007, 105815, 91517, 3278, 36249, 57203, 75333, 27045, 55041]"
115427,"[73963, 17158, 20468, 38570, 543, 55533, 67318, 22922, 41554, 61597]"
115428,"[54968, 107932, 1964, 87700, 107439, 30900, 34043, 80958, 21458, 88128]"
115429,"[98904, 94015, 73577, 18882, 50377, 57007, 56489, 73517, 101339, 35177]"
115430,"[27218, 57772, 92010, 70761, 87289, 94438, 59352, 74981, 31141, 85685]"
115431,"[108070, 5099, 68505, 14756, 108580, 8726, 9987, 81134, 62672, 21474]"
115432,"[67609, 55392, 29051, 64595, 71395, 78491, 37868, 57902, 90837, 34785]"
115433,"[91759, 792, 63039, 52163, 55843, 42923, 59506, 77439, 12161, 58586]"
115434,"[78138, 75438, 36976, 38799, 14137, 4365, 42561, 5214, 13147, 83684]"
115435,"[6597, 43114, 93630, 25329, 57726, 42000, 60538, 12753, 29129, 87638]"
115436,"[77119, 2238, 84875, 8684, 8622, 55850, 73266, 16879, 2855, 52371]"
115437,"[20552, 22940, 86782, 105971, 56574, 106518, 104414, 8338, 24390, 3417]"
115438,"[4017, 14933, 56522, 12143, 90088, 109684, 106193, 105745, 50743, 3103]"
115439,"[42747, 68062, 19875, 8533, 11010, 99817, 78635, 104808, 23980, 34534]"
115440,"[101313, 26062, 25415, 102067, 99885, 18907, 27266, 59084, 17371, 105984]"
115441,"[75126, 3148, 59930, 18451, 96997, 84826, 71356, 68325, 78319, 38192]"
115442,"[26160, 2037, 107529, 89543, 33744, 78073, 32851, 4262, 74144, 53090]"
115443,"[27047, 34239, 16263, 65719, 37025, 44228, 49741, 68452, 30757, 76252]"
115444,"[1717, 10799, 75561, 15385, 9071, 60534, 10996, 40100, 5789, 100887]"
115445,"[101948, 56140, 71169, 65252, 108504, 97877, 24085, 73689, 64170, 25896]"
115446,"[104047, 103622, 108214, 19805, 63803, 58486, 15093, 69731, 77920, 91116]"
115447,"[2281, 72536, 5159, 81605, 101246, 87138, 47374, 101586, 32176, 78658]"
115448,"[63982, 51447, 101412, 81431, 90399, 2381, 61756, 61637, 101644, 54204]"
115449,"[48291, 83957, 48669, 34226, 96647, 87574, 77324, 44425, 59618, 76694]"
115450,"[13569, 31897, 103493, 108975, 84573, 61787, 29237, 76041, 61279, 89982]"
115451,"[39329, 94993, 26786, 62708, 3737, 76270, 72730, 32401, 84243, 65845]"
115452,"[58159, 49416, 68614, 63461, 34064, 35909, 62251, 62056, 59834, 95790]"
115453,"[21460, 74049, 16936, 98255, 71690, 34677, 22634, 15406, 101457, 76902]"
115454,"[61497, 83976, 104134, 1824, 23601, 59017, 39965, 34687, 7758, 38397]"
115455,"[99717, 17319, 65002, 29731, 33560, 33209, 19803, 52833, 10905, 20415]"
115456,"[43282, 2360, 49929, 39049, 84577, 94547, 4730, 91831, 36912, 108741]"
115457,"[358, 37284, 96134, 80930, 83852, 34998, 32949, 24075, 97957, 45177]"
115458,"[91852, 79124, 65851, 36152, 7256, 53178, 97374, 98883, 65441, 24682]"
115459,"[86422, 40343, 16024, 80514, 107556, 73430, 10846, 61279, 29909, 72784]"
115460,"[30092, 67947, 97628, 29524, 102184, 96488, 46178, 22362, 68811, 28220]"
115461,"[71533, 31970, 96943, 23372, 48923, 1828, 85222, 38448, 27439, 37191]"
115462,"[30026, 83878, 19347, 36549, 44153, 45535, 52262, 52213, 19203, 67348]"
115463,"[106296, 9771, 39018, 21938, 35506, 63276, 52408, 67135, 72883, 68443]"
115464,"[41758, 64174, 109221, 69781, 14286, 55142, 102816, 87028, 8296, 109101]"
115465,"[24983, 86529, 83992, 49797, 878, 24585, 45858, 42376, 81744, 17913]"
115466,"[57003, 44167, 85606, 35564, 75525, 103489, 51659, 60376, 72107, 53759]"
115467,"[48176, 98190, 43805, 27228, 43975, 54728, 55612, 38044, 91453, 7478]"
115468,"[65904, 95003, 26929, 65650, 35059, 49957, 60905, 38630, 85525, 102797]"
115469,"[67783, 17416, 7019, 103292, 40430, 14884, 51513, 74594, 22593, 81529]"
115470,"[6943, 7699, 66680, 60787, 37511, 77525, 38542, 90967, 38820, 81095]"
115471,"[49493, 5098, 87633, 96974, 75926, 36413, 12054, 22821, 32643, 13901]"
115472,"[64375, 52923, 76262, 105685, 50951, 93131, 31284, 42974, 87348, 15714]"
115473,"[95606, 105191, 3956, 26092, 53587, 49111, 77685, 28748, 100370, 11146]"
115474,"[73541, 2580, 59708, 83992, 33174, 62436, 58162, 19837, 66684, 18020]"
115475,"[97004, 79509, 101543, 10100, 77687, 33768, 26705, 9154, 56549, 56258]"
115476,"[58272, 37810, 61882, 54599, 58943, 57859, 102971, 99921, 51060, 96447]"
115477,"[40193, 3191, 9542, 38617, 41075, 5030, 75004, 22193, 11835, 29876]"
115478,"[30015, 69679, 88408, 93347, 78307, 2905, 79667, 97727, 105750, 15749]"
115479,"[74213, 73749, 95834, 106249, 25362, 27583, 65912, 22365, 50364, 6056]"
115480,"[64278, 10360, 65375, 49026, 12481, 54386, 94627, 16462, 26264, 94952]"
115481,"[66268, 74578, 46382, 60994, 34034, 97401, 40057, 25193, 1581, 103220]"
115482,"[31359, 10203, 59337, 74930, 58263, 61534, 15606, 95233, 90250, 71747]"
115483,"[80469, 96691, 71652, 97712, 88446, 7912, 23470, 90657, 86362, 35789]"
115484,"[8813, 53745, 21432, 82036, 97946, 87531, 55919, 52950, 34696, 61485]"
115485,"[13079, 33606, 51651, 37321, 86960, 47854, 92534, 88016, 18403, 14869]"
115486,"[48387, 28553, 14968, 6441, 77753, 45134, 32554, 62139, 50964, 64239]"
115487,"[62488, 51205, 104339, 101171, 5150, 13362, 99277, 103247, 85326, 2976]"
115488,"[50610, 87100, 2887, 81390, 17550, 58255, 93216, 37963, 68845, 646]"
115489,"[9655, 104303, 10464, 33638, 63595, 59995, 16276, 85786, 33901, 66181]"
115490,"[61507, 49798, 59683, 106258, 90646, 62211, 94766, 79015, 62907, 6448]"
115491,"[98290, 16613, 71274, 98334, 15982, 22627, 475, 24463, 94853, 76995]"
115492,"[95635, 14033, 102215, 107162, 70494, 65716, 9069, 73872, 36656, 12770]"
115493,"[45210, 98210, 75913, 29523, 87177, 45573, 47984, 92614, 30924, 105969]"
115494,"[62, 92316, 751, 60563, 107205, 88373, 70764, 23807, 38488, 17610]"
115495,"[43119, 69587, 91265, 108510, 76687, 26995, 103405, 59957, 30191, 48017]"
115496,"[28738, 12567, 28026, 6678, 36814, 15261, 12800, 2990, 5328, 78958]"
115497,"[59303, 15820, 3045, 80540, 65763, 13110, 59546, 103069, 10036, 15940]"
115498,"[34330, 35807, 13185, 69773, 77074, 80154, 15052, 21743, 20622, 47923]"
115499,"[66094, 54731, 62197, 109142, 70495, 105023, 36832, 57171, 37165, 99429]"
115500,"[108483, 71266, 55936, 46154, 59432, 65682, 78441, 65764, 46889, 38583]"
115501,"[39016, 90823, 21424, 52954, 39472, 443, 44139, 65733, 93009, 76322]"
115502,"[106184, 104884, 78054, 52994, 6260, 17149, 35287, 74874, 107403, 83722]"
115503,"[44366, 71035, 105, 23714, 29277, 102778, 16162, 5625, 103156, 97544]"
115504,"[6905, 12770, 70866, 23649, 47487, 54086, 79332, 41906, 3192, 68727]"
115505,"[73100, 43102, 48394, 9864, 77389, 14350, 102507, 84671, 11264, 108205]"
115506,"[7083, 40870, 107125, 74565, 72639, 100011, 36851, 81974, 24944, 93877]"
115507,"[44616, 86659, 9492, 58934, 109685, 85078, 55623, 838, 50908, 56608]"
115508,"[63005, 53822, 85227, 86806, 32573, 2942, 53884, 48912, 98211, 59243]"
115509,"[45895, 41448, 108377, 40726, 72967, 64562, 27833, 5048, 26533, 3868]"
115510,"[59786, 100066, 88891, 96710, 18904, 53380, 98244, 20091, 35458, 15181]"
115511,"[71506, 100450, 90208, 59304, 109753, 38804, 843, 80299, 26785, 5000]"
115512,"[71929, 5034, 77850, 99431, 106306, 80604, 90640, 65236, 81963, 5277]"
115513,"[18859, 70478, 47895, 2238, 22436, 21670, 93587, 47721, 31264, 84875]"
115514,"[81110, 36336, 56471, 35100, 42913, 27440, 71027, 62171, 55749, 71478]"
115515,"[7493, 89392, 81574, 45981, 63429, 21571, 86881, 26294, 6302, 47880]"
115516,"[103517, 68947, 69841, 101578, 40751, 96155, 100278, 45364, 5106, 90742]"
115517,"[108371, 103600, 46951, 56758, 46463, 16589, 5036, 54976, 83866, 8430]"
115518,"[88397, 26450, 25021, 17064, 39435, 73589, 107264, 58403, 54938, 45154]"
115519,"[102323, 11482, 17580, 29726, 11738, 47607, 38047, 97886, 31953, 79153]"
115520,"[62016, 80609, 108942, 46728, 27837, 38708, 10111, 64686, 37124, 75748]"
115521,"[18327, 52792, 8857, 96092, 9425, 23369, 39369, 50559, 41476, 52675]"
115522,"[49891, 798, 24169, 38105, 33075, 41130, 49379, 63673, 20362, 37883]"
115523,"[37947, 28025, 86753, 22230, 13905, 23492, 43569, 77484, 67052, 33761]"
115524,"[67225, 76945, 53619, 62484, 54401, 10592, 91834, 87044, 54389, 2650]"
115525,"[69822, 28759, 82119, 39566, 66833, 29782, 46658, 62336, 100439, 26061]"
115526,"[34352, 45108, 97007, 51332, 6499, 36073, 84105, 39097, 74835, 35713]"
115527,"[91012, 90757, 64917, 98048, 9458, 51896, 49188, 39461, 64904, 34854]"
115528,"[20820, 86077, 26860, 109274, 77529, 17270, 38285, 65499, 707, 96025]"
115529,"[5159, 18093, 88260, 54109, 2281, 10720, 48906, 8096, 64986, 30974]"
115530,"[79128, 81285, 46895, 56373, 44195, 34550, 1996, 105359, 37713, 96645]"
115531,"[13708, 64493, 58962, 7850, 41512, 19942, 107773, 15019, 75134, 94368]"
115532,"[92882, 3138, 28061, 19610, 87105, 46747, 65712, 35382, 4361, 98293]"
115533,"[24165, 1951, 30853, 45238, 1457, 13229, 72077, 63549, 95500, 3914]"
115534,"[108687, 107356, 27824, 1108, 41934, 54643, 97071, 36762, 96281, 73232]"
115535,"[44093, 93379, 22224, 52307, 73483, 56655, 89637, 58679, 21045, 90378]"
115536,"[93775, 103537, 9123, 31974, 76327, 54238, 69820, 48275, 84848, 16114]"
115537,"[647, 44757, 73609, 58854, 25390, 79818, 92589, 69875, 82183, 9376]"
115538,"[30420, 83363, 92140, 87179, 27986, 13585, 28424, 80089, 93618, 54726]"
115539,"[108189, 105606, 83468, 87035, 17609, 18558, 97085, 52102, 102477, 14624]"
115540,"[101093, 51062, 105955, 38270, 64415, 50916, 72872, 46661, 32505, 33222]"
115541,"[39635, 38525, 13258, 28039, 89859, 70070, 45774, 35648, 13693, 48918]"
115542,"[88193, 24282, 62608, 57327, 62365, 22036, 81021, 96550, 55535, 107568]"
115543,"[15843, 72261, 88067, 90861, 98154, 101054, 1330, 92003, 46372, 102539]"
115544,"[19463, 90590, 73831, 37247, 86094, 85414, 52975, 50171, 71503, 100859]"
115545,"[43793, 578, 55920, 64514, 50646, 40991, 58247, 86779, 65779, 26649]"
115546,"[57395, 4223, 4395, 18102, 55884, 78900, 101906, 4165, 70762, 28507]"
115547,"[20263, 85124, 81119, 97976, 102498, 16365, 58960, 106278, 33994, 82670]"
115548,"[2962, 13371, 106353, 76271, 89181, 51930, 49439, 47032, 3236, 95890]"
115549,"[20306, 3622, 19249, 17542, 78479, 109469, 101074, 57408, 52995, 60195]"
115550,"[10229, 99528, 18525, 62819, 96094, 57279, 92640, 52, 73221, 738]"
115551,"[77928, 82496, 22294, 19941, 45081, 88353, 80808, 6567, 98882, 24867]"
115552,"[45067, 72536, 53091, 82882, 60228, 45052, 30172, 48768, 36207, 4085]"
115553,"[57158, 94004, 32181, 86347, 64915, 59910, 97745, 69596, 87316, 62645]"
115554,"[22190, 78458, 3844, 11250, 89041, 60652, 84904, 21405, 92945, 30490]"
115555,"[35637, 25166, 106684, 76826, 88142, 91587, 100186, 7516, 86609, 102409]"
115556,"[3838, 25581, 63677, 91485, 66676, 83940, 61376, 30665, 24223, 43197]"
115557,"[10015, 40189, 8102, 37102, 87601, 5362, 96765, 32216, 40980, 7772]"
115558,"[100937, 47944, 43494, 32930, 107835, 73477, 3561, 21133, 69030, 29253]"
115559,"[29289, 47498, 104868, 35190, 50393, 96811, 46947, 29575, 23255, 90985]"
115560,"[103117, 17221, 47464, 96625, 103868, 34041, 46189, 93864, 25527, 54858]"
115561,"[79381, 89737, 11362, 86768, 91707, 107185, 22508, 32517, 21557, 67890]"
115562,"[67223, 12371, 70778, 65173, 84058, 56302, 97677, 35738, 45149, 22794]"
115563,"[90761, 54130, 33214, 52863, 24835, 10656, 11121, 37794, 20080, 33597]"
115564,"[93470, 60818, 83605, 106611, 6491, 60629, 27127, 65257, 7226, 85583]"
115565,"[67268, 3602, 36226, 38919, 89618, 60681, 24296, 10856, 93835, 62264]"
115566,"[77967, 104439, 61768, 48977, 81005, 83639, 81140, 64391, 11011, 25521]"
115567,"[87285, 67986, 98016, 87002, 51366, 12739, 26948, 93309, 12422, 21441]"
115568,"[105931, 53695, 97836, 6313, 97527, 63112, 46373, 60497, 37558, 70537]"
115569,"[40985, 65106, 3615, 22738, 105252, 6876, 20974, 43053, 109249, 96284]"
115570,"[1718, 107540, 39124, 94597, 24875, 33117, 30125, 103825, 43609, 76317]"
115571,"[35912, 47093, 97518, 52444, 35960, 51266, 50038, 103169, 106913, 96925]"
115572,"[67620, 51571, 104377, 44432, 26163, 4324, 33866, 5880, 87018, 81657]"
115573,"[11174, 1297, 46376, 18247, 105918, 96618, 25930, 26404, 83242, 49725]"
115574,"[29602, 10512, 86998, 48904, 87319, 28492, 85570, 99149, 78247, 38577]"
115575,"[92889, 86783, 3237, 81107, 23737, 27041, 84326, 108524, 32190, 3734]"
115576,"[4315, 56150, 61536, 23130, 65550, 39000, 81746, 51332, 28155, 67156]"
115577,"[20711, 5765, 106568, 11820, 27062, 85831, 58685, 57800, 79204, 100950]"
115578,"[64784, 99922, 94967, 98857, 78791, 30653, 70374, 101565, 16178, 77694]"
115579,"[81526, 50188, 101792, 94248, 90227, 9195, 15698, 8574, 23585, 109217]"
115580,"[29961, 6959, 83058, 102070, 17564, 29491, 88468, 55898, 11860, 34573]"
115581,"[92443, 101085, 60823, 71560, 29418, 37563, 28881, 81287, 93415, 40949]"
115582,"[65663, 22525, 29493, 73843, 73307, 47960, 107780, 101303, 55043, 36764]"
115583,"[52556, 51413, 11792, 102081, 2713, 29995, 52456, 66806, 12751, 95541]"
115584,"[58985, 94467, 3449, 46902, 66839, 30431, 61934, 60202, 2475, 78649]"
115585,"[24560, 6743, 68813, 49774, 25157, 3616, 108363, 70338, 104507, 64634]"
115586,"[107217, 75961, 54347, 54615, 51885, 14575, 107167, 16348, 103388, 639]"
115587,"[54532, 105855, 108127, 41662, 49604, 36971, 49919, 105302, 32325, 94322]"
115588,"[21257, 37920, 99021, 5017, 67773, 78304, 88010, 20140, 17128, 29973]"
115589,"[31528, 31340, 108683, 2674, 95665, 38998, 94761, 90023, 97549, 3879]"
115590,"[47294, 39537, 22163, 108530, 107545, 100459, 61857, 77799, 51883, 74939]"
115591,"[37320, 85757, 54146, 6537, 22004, 16810, 10703, 10277, 45555, 56672]"
115592,"[23078, 71477, 65664, 65735, 108080, 24903, 34166, 59804, 102093, 2300]"
115593,"[86771, 61014, 94944, 101552, 87227, 90478, 7980, 44621, 38091, 59090]"
115594,"[106971, 18138, 39657, 19795, 63710, 24590, 45166, 82597, 36114, 25078]"
115595,"[48605, 42889, 29867, 29368, 9895, 100072, 73729, 73959, 17320, 72840]"
115596,"[98675, 90500, 28559, 20507, 103546, 69182, 99397, 47702, 62255, 47201]"
115597,"[90197, 20631, 38338, 15029, 30298, 88502, 57882, 79242, 61162, 81982]"
115598,"[45106, 11974, 44353, 15783, 108085, 29897, 93732, 109543, 27393, 37031]"
115599,"[66377, 56353, 80276, 47220, 60679, 62748, 55526, 9985, 89790, 19831]"
115600,"[54381, 66424, 27044, 25265, 105936, 79206, 20080, 33597, 90761, 21993]"
115601,"[11317, 72969, 46302, 49043, 92449, 57176, 80177, 62445, 4852, 46845]"
115602,"[40833, 22861, 58703, 45197, 12672, 93751, 82321, 23747, 69439, 100651]"
115603,"[30803, 100810, 84349, 24799, 35170, 49284, 20574, 58607, 29540, 70673]"
115604,"[23291, 51410, 50607, 13296, 75547, 31452, 72962, 21518, 17276, 53547]"
115605,"[108850, 22201, 108662, 98766, 28024, 48991, 27612, 76416, 105185, 15661]"
115606,"[108497, 93762, 107949, 38970, 77894, 96054, 105551, 63520, 33859, 61790]"
115607,"[29140, 76037, 96443, 68308, 67476, 7127, 50318, 11961, 49958, 56263]"
115608,"[13471, 41506, 97976, 58960, 20263, 85124, 60010, 55226, 979, 61164]"
115609,"[13592, 45280, 3676, 56409, 28784, 53914, 15545, 23320, 88349, 26543]"
115610,"[10292, 93462, 70211, 51529, 5961, 22030, 36640, 66587, 107837, 31755]"
115611,"[44676, 31634, 60080, 97581, 83232, 20094, 16018, 68121, 89861, 109567]"
115612,"[81009, 57898, 74620, 60908, 93302, 74543, 59511, 57069, 51221, 104198]"
115613,"[44293, 59287, 95278, 109432, 90571, 3562, 64386, 14823, 19374, 91280]"
115614,"[75596, 31262, 97950, 97891, 35751, 79778, 12243, 43391, 82717, 14329]"
115615,"[87235, 19193, 68033, 33634, 73189, 44605, 91015, 80942, 102256, 73817]"
115616,"[63271, 34470, 9798, 68635, 99869, 11128, 34739, 59133, 28017, 63061]"
115617,"[31535, 20218, 63750, 24790, 93202, 20051, 64838, 82311, 80506, 66600]"
115618,"[68435, 68023, 67861, 40699, 31924, 8406, 47592, 31589, 97162, 29004]"
115619,"[47777, 91511, 27530, 6768, 62156, 25011, 95206, 46570, 87491, 38680]"
115620,"[38045, 3240, 61497, 108247, 7731, 55765, 45876, 80061, 61215, 77317]"
115621,"[40324, 85789, 72944, 31198, 96272, 88170, 61837, 24117, 1396, 99725]"
115622,"[880, 33899, 69389, 26553, 28298, 91392, 5027, 81905, 13858, 97873]"
115623,"[11813, 24615, 88818, 17412, 71785, 65161, 51334, 79868, 97029, 14363]"
115624,"[47528, 46161, 100037, 1718, 102946, 22855, 64635, 67179, 108842, 93501]"
115625,"[45720, 56470, 13516, 75721, 10377, 68900, 59818, 70069, 67909, 68638]"
115626,"[65729, 54123, 37104, 38208, 62329, 30317, 88001, 29407, 62937, 92197]"
115627,"[82491, 28423, 34542, 104231, 29778, 19039, 81111, 80365, 27394, 74696]"
115628,"[72326, 55740, 46335, 59321, 65992, 70574, 98384, 56674, 58173, 5608]"
115629,"[47900, 47954, 49601, 6670, 48762, 14242, 99497, 46987, 7473, 107374]"
115630,"[37803, 38986, 38053, 697, 17295, 42939, 17324, 88892, 1806, 21673]"
115631,"[72379, 24091, 80607, 532, 31064, 87765, 77793, 18962, 91499, 6505]"
115632,"[1265, 46141, 13197, 90829, 40143, 82072, 23270, 14741, 48475, 48677]"
115633,"[14041, 44211, 263, 53475, 91766, 32615, 24836, 56311, 106677, 108718]"
115634,"[26541, 13290, 50211, 81935, 428, 31664, 12285, 44343, 71255, 51099]"
115635,"[65011, 60454, 70373, 9558, 40093, 64875, 25922, 107110, 16174, 23489]"
115636,"[62172, 47421, 75711, 85694, 85990, 67605, 97734, 78092, 69653, 58587]"
115637,"[37089, 7052, 89415, 60868, 98041, 60390, 84706, 93459, 81857, 55924]"
115638,"[75544, 95901, 10687, 59412, 49503, 69529, 13384, 95819, 107324, 93506]"
115639,"[57012, 82510, 99122, 39183, 66502, 7507, 43918, 56768, 101557, 49748]"
115640,"[37139, 109266, 101052, 49050, 28917, 75707, 3077, 51825, 3173, 102941]"
115641,"[1105, 23660, 24806, 109209, 65384, 20999, 54988, 93422, 73466, 63514]"
115642,"[68308, 12310, 24584, 50318, 105285, 107235, 49958, 24500, 40745, 32710]"
115643,"[23981, 54316, 21058, 109473, 31763, 90567, 54264, 38819, 55630, 70831]"
115644,"[69644, 60882, 9193, 14349, 73523, 63596, 2593, 94443, 101961, 59074]"
115645,"[81321, 74291, 99362, 3045, 36755, 22385, 1976, 9037, 9044, 67188]"
115646,"[77938, 54398, 27249, 101831, 20552, 10709, 64242, 51873, 3417, 79198]"
115647,"[71040, 1688, 85799, 38707, 29869, 311, 21497, 96959, 58456, 33031]"
115648,"[1919, 75259, 58396, 67793, 44456, 3239, 7039, 34354, 62718, 69844]"
115649,"[89173, 26746, 95880, 72315, 104688, 12599, 102492, 57083, 50797, 105741]"
115650,"[99750, 80311, 33420, 17641, 45761, 86238, 44685, 37731, 95427, 88804]"
115651,"[46305, 18651, 83090, 84885, 19017, 45481, 43388, 72270, 49023, 59891]"
115652,"[31501, 56052, 15912, 25169, 103345, 93924, 30320, 51862, 31690, 31418]"
115653,"[39779, 17425, 67100, 10141, 102224, 16372, 28595, 16617, 5621, 93071]"
115654,"[32263, 80270, 51384, 31072, 93148, 101677, 20954, 90488, 89926, 7787]"
115655,"[68148, 79263, 105119, 72488, 25392, 8928, 65508, 94985, 83304, 55979]"
115656,"[86976, 11601, 53, 99703, 76552, 83715, 18035, 76162, 49749, 86589]"
115657,"[101974, 98172, 48692, 24014, 46554, 23355, 85045, 69223, 100164, 68421]"
115658,"[98261, 54477, 85045, 5100, 25, 93834, 1817, 94647, 100164, 6151]"
115659,"[99281, 87950, 51733, 98632, 68788, 23174, 66608, 52424, 17089, 80033]"
115660,"[80682, 91468, 70119, 86697, 14441, 108749, 88384, 52115, 20220, 45995]"
115661,"[109550, 33309, 44889, 68559, 100452, 79664, 41676, 97540, 22993, 107711]"
115662,"[13273, 96749, 27206, 11371, 98771, 14684, 72799, 15786, 12900, 109724]"
115663,"[3429, 68031, 49925, 87679, 86694, 53372, 6422, 102836, 60018, 12951]"
115664,"[100039, 13978, 35087, 29965, 13329, 80394, 23115, 78312, 78024, 33083]"
115665,"[26485, 52328, 47817, 13459, 69295, 86808, 34716, 107597, 81468, 108758]"
115666,"[107206, 108707, 61656, 66050, 105654, 95533, 82944, 68096, 12378, 867]"
115667,"[49155, 26099, 71743, 2835, 50481, 30855, 5420, 39781, 106135, 64407]"
115668,"[30183, 19307, 68408, 73325, 92618, 3072, 14574, 29917, 53487, 13856]"
115669,"[68758, 39867, 63043, 26000, 96371, 13205, 67094, 27903, 27058, 73084]"
115670,"[99737, 74473, 25263, 30686, 57244, 81630, 41631, 1593, 78442, 76414]"
115671,"[3691, 11991, 64936, 28056, 84205, 109377, 57531, 69508, 99580, 4560]"
115672,"[1725, 25738, 23588, 85160, 50992, 56122, 38838, 39302, 2463, 44493]"
115673,"[64541, 56830, 95194, 4949, 16061, 59305, 37979, 43381, 104752, 21692]"
115674,"[38496, 4168, 7809, 63790, 50771, 31036, 87326, 64441, 63555, 27080]"
115675,"[38399, 680, 61096, 91451, 3499, 20158, 920, 52288, 27964, 106116]"
115676,"[86772, 57470, 106698, 82515, 61718, 74273, 38017, 37007, 34922, 23361]"
115677,"[56880, 47983, 101864, 45962, 6384, 34307, 26841, 109450, 41528, 89552]"
115678,"[94255, 14070, 99683, 77518, 103954, 9960, 36370, 56813, 21122, 23564]"
115679,"[80986, 24709, 17094, 79611, 2501, 14144, 73314, 76627, 37928, 51907]"
115680,"[40608, 37150, 88376, 24681, 28006, 34897, 4993, 64574, 90720, 7564]"
115681,"[15132, 95747, 62806, 63791, 20816, 92825, 25503, 4896, 43467, 56475]"
115682,"[109444, 92842, 3193, 55702, 15379, 86309, 28771, 268, 39411, 35884]"
115683,"[99995, 54711, 78659, 67425, 36922, 38712, 88388, 103314, 7020, 91]"
115684,"[80978, 19118, 50297, 7344, 71050, 15164, 81349, 83576, 100055, 4775]"
115685,"[35920, 66318, 102291, 54649, 106820, 13305, 69628, 47588, 61157, 83480]"
115686,"[10016, 48530, 94048, 71199, 14559, 15238, 31255, 10340, 14384, 15998]"
115687,"[101789, 64478, 90703, 70619, 28681, 17937, 9472, 106030, 38254, 87397]"
115688,"[46042, 78715, 1587, 70522, 67235, 6883, 45434, 69618, 62298, 59581]"
115689,"[48809, 40936, 107828, 96042, 6254, 42932, 24482, 9687, 99408, 101474]"
115690,"[60544, 81620, 85889, 79226, 45409, 18707, 23833, 76599, 99355, 52981]"
115691,"[12206, 45219, 109235, 42018, 47250, 61559, 49028, 2771, 11597, 16194]"
115692,"[76012, 23956, 31361, 56439, 19369, 63025, 74531, 3920, 43059, 29719]"
115693,"[45083, 68524, 89009, 34388, 12400, 39232, 55910, 67445, 520, 42174]"
115694,"[70399, 17010, 70642, 46755, 74370, 12586, 91930, 80884, 12169, 9486]"
115695,"[69882, 92865, 105372, 100420, 5328, 18574, 15261, 12800, 107586, 4998]"
115696,"[84125, 43803, 79656, 11540, 96248, 95201, 55246, 97349, 89114, 68328]"
115697,"[19444, 43884, 56469, 53964, 52541, 95329, 1996, 20086, 99178, 39716]"
115698,"[30982, 32632, 70807, 56913, 97032, 19622, 78890, 92956, 79289, 107614]"
115699,"[30055, 75278, 17438, 94306, 63997, 87834, 2478, 80234, 106516, 68218]"
115700,"[44806, 13456, 4823, 58397, 96183, 12135, 73951, 94189, 21259, 89820]"
115701,"[54662, 8099, 4167, 101448, 66784, 8218, 17734, 102622, 51229, 68948]"
115702,"[17842, 9662, 19218, 53583, 9070, 89384, 37585, 44659, 17264, 94159]"
115703,"[39250, 66622, 59724, 67216, 13929, 15537, 80196, 103572, 107989, 55972]"
115704,"[53330, 79719, 99526, 76279, 89184, 3418, 12457, 5252, 48577, 59094]"
115705,"[45063, 33072, 73663, 92428, 21988, 8682, 96803, 101273, 46514, 103072]"
115706,"[103397, 4078, 62589, 40188, 70173, 40038, 43710, 41984, 54637, 67708]"
115707,"[48183, 62028, 54853, 58700, 17565, 56012, 13000, 108497, 51067, 36754]"
115708,"[102728, 15030, 4122, 30282, 52442, 92375, 89209, 52360, 6312, 75636]"
115709,"[78285, 103583, 92457, 45300, 24858, 34106, 57936, 78723, 35701, 59754]"
115710,"[3310, 22795, 83339, 38056, 42945, 19239, 14532, 8737, 9489, 17117]"
115711,"[65941, 56769, 95399, 42920, 29641, 105599, 80987, 33085, 4001, 47376]"
115712,"[52490, 20234, 107974, 46438, 15338, 58847, 20606, 27334, 108274, 59484]"
115713,"[13787, 98653, 5857, 91872, 10615, 228, 64668, 70527, 13798, 33493]"
115714,"[18201, 89255, 102724, 8068, 92068, 106633, 39958, 3251, 33104, 40705]"
115715,"[80426, 1993, 83807, 66448, 67397, 71137, 100160, 108781, 96306, 94990]"
115716,"[14875, 1648, 39504, 108504, 106753, 66036, 49791, 6855, 34389, 101444]"
115717,"[91393, 53611, 64558, 31157, 23150, 14430, 17281, 28452, 66353, 18279]"
115718,"[100202, 71021, 86355, 89993, 99727, 44375, 35078, 16782, 13037, 38653]"
115719,"[6863, 43718, 12027, 46562, 100765, 6924, 38068, 18027, 16920, 104833]"
115720,"[31811, 55766, 51601, 31815, 103985, 96641, 35455, 5986, 93881, 20515]"
115721,"[17502, 84789, 92584, 27091, 93973, 66190, 13680, 37530, 19844, 53272]"
115722,"[13006, 39479, 24842, 51208, 94456, 36539, 38643, 2416, 63827, 88607]"
115723,"[79705, 48752, 23734, 94715, 18222, 11047, 28161, 77263, 24938, 86304]"
115724,"[16080, 59267, 88562, 49908, 21400, 87639, 41683, 27968, 81439, 102841]"
115725,"[17710, 36181, 43889, 47615, 74635, 85403, 100482, 35359, 25953, 101512]"
115726,"[26860, 20867, 103813, 104777, 20820, 48418, 11193, 77529, 38285, 33545]"
115727,"[41851, 31866, 4126, 2348, 95611, 77505, 102832, 67618, 13490, 48255]"
115728,"[25049, 104612, 71576, 102044, 31407, 85199, 65995, 71687, 58377, 40230]"
115729,"[57123, 13766, 37091, 63222, 82983, 84816, 11211, 14525, 38218, 99746]"
115730,"[104303, 10464, 9655, 63595, 85786, 16276, 42230, 83782, 27631, 23536]"
115731,"[109077, 56050, 7956, 96343, 76863, 99388, 59209, 75337, 82464, 86868]"
115732,"[55735, 79399, 51256, 103512, 92639, 71575, 87519, 22336, 7064, 21919]"
115733,"[61002, 29070, 45301, 70122, 42020, 23851, 33192, 17789, 46666, 80853]"
115734,"[40070, 73054, 16625, 108822, 65008, 9346, 22917, 41549, 51019, 108933]"
115735,"[46371, 86266, 38952, 35636, 34753, 12433, 40751, 65428, 38790, 48421]"
115736,"[53738, 16151, 66590, 76836, 24679, 44060, 61946, 9108, 102498, 42120]"
115737,"[79146, 36224, 41341, 98029, 65135, 107532, 77040, 108900, 82735, 84483]"
115738,"[53547, 78782, 1162, 51410, 80934, 13296, 42190, 44700, 42854, 79950]"
115739,"[52953, 63860, 3740, 14690, 12729, 5841, 15569, 24494, 69642, 45190]"
115740,"[25136, 87979, 30218, 99812, 83802, 107536, 61335, 97569, 67199, 3245]"
115741,"[105266, 22934, 37399, 89544, 52632, 54150, 59377, 73191, 51155, 100293]"
115742,"[73416, 97326, 43974, 24918, 91016, 64415, 55489, 33770, 12289, 3354]"
115743,"[72159, 12502, 13018, 98068, 61838, 41827, 20202, 12100, 72604, 10870]"
115744,"[8511, 74027, 30895, 95234, 71183, 12152, 50101, 6696, 75594, 38402]"
115745,"[37418, 71779, 96683, 70568, 9080, 23898, 30510, 81788, 76014, 39698]"
115746,"[77743, 90880, 91419, 25140, 45931, 17060, 78302, 48379, 17552, 5188]"
115747,"[54529, 95178, 98324, 74626, 106406, 31605, 43574, 42751, 56553, 101182]"
115748,"[75491, 3218, 22755, 64437, 72980, 96399, 53209, 102102, 63968, 87752]"
115749,"[50112, 41159, 67063, 81806, 63287, 99541, 29934, 75205, 20621, 68078]"
115750,"[18467, 39844, 46193, 7426, 1009, 32438, 83783, 19027, 75966, 84604]"
115751,"[57280, 98129, 52009, 105928, 21316, 63840, 106615, 26949, 8867, 5888]"
115752,"[79579, 69413, 692, 34182, 73782, 30721, 41862, 36044, 63502, 10561]"
115753,"[1068, 32167, 26372, 21945, 15128, 69861, 33431, 107167, 106636, 26966]"
115754,"[7728, 61930, 86621, 5305, 33827, 35887, 74839, 102021, 18525, 62819]"
115755,"[100754, 84957, 103282, 22255, 50784, 104419, 70768, 103359, 41368, 94736]"
115756,"[85600, 70195, 27127, 30315, 98110, 39494, 82973, 32989, 86944, 54881]"
115757,"[68632, 19197, 59938, 91896, 54708, 108756, 92624, 28067, 85602, 30585]"
115758,"[16194, 9442, 12206, 104327, 72274, 51133, 64009, 45219, 35222, 88510]"
115759,"[13169, 64549, 36116, 37806, 8244, 70236, 60285, 66164, 62568, 97427]"
115760,"[91189, 92913, 57156, 93828, 86994, 53150, 26818, 27672, 83603, 53116]"
115761,"[52469, 93279, 54174, 31457, 2079, 33142, 107428, 37329, 87281, 19397]"
115762,"[15453, 62092, 105529, 45877, 4258, 60786, 18417, 36095, 23299, 38511]"
115763,"[42492, 63874, 26031, 38264, 49650, 104263, 70645, 9186, 83708, 68549]"
115764,"[68432, 104928, 90383, 32464, 45251, 47262, 15050, 81420, 106817, 38575]"
115765,"[59664, 67900, 53957, 32914, 55742, 1414, 73462, 44693, 96939, 108266]"
115766,"[65199, 106446, 13983, 83435, 72153, 63927, 4584, 93806, 91686, 8445]"
115767,"[37191, 1828, 19486, 80162, 77801, 70928, 38799, 67416, 62378, 96943]"
115768,"[61572, 23876, 48816, 78684, 9642, 40475, 54191, 84901, 46866, 59297]"
115769,"[47225, 25662, 46414, 81466, 16391, 31416, 86829, 6264, 20664, 60412]"
115770,"[47735, 63321, 104649, 32935, 31561, 35213, 108556, 35175, 59070, 44824]"
115771,"[20520, 53625, 95066, 15743, 6813, 77129, 32343, 81763, 55356, 74881]"
115772,"[25990, 35251, 101930, 1770, 68224, 21296, 78429, 31714, 47344, 22499]"
115773,"[27834, 108544, 72471, 93897, 87704, 83096, 58260, 41282, 49378, 92012]"
115774,"[57008, 1394, 92586, 91769, 56508, 45237, 43803, 17845, 51706, 55246]"
115775,"[70546, 51700, 63301, 43531, 71554, 90632, 96243, 73413, 44831, 75281]"
115776,"[100686, 11616, 36181, 55202, 106175, 26693, 48911, 41737, 4149, 76181]"
115777,"[49974, 60309, 23999, 39385, 23123, 1509, 65205, 89797, 60489, 64473]"
115778,"[10613, 15657, 96798, 42084, 50954, 60577, 94993, 109423, 69204, 70792]"
115779,"[74988, 90791, 105690, 79693, 94459, 611, 108117, 45838, 50743, 93469]"
115780,"[10706, 11634, 84450, 24512, 29674, 92054, 42341, 36340, 90945, 60639]"
115781,"[39650, 77881, 85563, 105167, 59758, 80167, 65950, 26972, 33202, 106651]"
115782,"[78453, 88264, 55913, 6904, 21985, 69234, 75872, 73351, 2729, 98178]"
115783,"[88983, 23088, 21732, 13756, 106852, 27829, 5644, 69524, 102838, 108310]"
115784,"[52642, 29589, 68616, 109416, 48450, 86083, 68574, 100912, 39235, 42428]"
115785,"[104302, 30734, 108037, 4259, 19141, 55558, 25435, 102690, 64770, 102041]"
115786,"[55280, 35614, 3367, 31405, 26286, 9564, 67417, 54335, 27623, 109636]"
115787,"[89468, 97767, 87299, 75894, 33025, 68626, 47162, 8160, 18620, 96141]"
115788,"[71211, 23362, 44016, 83923, 46296, 5413, 100255, 64526, 60596, 90947]"
115789,"[42121, 95416, 95850, 79324, 2566, 60042, 88803, 56875, 48964, 39385]"
115790,"[69340, 56979, 99480, 99716, 82440, 82345, 70772, 59247, 86063, 106026]"
115791,"[104694, 83043, 6755, 31456, 59083, 39019, 2603, 71915, 74329, 98009]"
115792,"[47466, 69049, 8638, 66539, 61062, 68677, 42436, 70735, 29487, 74550]"
115793,"[67836, 89319, 68064, 77909, 63512, 89869, 65408, 45154, 39108, 50166]"
115794,"[90696, 75346, 82654, 93778, 37001, 54221, 14145, 43559, 24831, 107966]"
115795,"[106227, 83875, 90222, 85656, 56476, 6338, 39904, 46490, 91253, 79739]"
115796,"[44170, 42940, 60074, 12189, 72825, 82115, 84795, 79120, 47942, 13763]"
115797,"[32249, 70066, 105725, 70312, 3160, 4043, 72726, 88411, 108469, 59685]"
115798,"[74219, 55991, 21352, 8872, 87160, 337, 72818, 53410, 11008, 33422]"
115799,"[84803, 42331, 85790, 47890, 94682, 104197, 47070, 46424, 7311, 76989]"
115800,"[82126, 26876, 14295, 8319, 52352, 5883, 90656, 86826, 43419, 91357]"
115801,"[58964, 74780, 97496, 71391, 108479, 68968, 45868, 56729, 64425, 73885]"
115802,"[24215, 47722, 98314, 61457, 108283, 5984, 64718, 39613, 54861, 74019]"
115803,"[8215, 69280, 2902, 14972, 98348, 44552, 22275, 11076, 83001, 40092]"
115804,"[88226, 72415, 1869, 46735, 103112, 61992, 58666, 50923, 41884, 25968]"
115805,"[74098, 70994, 70613, 78455, 57182, 95403, 2758, 35718, 38679, 90554]"
115806,"[20442, 60935, 20494, 45123, 14306, 90574, 3142, 107391, 16493, 86431]"
115807,"[3790, 79588, 69097, 105948, 29931, 1145, 78588, 93296, 73516, 88123]"
115808,"[78747, 7873, 11018, 84919, 6178, 10136, 81666, 84434, 28603, 71410]"
115809,"[81442, 18955, 58365, 43643, 33196, 35024, 21325, 4409, 53276, 56803]"
115810,"[2818, 23606, 38643, 60579, 47260, 102104, 17530, 44510, 37007, 63724]"
115811,"[54217, 84778, 28851, 70276, 60782, 76787, 17363, 69092, 73702, 42914]"
115812,"[28426, 11031, 29432, 80417, 85808, 50193, 88365, 90403, 96685, 75812]"
115813,"[60683, 5830, 30224, 58756, 78937, 75081, 44941, 44932, 61101, 82226]"
115814,"[73690, 13798, 99842, 93564, 64668, 87125, 65700, 39637, 85992, 33493]"
115815,"[96531, 78931, 94052, 106539, 98877, 104622, 50957, 101671, 42388, 11132]"
115816,"[53292, 53420, 47407, 42170, 87321, 58587, 69653, 47185, 28975, 31356]"
115817,"[2333, 69516, 89641, 98508, 105588, 34929, 15616, 82274, 105194, 92974]"
115818,"[39327, 49428, 28605, 48777, 37280, 31432, 105178, 93784, 55948, 52175]"
115819,"[45463, 37862, 43358, 101488, 95768, 74449, 66835, 47837, 100517, 66461]"
115820,"[95216, 53018, 51702, 70146, 74678, 81933, 19587, 58349, 51807, 80245]"
115821,"[10943, 101652, 59664, 75083, 89620, 92522, 44662, 103953, 24201, 65672]"
115822,"[10913, 59735, 83534, 24758, 4226, 75521, 98789, 61459, 13866, 70577]"
115823,"[37613, 70207, 87322, 108931, 49720, 60577, 39623, 64164, 55647, 22015]"
115824,"[82208, 77155, 102601, 58184, 35129, 105374, 70840, 69770, 56243, 16951]"
115825,"[73273, 12758, 90224, 7633, 8246, 52673, 5222, 32669, 97335, 3475]"
115826,"[28669, 5023, 34533, 27617, 100922, 105227, 9699, 54451, 80611, 10893]"
115827,"[1921, 74760, 6645, 103390, 78912, 92288, 86020, 20354, 23642, 93234]"
115828,"[83326, 98269, 77145, 91457, 95201, 7760, 108970, 55200, 28558, 19562]"
115829,"[91880, 94226, 75389, 75999, 70869, 12176, 74374, 58691, 58384, 90664]"
115830,"[34932, 78271, 90362, 44532, 11777, 80399, 18094, 82746, 69194, 84484]"
115831,"[54872, 43655, 93667, 96910, 91564, 24299, 3111, 88279, 20617, 37328]"
115832,"[105222, 86192, 28973, 80468, 9888, 93097, 106993, 103315, 62317, 22877]"
115833,"[79869, 44209, 10797, 51238, 55384, 13786, 92246, 41279, 75504, 76408]"
115834,"[27929, 95137, 102720, 4725, 92792, 102018, 84482, 103154, 38434, 37440]"
115835,"[27027, 92336, 30002, 10240, 19345, 55042, 98780, 98525, 17244, 108677]"
115836,"[39158, 93583, 53066, 74587, 2794, 10068, 74221, 61862, 26041, 80036]"
115837,"[95861, 32710, 98187, 38466, 19979, 74515, 84692, 42958, 25784, 103486]"
115838,"[62856, 82901, 11755, 63329, 85546, 80086, 24703, 2117, 19016, 99973]"
115839,"[6660, 3477, 95327, 73263, 36219, 56289, 57905, 39709, 9860, 61548]"
115840,"[2300, 23078, 99263, 1239, 52696, 34166, 24903, 91570, 17033, 75276]"
115841,"[70996, 3287, 63410, 45982, 70593, 12012, 42856, 24464, 84697, 79331]"
115842,"[72426, 65671, 100734, 24864, 79828, 9221, 54807, 84615, 95584, 158]"
115843,"[42165, 8294, 65085, 13864, 79003, 32818, 71366, 767, 30535, 84268]"
115844,"[95940, 56106, 97682, 101050, 21948, 41581, 107602, 62445, 49043, 32595]"
115845,"[39099, 16343, 42582, 49226, 96216, 72630, 86570, 48533, 70147, 51173]"
115846,"[68969, 50505, 27067, 50909, 40609, 48209, 99748, 101185, 70449, 8062]"
115847,"[55378, 42205, 100193, 22248, 86963, 99606, 38661, 83425, 83703, 107940]"
115848,"[42224, 8109, 44154, 88124, 21376, 79587, 20138, 18389, 34778, 30447]"
115849,"[60888, 17532, 19031, 76837, 59041, 24577, 69278, 4579, 88315, 78792]"
115850,"[94392, 86270, 36558, 79672, 20028, 48595, 10264, 37945, 100651, 1375]"
115851,"[38875, 38349, 83880, 60766, 83440, 24443, 54604, 16906, 43527, 95645]"
115852,"[96039, 101738, 21315, 34009, 20857, 42191, 33883, 9287, 72761, 14129]"
115853,"[22838, 41575, 49120, 11248, 71227, 91100, 36922, 57217, 51610, 50088]"
115854,"[78481, 20638, 29114, 104713, 99678, 32863, 72438, 46983, 50907, 70350]"
115855,"[907, 86777, 102197, 36374, 5630, 69908, 58586, 89440, 87070, 90062]"
115856,"[51782, 84825, 85832, 57912, 58347, 27974, 101762, 30415, 18137, 106066]"
115857,"[64896, 14566, 84015, 8693, 50129, 13167, 99800, 103475, 61100, 39810]"
115858,"[89640, 39468, 105616, 9912, 46131, 22797, 107368, 85936, 104709, 28184]"
115859,"[70836, 61609, 42206, 92026, 31819, 90692, 76191, 106796, 1234, 59612]"
115860,"[59223, 96268, 17972, 45738, 53756, 107382, 59953, 68378, 15039, 48890]"
115861,"[26728, 87261, 103724, 74844, 16910, 26999, 100206, 82451, 16360, 86015]"
115862,"[81938, 2730, 74901, 40178, 102960, 77804, 49641, 7998, 39815, 60203]"
115863,"[81742, 17034, 80068, 60864, 84944, 99872, 68346, 44447, 23987, 49962]"
115864,"[86270, 56748, 30590, 78118, 33490, 20028, 50404, 34192, 79672, 37868]"
115865,"[55292, 64033, 65731, 97809, 51435, 62054, 71514, 54503, 81286, 98139]"
115866,"[61123, 14184, 76934, 64906, 64086, 11366, 58127, 12378, 867, 96655]"
115867,"[20970, 51604, 21428, 43510, 11614, 45983, 17230, 104160, 41142, 67980]"
115868,"[39388, 83933, 65554, 101969, 25425, 28440, 51446, 84717, 38994, 65967]"
115869,"[62159, 60184, 68614, 34906, 8923, 67834, 76692, 91672, 61524, 20778]"
115870,"[62802, 85921, 77306, 6604, 31089, 97263, 8566, 57735, 6747, 31523]"
115871,"[49576, 64200, 75561, 85594, 72558, 66440, 104458, 77554, 78961, 21411]"
115872,"[82886, 18530, 98230, 31009, 90101, 65885, 88638, 72278, 31947, 13606]"
115873,"[23247, 19694, 1213, 50209, 71549, 22039, 72834, 48208, 62465, 9709]"
115874,"[63622, 67636, 97453, 35207, 58189, 57006, 65947, 43737, 1617, 104200]"
115875,"[70506, 78756, 99143, 49364, 63460, 100084, 78876, 74861, 13617, 96239]"
115876,"[39547, 60158, 52269, 85109, 53901, 79771, 77777, 64720, 42618, 45888]"
115877,"[22523, 103020, 75476, 91026, 107879, 14058, 106394, 23658, 37473, 93201]"
115878,"[68973, 27003, 106181, 95732, 85695, 74736, 87188, 96060, 7738, 93605]"
115879,"[52697, 20836, 99550, 44344, 19913, 70986, 106777, 1801, 49851, 101938]"
115880,"[22494, 99477, 72633, 37282, 41720, 33426, 32147, 76946, 105767, 83679]"
115881,"[96083, 26339, 94800, 10554, 41515, 86897, 74560, 72363, 59894, 3179]"
115882,"[100000, 30541, 40002, 90204, 58428, 76105, 8942, 49799, 20682, 38566]"
115883,"[49165, 71240, 71780, 35156, 20347, 106728, 11235, 107061, 81319, 11073]"
115884,"[83429, 97082, 42300, 75639, 82091, 89493, 79406, 8876, 2169, 73318]"
115885,"[38729, 66437, 81376, 19076, 40998, 83467, 72139, 64117, 26437, 48483]"
115886,"[88071, 13859, 75706, 66279, 88529, 62939, 38993, 37373, 18604, 59431]"
115887,"[83009, 54834, 73060, 107780, 47960, 27790, 76241, 56376, 9659, 11550]"
115888,"[27660, 34366, 64019, 3947, 66963, 571, 41016, 10060, 22709, 23301]"
115889,"[11619, 70766, 32828, 17179, 24196, 12203, 83348, 105351, 70815, 55994]"
115890,"[100298, 1051, 72762, 70612, 109448, 38615, 67386, 42600, 48546, 60536]"
115891,"[55710, 90270, 68667, 78043, 100660, 44758, 47126, 69407, 1747, 11870]"
115892,"[55802, 39548, 29849, 43589, 27027, 98525, 61871, 54490, 81549, 19586]"
115893,"[90978, 77754, 35341, 23913, 82807, 96377, 4997, 447, 86044, 22054]"
115894,"[7894, 30731, 32158, 26019, 32856, 42370, 45477, 10431, 91521, 74690]"
115895,"[7064, 101588, 103512, 84772, 15989, 4029, 98009, 95817, 88395, 45611]"
115896,"[29137, 42611, 41695, 36969, 32477, 38336, 98108, 36265, 65456, 14348]"
115897,"[85752, 36007, 54981, 91815, 70925, 43910, 1957, 14210, 18107, 7228]"
115898,"[65036, 57192, 12068, 68592, 98270, 86405, 15797, 35560, 58942, 446]"
115899,"[101968, 66396, 23054, 2363, 61310, 7322, 83559, 98480, 63743, 108306]"
115900,"[91157, 34537, 77247, 5780, 55999, 27033, 35626, 90953, 89859, 43597]"
115901,"[55843, 52163, 4765, 59506, 27337, 91759, 66015, 78498, 104174, 77439]"
115902,"[49692, 70156, 42768, 79831, 5867, 72717, 7866, 94206, 81949, 54870]"
115903,"[90330, 7108, 90868, 58335, 106924, 36775, 74197, 106698, 71423, 14997]"
115904,"[8256, 45109, 12364, 29519, 27597, 107382, 45107, 56008, 66872, 44400]"
115905,"[8268, 19594, 10065, 35202, 77964, 67404, 60978, 80108, 43535, 2589]"
115906,"[35372, 43653, 46744, 30861, 87550, 48718, 815, 36659, 3233, 70228]"
115907,"[20281, 41677, 76615, 53277, 43150, 41064, 77560, 56112, 61504, 51840]"
115908,"[104475, 65334, 45049, 105045, 19868, 17165, 60135, 54717, 109206, 82253]"
115909,"[90488, 20996, 102085, 27927, 91250, 51384, 7787, 17511, 30438, 86480]"
115910,"[13385, 1984, 103404, 12727, 44565, 88550, 46855, 93651, 30146, 41545]"
115911,"[13319, 37349, 102827, 58493, 36986, 100494, 80812, 53001, 14271, 1969]"
115912,"[25018, 97682, 17215, 15946, 96799, 77641, 102428, 62445, 65660, 102361]"
115913,"[81655, 5174, 63585, 107197, 63293, 60060, 29353, 42040, 6130, 76304]"
115914,"[92832, 17310, 107687, 64259, 10354, 89092, 17663, 14084, 93070, 83771]"
115915,"[60532, 55721, 34330, 29030, 107991, 67706, 16492, 35807, 36334, 63281]"
115916,"[104096, 102617, 28227, 89979, 82505, 7128, 29367, 20713, 45323, 17693]"
115917,"[22984, 49504, 101663, 91712, 101986, 92371, 89574, 46288, 45119, 28796]"
115918,"[40292, 5821, 2245, 17242, 43413, 50628, 44072, 93209, 63233, 104574]"
115919,"[45145, 37185, 63082, 69116, 4914, 97710, 69074, 1226, 7841, 35986]"
115920,"[98732, 109585, 17896, 15393, 19915, 15952, 215, 64445, 40689, 46603]"
115921,"[79906, 74761, 38467, 20769, 53259, 1685, 52497, 86399, 27112, 1416]"
115922,"[52306, 4877, 6116, 35431, 106343, 7802, 71659, 44343, 107013, 18456]"
115923,"[96430, 76504, 371, 8375, 105951, 14431, 102213, 55584, 19359, 57384]"
115924,"[95456, 71239, 30678, 63264, 102787, 106548, 28024, 45156, 27612, 108307]"
115925,"[58235, 5516, 81948, 93390, 9641, 7492, 30013, 52805, 10263, 48282]"
115926,"[36219, 30866, 61548, 106053, 78680, 109314, 57905, 96224, 68897, 44990]"
115927,"[52085, 34855, 8815, 19632, 831, 75594, 10338, 95234, 89203, 97002]"
115928,"[18646, 6517, 86676, 39590, 46632, 14081, 23048, 616, 95451, 80123]"
115929,"[20335, 53692, 52768, 17514, 75435, 20577, 109477, 105389, 37013, 85165]"
115930,"[44125, 101916, 87302, 101766, 29611, 59797, 61927, 26720, 105709, 66075]"
115931,"[22547, 75327, 107512, 45512, 45837, 92356, 14553, 36528, 14102, 39598]"
115932,"[40422, 80627, 22756, 55454, 19053, 99622, 8747, 105114, 50309, 7735]"
115933,"[97789, 70895, 65611, 85925, 37814, 95895, 69678, 50724, 74099, 89474]"
115934,"[8780, 105543, 70986, 629, 4740, 108093, 72938, 77003, 67720, 37975]"
115935,"[90100, 23494, 86861, 60263, 92007, 42139, 32074, 51687, 57524, 68843]"
115936,"[83689, 85054, 103667, 29204, 109510, 107616, 103113, 959, 103709, 41858]"
115937,"[43819, 48619, 67869, 34901, 76805, 100996, 67788, 14760, 39538, 5923]"
115938,"[92163, 13158, 13704, 100140, 99462, 1408, 57584, 94136, 33055, 72648]"
115939,"[6647, 28989, 55906, 65726, 76812, 93757, 16090, 43425, 13289, 22298]"
115940,"[2832, 99154, 68792, 20385, 48368, 107851, 103468, 18433, 6769, 13198]"
115941,"[55522, 80140, 4280, 75668, 11952, 18139, 18978, 9603, 15580, 32900]"
115942,"[30008, 22022, 44606, 3136, 29056, 89132, 92045, 26486, 69114, 28429]"
115943,"[68988, 102867, 2561, 63060, 31146, 45225, 70447, 34097, 16036, 18550]"
115944,"[748, 51622, 74242, 99697, 88651, 72693, 43770, 65074, 25244, 63332]"
115945,"[8484, 12917, 4678, 10781, 73778, 52847, 69668, 46419, 40240, 105468]"
115946,"[37844, 14530, 57063, 59470, 31435, 103053, 105148, 52302, 88086, 109141]"
115947,"[16843, 85576, 25268, 95420, 69469, 42557, 53994, 106335, 90645, 94687]"
115948,"[8971, 70572, 107428, 2079, 101245, 36405, 52469, 93279, 41823, 36740]"
115949,"[43499, 30921, 100608, 104038, 101607, 84777, 72293, 80755, 91665, 98678]"
115950,"[27314, 76460, 61844, 7734, 77033, 84173, 34017, 84818, 36625, 49585]"
115951,"[56265, 18732, 4984, 78954, 88568, 107195, 87705, 39805, 39147, 59842]"
115952,"[51327, 45702, 2454, 16237, 695, 61740, 70909, 86612, 48898, 12152]"
115953,"[61390, 100506, 98916, 48851, 108473, 1633, 46918, 98855, 88233, 70426]"
115954,"[48840, 25361, 4346, 99293, 55495, 42271, 81057, 19983, 44872, 16970]"
115955,"[61348, 2592, 41927, 34449, 3157, 100038, 1750, 48794, 56206, 94165]"
115956,"[36792, 53113, 91332, 63514, 10153, 7531, 84086, 15977, 20999, 54988]"
115957,"[71655, 51498, 83977, 44985, 41368, 26631, 59400, 94736, 69331, 23038]"
115958,"[4079, 80853, 18069, 50763, 35755, 93900, 49974, 102584, 550, 94328]"
115959,"[10790, 53196, 2544, 68541, 40591, 47004, 109337, 72103, 106875, 69799]"
115960,"[64767, 35170, 82425, 71350, 97560, 108047, 30803, 77030, 59530, 60223]"
115961,"[47992, 72846, 10543, 68472, 70777, 16418, 63125, 80424, 58935, 53806]"
115962,"[45300, 60541, 61970, 35701, 59754, 108044, 96967, 35553, 49617, 44848]"
115963,"[38822, 30288, 78539, 51693, 96984, 109770, 71617, 15444, 96131, 2633]"
115964,"[38939, 12910, 90972, 16724, 54275, 88039, 27489, 5543, 32886, 96190]"
115965,"[54132, 37146, 92737, 51583, 23572, 28297, 83043, 104694, 50161, 86981]"
115966,"[95250, 22662, 62295, 2403, 107590, 47465, 26115, 61054, 89426, 51740]"
115967,"[49878, 51531, 52193, 92071, 21289, 55126, 13828, 48577, 70176, 75332]"
115968,"[48729, 79313, 19127, 103674, 36941, 10795, 100962, 63976, 104409, 80428]"
115969,"[4124, 58764, 25501, 53251, 74696, 7358, 53006, 90712, 103148, 23476]"
115970,"[38345, 69830, 55355, 56202, 62416, 29485, 54395, 15520, 47997, 108269]"
115971,"[70347, 42228, 15512, 103151, 61725, 68506, 53520, 20100, 59690, 53017]"
115972,"[8583, 52252, 3873, 54900, 49556, 17826, 69672, 42707, 46157, 5458]"
115973,"[78815, 31734, 73647, 45532, 13364, 70055, 95661, 98101, 65222, 78848]"
115974,"[105028, 15340, 77021, 61620, 40524, 12105, 91760, 80441, 102951, 29598]"
115975,"[40972, 23386, 98763, 95840, 5653, 56601, 77194, 99305, 64272, 40738]"
115976,"[45330, 13347, 58237, 82032, 102127, 73326, 29520, 97442, 69148, 97330]"
115977,"[41364, 63233, 40292, 17242, 54732, 66056, 33195, 99872, 38453, 23531]"
115978,"[17449, 80743, 21859, 84722, 104988, 29088, 51717, 20982, 8664, 23290]"
115979,"[58194, 9264, 57241, 100392, 40933, 71329, 70805, 10485, 70750, 70076]"
115980,"[83850, 5607, 24687, 90853, 19912, 64185, 74956, 15203, 80368, 106938]"
115981,"[60571, 78932, 53092, 81217, 21312, 43871, 34426, 9150, 53768, 79792]"
115982,"[69536, 71087, 77249, 106921, 46183, 9883, 99325, 8179, 108873, 23841]"
115983,"[77521, 54553, 24949, 94138, 589, 56199, 29229, 83056, 29209, 56067]"
115984,"[79978, 2091, 24719, 45379, 38173, 20879, 96299, 101103, 72725, 88196]"
115985,"[88072, 43345, 24653, 32399, 107934, 64074, 102176, 63617, 1356, 5842]"
115986,"[3114, 23644, 60225, 4854, 34846, 76136, 92405, 1942, 38681, 76855]"
115987,"[69178, 26111, 88462, 25839, 64229, 42775, 98805, 59552, 95830, 29063]"
115988,"[24694, 9389, 38670, 37831, 89570, 101520, 94561, 58196, 88888, 58179]"
115989,"[98708, 9792, 4838, 87505, 18813, 49349, 2740, 4911, 31804, 49277]"
115990,"[90799, 29224, 16777, 71533, 80257, 68974, 80632, 20838, 68853, 92465]"
115991,"[246, 71416, 21395, 36927, 59744, 66603, 77367, 96566, 46777, 57503]"
115992,"[35940, 40719, 8156, 83441, 105168, 99565, 67866, 7332, 88761, 14560]"
115993,"[82326, 52713, 37246, 30767, 8549, 9358, 35654, 71482, 7789, 61899]"
115994,"[61815, 104760, 104799, 82391, 91152, 17969, 92117, 65474, 24738, 57194]"
115995,"[12511, 55315, 12787, 83789, 7745, 7034, 43263, 70701, 56820, 95894]"
115996,"[78402, 33310, 10486, 92341, 63513, 81590, 64299, 37043, 14353, 87556]"
115997,"[105130, 82168, 90436, 70591, 104045, 93789, 77254, 54746, 33593, 17936]"
115998,"[17025, 95033, 83639, 28252, 56922, 77967, 10541, 64391, 64301, 13398]"
115999,"[47051, 10980, 58195, 61662, 3312, 75806, 18414, 29665, 99432, 101169]"
116000,"[76378, 21454, 94807, 75459, 89752, 91732, 106501, 43962, 41919, 4025]"
116001,"[94552, 58710, 75620, 84357, 25323, 78534, 35599, 22408, 78460, 41362]"
116002,"[64761, 83896, 63131, 104526, 36242, 12072, 95459, 103267, 79947, 57934]"
116003,"[19165, 70329, 32547, 3534, 22312, 47564, 49350, 8951, 41882, 65104]"
116004,"[53327, 46752, 48783, 86997, 86510, 65284, 82574, 57228, 107046, 57834]"
116005,"[18827, 74921, 14764, 69812, 23295, 90244, 45655, 33067, 5801, 46457]"
116006,"[44151, 15523, 57223, 3180, 54430, 23694, 67121, 79700, 6621, 51232]"
116007,"[51132, 26409, 37980, 54980, 47357, 51771, 53734, 41745, 87951, 64734]"
116008,"[77222, 105884, 67886, 6189, 102138, 91849, 64458, 50931, 42536, 37205]"
116009,"[81408, 70688, 108486, 94654, 22677, 34032, 30075, 66742, 86473, 72678]"
116010,"[78938, 51997, 71621, 38728, 102914, 58772, 16435, 73511, 89960, 95634]"
116011,"[70363, 73603, 92028, 81339, 43522, 10674, 63186, 103607, 37427, 88106]"
116012,"[28961, 63061, 34136, 6744, 32987, 53323, 75574, 4618, 79956, 19996]"
116013,"[103121, 101973, 10611, 17970, 21260, 9497, 108120, 78190, 50918, 96847]"
116014,"[85064, 92589, 67437, 9376, 9441, 100886, 63829, 92652, 69519, 34300]"
116015,"[65771, 4661, 73865, 14763, 106505, 10951, 4524, 787, 80818, 271]"
116016,"[11791, 38303, 89719, 812, 86437, 106363, 41185, 28592, 69007, 69649]"
116017,"[84005, 56214, 4607, 15560, 30587, 40197, 82528, 51870, 100402, 81621]"
116018,"[40672, 3336, 84703, 6989, 2146, 65297, 60449, 46838, 92726, 32972]"
116019,"[57091, 80043, 43978, 28051, 75674, 41009, 4511, 53367, 107418, 87607]"
116020,"[13240, 17360, 108107, 70383, 84499, 17760, 15743, 16222, 44313, 12784]"
116021,"[18860, 44344, 49516, 52697, 20836, 57045, 26497, 154, 99550, 19913]"
116022,"[95361, 7032, 64872, 60191, 84010, 68706, 14931, 63970, 68419, 53654]"
116023,"[74051, 50905, 107065, 51887, 40115, 71017, 16148, 102708, 94701, 24823]"
116024,"[103489, 77624, 72107, 61190, 83820, 57003, 44167, 19096, 85146, 108573]"
116025,"[82833, 13606, 108773, 24739, 96977, 42467, 19798, 105939, 53053, 78879]"
116026,"[2043, 5885, 100929, 65580, 47345, 38809, 64027, 67507, 27991, 55669]"
116027,"[62861, 59718, 80118, 97668, 39618, 47628, 42771, 105350, 13496, 91530]"
116028,"[96474, 52402, 96115, 82, 97275, 75563, 31707, 36992, 20181, 81465]"
116029,"[43667, 103597, 21719, 93248, 44753, 21616, 8470, 96156, 50879, 7475]"
116030,"[54052, 90225, 45579, 72255, 38852, 57815, 90200, 93941, 81762, 26880]"
116031,"[12426, 88236, 949, 22339, 50304, 89035, 84101, 102387, 27996, 11120]"
116032,"[67447, 99193, 82482, 41439, 30567, 90632, 96243, 47320, 56995, 89907]"
116033,"[29550, 52772, 252, 69588, 19546, 77890, 79406, 45578, 519, 61167]"
116034,"[105368, 21314, 66726, 7889, 26744, 71789, 41894, 13863, 51396, 102516]"
116035,"[85431, 96283, 87905, 12661, 65576, 92592, 74125, 14668, 23220, 60321]"
116036,"[39866, 16466, 22735, 33544, 19100, 58549, 55043, 18166, 48167, 9145]"
116037,"[77614, 18553, 75065, 75092, 28449, 28191, 35987, 97505, 85924, 8424]"
116038,"[103392, 64096, 100858, 91858, 86162, 76505, 51370, 65925, 89538, 1930]"
116039,"[59473, 15468, 10323, 92037, 102791, 87651, 105952, 82045, 5378, 20450]"
116040,"[107335, 49683, 92240, 5084, 60593, 80836, 26327, 15219, 103465, 46672]"
116041,"[109043, 61246, 73386, 104016, 96305, 46556, 26774, 52344, 64753, 72589]"
116042,"[65925, 49417, 44080, 103392, 73321, 12486, 95396, 156, 104046, 71212]"
116043,"[12758, 25305, 8246, 89663, 99873, 105588, 99712, 12474, 35806, 54493]"
116044,"[106379, 87978, 41901, 102563, 24022, 67877, 97916, 1464, 37540, 47889]"
116045,"[13646, 94183, 43919, 39352, 65276, 83274, 25366, 71095, 17021, 18703]"
116046,"[58683, 96292, 13934, 60135, 27054, 48032, 46000, 34538, 34763, 24568]"
116047,"[42372, 78636, 39113, 70819, 59542, 13181, 18647, 74465, 25955, 90839]"
116048,"[19975, 82566, 67232, 48175, 21823, 102191, 78407, 29514, 15120, 10582]"
116049,"[59555, 100940, 56861, 3597, 105482, 40151, 51381, 104044, 72062, 35911]"
116050,"[63187, 19972, 64067, 49221, 28641, 66961, 23432, 4429, 94686, 47368]"
116051,"[6084, 78332, 54846, 107218, 28560, 92682, 77532, 58667, 95516, 64674]"
116052,"[84021, 35497, 103614, 5590, 59771, 46034, 82152, 28540, 25895, 65865]"
116053,"[57501, 44341, 31962, 40351, 39745, 16910, 26999, 105433, 49506, 63717]"
116054,"[88462, 91229, 57672, 34150, 98805, 81140, 95830, 59552, 83639, 29063]"
116055,"[51241, 9961, 49825, 42813, 71044, 101218, 82090, 102067, 99885, 71346]"
116056,"[101600, 40208, 16627, 63538, 98272, 10746, 85666, 74306, 62123, 49361]"
116057,"[90805, 83307, 66341, 55644, 82404, 12769, 47775, 67875, 33388, 77160]"
116058,"[76258, 3575, 73580, 70279, 75794, 96065, 23689, 76930, 86558, 951]"
116059,"[73505, 103805, 93006, 95797, 39318, 86312, 72631, 96576, 23982, 58900]"
116060,"[6686, 107902, 61006, 37134, 33564, 5718, 85207, 102352, 53026, 43174]"
116061,"[9735, 67693, 97752, 49347, 32564, 74232, 102541, 71592, 67843, 30471]"
116062,"[82440, 62747, 56659, 99480, 56979, 86063, 25574, 106026, 71495, 89400]"
116063,"[96132, 80112, 69276, 42169, 99006, 101193, 109291, 1065, 44237, 87400]"
116064,"[53649, 98277, 67591, 95900, 93591, 68145, 11795, 38857, 106116, 94726]"
116065,"[64149, 101117, 40784, 96059, 12392, 27615, 86651, 84, 11901, 14645]"
116066,"[79908, 86484, 45489, 44834, 59884, 89060, 71578, 59301, 83325, 20483]"
116067,"[4722, 40468, 88970, 104276, 18678, 26518, 31187, 13035, 64343, 37325]"
116068,"[45809, 78824, 26576, 66102, 105137, 39196, 92760, 80053, 67471, 101018]"
116069,"[74665, 79932, 22769, 37070, 85864, 55896, 69789, 18912, 30759, 23929]"
116070,"[63235, 36845, 22438, 19815, 95561, 77736, 69716, 80346, 93588, 32462]"
116071,"[73388, 48735, 1474, 44963, 24303, 3409, 31417, 29321, 64916, 10241]"
116072,"[83211, 89721, 93056, 31004, 107249, 19927, 41233, 23907, 91782, 48853]"
116073,"[2360, 63094, 67203, 49929, 1994, 38841, 96124, 75001, 39049, 18790]"
116074,"[75648, 82960, 90699, 13092, 93553, 53785, 32400, 31456, 48084, 75146]"
116075,"[10853, 75157, 41235, 45602, 53945, 94661, 76896, 31087, 8414, 86714]"
116076,"[104212, 73581, 63135, 26396, 96351, 27077, 79667, 78307, 2905, 6766]"
116077,"[15102, 6505, 85996, 46872, 9876, 72269, 67936, 10073, 1640, 44475]"
116078,"[92430, 102451, 26882, 64500, 56953, 97075, 10295, 8774, 63760, 16566]"
116079,"[94391, 6104, 98657, 6788, 56750, 35245, 91484, 61190, 75525, 35564]"
116080,"[79174, 29464, 64679, 6512, 24623, 74657, 48252, 97555, 79557, 49070]"
116081,"[94795, 85641, 38670, 22989, 74605, 85985, 70858, 55992, 69540, 11862]"
116082,"[60812, 52048, 50440, 12700, 31127, 100272, 63667, 46381, 89950, 52064]"
116083,"[83508, 14130, 71024, 80857, 79126, 45590, 42015, 101532, 66469, 58552]"
116084,"[99015, 77128, 8516, 92966, 20733, 35362, 74908, 98157, 47364, 32201]"
116085,"[5639, 108389, 11698, 13466, 46368, 56545, 78574, 9391, 14539, 430]"
116086,"[107216, 73679, 3069, 57852, 59082, 16308, 39704, 40335, 58222, 88366]"
116087,"[107815, 62259, 79709, 39557, 42099, 43460, 96201, 14492, 67348, 81355]"
116088,"[42564, 101980, 102851, 99993, 38561, 55463, 102468, 17919, 103536, 20199]"
116089,"[99114, 55959, 2365, 48393, 24471, 104242, 73602, 10896, 107584, 56142]"
116090,"[50708, 73842, 46109, 51932, 82399, 15062, 15595, 9131, 71900, 34566]"
116091,"[55761, 12116, 24361, 45757, 26657, 94438, 31141, 9169, 104400, 70761]"
116092,"[15560, 81621, 84005, 68768, 30116, 56214, 109124, 51870, 82528, 50981]"
116093,"[51185, 86855, 34951, 64804, 68470, 107090, 41738, 78055, 50919, 40913]"
116094,"[99323, 95139, 82765, 2548, 41800, 85909, 9931, 105891, 8651, 32079]"
116095,"[50669, 100691, 40347, 52676, 8044, 17551, 17940, 22784, 72608, 77974]"
116096,"[71789, 66726, 86825, 26744, 7889, 71647, 102652, 105368, 103012, 42872]"
116097,"[35309, 44157, 60971, 19954, 72483, 77439, 4765, 29590, 32475, 36474]"
116098,"[91560, 41780, 98589, 9569, 69240, 51330, 61397, 18873, 72249, 91677]"
116099,"[69454, 54758, 6481, 97253, 87344, 4272, 93675, 99048, 56361, 1137]"
116100,"[30116, 28618, 15560, 37795, 25533, 96455, 44172, 23171, 109124, 13880]"
116101,"[91421, 19112, 35018, 22593, 66189, 14600, 86010, 47758, 92342, 6932]"
116102,"[31891, 34400, 102673, 107102, 93063, 90313, 18991, 3172, 99161, 1970]"
116103,"[65794, 84583, 95016, 49644, 4505, 51420, 90502, 87831, 106790, 78009]"
116104,"[85311, 53559, 22219, 25378, 76819, 51172, 14280, 32511, 16517, 25346]"
116105,"[80179, 34644, 17778, 76778, 89227, 14219, 8992, 32884, 100288, 45222]"
116106,"[34002, 22635, 9546, 87225, 8700, 65015, 43563, 6169, 93360, 86653]"
116107,"[84040, 106241, 97382, 52230, 27407, 50303, 82050, 64882, 38278, 23826]"
116108,"[11272, 85905, 17199, 68116, 51766, 72419, 101370, 40434, 13725, 51099]"
116109,"[2933, 28965, 91187, 107966, 43247, 81957, 93421, 12737, 72175, 75346]"
116110,"[14379, 76288, 69302, 3654, 83753, 73534, 38895, 10960, 72384, 99996]"
116111,"[63247, 57040, 6578, 36429, 352, 12885, 61982, 8999, 75773, 85264]"
116112,"[88511, 76633, 62863, 9254, 14473, 105761, 92050, 67995, 107384, 7719]"
116113,"[101705, 104473, 105852, 82083, 91531, 9852, 65881, 4181, 102482, 58954]"
116114,"[22485, 79130, 53745, 79713, 85533, 8813, 69315, 75799, 23183, 105674]"
116115,"[89986, 50968, 81683, 63811, 90573, 30130, 97028, 85739, 36062, 86703]"
116116,"[62805, 76186, 56012, 861, 45754, 48183, 52000, 144, 14934, 10551]"
116117,"[27363, 21764, 105404, 26603, 19590, 6804, 69357, 70719, 31469, 90830]"
116118,"[90859, 14854, 53548, 75124, 57218, 65653, 77617, 77109, 10090, 94987]"
116119,"[105067, 47346, 35479, 106652, 46583, 6723, 78732, 789, 98344, 103936]"
116120,"[22065, 68773, 11175, 53812, 66581, 18553, 86590, 59900, 30245, 22305]"
116121,"[96373, 15145, 33061, 86475, 58561, 56287, 14749, 70444, 76246, 34357]"
116122,"[93318, 48813, 68527, 15329, 96918, 33611, 61671, 13038, 108186, 34981]"
116123,"[97498, 37476, 12947, 61620, 101935, 80441, 62111, 102951, 8719, 51387]"
116124,"[77988, 47295, 30864, 19379, 87239, 50203, 86880, 7145, 5435, 56836]"
116125,"[102166, 79398, 21507, 12144, 7818, 30154, 20159, 106695, 94178, 75234]"
116126,"[13521, 77601, 93064, 106244, 56054, 53392, 50228, 68254, 3166, 105146]"
116127,"[71397, 69864, 81054, 102021, 21756, 48558, 68584, 78111, 18294, 55485]"
116128,"[65141, 42891, 76404, 41553, 105932, 94160, 17725, 85776, 65463, 25865]"
116129,"[84807, 72043, 8765, 36721, 74195, 34362, 30672, 42463, 65286, 3989]"
116130,"[55938, 5182, 8089, 105181, 61202, 34250, 88883, 109427, 73218, 12828]"
116131,"[90188, 37521, 64409, 7281, 93917, 77469, 22343, 96827, 101744, 44626]"
116132,"[88337, 43334, 105995, 9469, 83112, 90511, 98495, 73791, 21705, 96431]"
116133,"[18617, 96970, 80129, 63378, 102294, 98757, 67891, 101003, 47028, 3230]"
116134,"[42696, 32329, 100844, 93360, 100217, 10348, 43675, 22635, 103962, 91559]"
116135,"[49732, 31564, 82846, 37428, 104107, 105194, 72337, 101977, 20809, 59970]"
116136,"[24867, 60091, 6567, 80641, 15844, 18275, 28333, 29800, 62793, 28138]"
116137,"[23337, 91639, 72514, 105116, 23123, 105098, 1537, 1518, 78150, 72627]"
116138,"[93958, 88508, 101323, 7724, 101621, 27533, 69221, 16470, 14994, 91479]"
116139,"[7501, 37885, 63685, 30542, 105483, 45182, 83361, 104591, 66705, 45075]"
116140,"[79295, 108436, 99286, 83101, 10537, 65080, 33220, 62480, 46327, 88203]"
116141,"[16726, 98355, 10541, 31721, 16913, 15996, 104041, 88912, 95231, 94153]"
116142,"[59719, 11208, 74160, 97611, 22824, 9560, 23861, 104990, 24998, 65291]"
116143,"[42813, 97784, 27200, 29777, 17521, 2223, 62710, 61090, 101047, 65019]"
116144,"[19266, 27460, 95738, 10018, 5230, 54687, 35368, 74196, 53766, 50262]"
116145,"[23263, 29775, 47198, 83819, 51657, 108652, 19840, 7760, 98269, 25614]"
116146,"[97594, 4364, 14826, 80116, 26574, 33817, 86285, 57799, 54616, 3924]"
116147,"[7467, 63629, 79352, 44431, 93448, 106810, 44299, 96743, 92468, 93144]"
116148,"[62154, 3914, 9707, 75824, 109329, 68075, 57968, 16622, 63068, 108811]"
116149,"[78124, 2645, 35094, 2552, 33059, 73391, 84160, 47716, 26652, 105771]"
116150,"[68704, 96659, 12297, 31814, 49714, 81728, 26517, 80643, 49488, 49270]"
116151,"[100002, 68271, 90066, 84912, 49319, 72725, 101458, 59737, 74987, 12818]"
116152,"[23847, 87805, 25008, 20378, 106572, 3329, 59067, 46842, 39975, 77243]"
116153,"[74495, 18029, 101489, 54298, 68147, 98479, 99302, 89966, 66431, 1570]"
116154,"[3310, 2292, 40266, 8737, 30194, 17117, 99378, 71911, 83339, 38056]"
116155,"[12784, 41775, 47323, 17489, 27325, 107355, 44858, 17360, 70161, 52166]"
116156,"[66873, 82690, 43270, 31099, 16520, 29721, 37893, 7588, 22029, 10001]"
116157,"[108627, 90279, 10171, 34755, 36360, 7830, 48986, 41227, 45362, 36392]"
116158,"[14485, 23854, 97311, 52958, 9675, 50789, 2993, 57179, 61803, 30118]"
116159,"[96234, 4413, 79778, 75596, 43391, 46630, 75804, 41274, 31262, 95162]"
116160,"[71743, 26099, 42979, 36951, 32524, 89445, 62571, 46885, 1974, 69937]"
116161,"[65517, 13198, 39554, 75080, 89350, 63975, 85802, 20385, 16580, 57190]"
116162,"[78537, 14894, 61709, 2893, 35906, 105826, 87005, 15097, 11782, 93883]"
116163,"[79661, 45685, 54485, 100165, 103674, 36941, 24086, 71846, 5739, 33369]"
116164,"[15269, 99124, 32099, 634, 706, 57609, 33109, 30700, 4310, 50922]"
116165,"[100203, 34582, 41189, 7931, 8959, 17625, 93552, 101740, 35504, 107268]"
116166,"[42561, 75438, 5214, 4365, 70567, 14137, 91823, 36976, 47771, 89583]"
116167,"[23202, 22061, 72561, 109536, 14651, 68266, 47485, 54185, 59575, 26488]"
116168,"[22051, 71803, 64743, 49469, 68192, 58016, 65236, 75332, 106306, 80604]"
116169,"[69885, 104062, 17262, 93009, 64352, 55773, 58089, 21312, 76924, 103990]"
116170,"[43977, 62078, 43690, 69178, 95033, 83253, 52428, 72045, 43697, 99691]"
116171,"[81744, 26069, 19837, 18908, 58162, 62436, 24585, 878, 71256, 52195]"
116172,"[34297, 65028, 66001, 87660, 2721, 65279, 93691, 86205, 104478, 4741]"
116173,"[88755, 40863, 12307, 71315, 94677, 31316, 92086, 51566, 96403, 21486]"
116174,"[2789, 63030, 107154, 28537, 100821, 51792, 107209, 1549, 48734, 64190]"
116175,"[23757, 40656, 100349, 44700, 35497, 70518, 77375, 21786, 103313, 13296]"
116176,"[71120, 100056, 52810, 108172, 104940, 104327, 12786, 54319, 49507, 88530]"
116177,"[100558, 87587, 25192, 94209, 69952, 5423, 65722, 98352, 84979, 2374]"
116178,"[27661, 22122, 80387, 1489, 63666, 20894, 106723, 18708, 7271, 52876]"
116179,"[62938, 65728, 4978, 65170, 74134, 49511, 30754, 81681, 25995, 94516]"
116180,"[79528, 81500, 59443, 77924, 577, 68692, 107200, 30724, 106960, 20595]"
116181,"[96358, 16511, 106613, 101275, 80595, 91134, 55158, 3189, 66990, 47744]"
116182,"[37476, 17443, 102951, 51002, 54660, 12947, 97498, 37367, 61620, 27727]"
116183,"[9173, 72633, 1086, 92638, 5380, 8633, 41941, 60779, 56177, 22494]"
116184,"[33471, 73330, 87444, 94995, 78728, 59829, 12181, 74292, 102237, 91634]"
116185,"[105533, 109534, 29910, 103208, 43616, 12174, 62939, 17459, 107346, 19888]"
116186,"[53436, 88286, 71101, 32751, 54151, 3710, 100056, 17444, 55799, 45338]"
116187,"[58187, 68379, 86586, 78170, 96076, 73357, 103773, 30247, 26625, 68817]"
116188,"[68207, 66677, 78871, 40795, 108835, 24805, 6701, 78469, 75845, 25582]"
116189,"[53576, 23744, 84072, 55692, 73906, 32798, 100411, 106791, 50271, 83988]"
116190,"[105118, 78134, 31148, 27745, 10392, 27719, 68370, 53311, 97060, 107357]"
116191,"[79261, 66075, 26720, 70467, 42989, 1395, 46482, 87302, 94997, 43846]"
116192,"[102349, 60151, 23094, 73185, 9248, 27417, 87008, 40206, 59149, 61357]"
116193,"[87571, 8454, 4703, 19698, 15901, 12313, 13191, 84794, 38102, 27979]"
116194,"[85141, 91183, 91279, 67476, 86220, 15552, 57425, 38983, 104529, 96443]"
116195,"[54529, 31605, 102551, 90056, 49778, 95178, 55228, 105339, 11990, 23540]"
116196,"[82808, 99564, 10564, 95981, 56144, 44094, 77266, 42157, 11104, 55125]"
116197,"[72919, 106273, 19250, 96472, 87234, 49843, 43032, 11205, 96669, 74802]"
116198,"[77173, 90545, 18248, 58928, 7973, 32939, 62798, 29825, 53939, 94161]"
116199,"[78062, 13032, 68098, 2931, 10988, 2483, 44267, 28783, 19201, 91740]"
116200,"[35270, 68943, 60268, 41464, 94120, 27607, 101575, 74409, 103002, 17378]"
116201,"[55159, 55039, 83659, 30547, 77566, 32179, 91452, 75267, 18146, 67295]"
116202,"[74816, 1695, 152, 12607, 24656, 51806, 50607, 80074, 103591, 29504]"
116203,"[19704, 40688, 90890, 89891, 21465, 61897, 1454, 89196, 96752, 9444]"
116204,"[6602, 78371, 69185, 20419, 4339, 43273, 6875, 70014, 11751, 52485]"
116205,"[75492, 32871, 30495, 2116, 105467, 15622, 75836, 30682, 62882, 78938]"
116206,"[4597, 40096, 18898, 41849, 72039, 61408, 65657, 67867, 32826, 67281]"
116207,"[32604, 108892, 25918, 59404, 16721, 35882, 58877, 56314, 23515, 39044]"
116208,"[100062, 106087, 95194, 4949, 96590, 65999, 34617, 64541, 72906, 36371]"
116209,"[51811, 33277, 26196, 90760, 30383, 5861, 58276, 87828, 37860, 56033]"
116210,"[23453, 68433, 21488, 18457, 23424, 62235, 9995, 36642, 85128, 101573]"
116211,"[71907, 31968, 71632, 84328, 48754, 65581, 57225, 106296, 63276, 52408]"
116212,"[90396, 59972, 104910, 103601, 57328, 71472, 40480, 24582, 49882, 108252]"
116213,"[36302, 56762, 85057, 106588, 92883, 34878, 57527, 92, 79707, 7693]"
116214,"[54563, 50069, 25753, 89597, 101643, 60621, 95442, 48862, 6138, 88598]"
116215,"[76935, 6679, 81817, 62276, 37586, 74291, 82201, 72403, 18320, 93901]"
116216,"[102165, 7641, 7748, 83503, 79600, 48030, 60334, 29919, 61575, 22562]"
116217,"[6026, 48550, 49747, 39718, 1743, 64022, 94227, 55794, 47068, 56341]"
116218,"[83134, 106737, 98338, 93096, 42414, 102192, 80031, 107626, 33973, 87314]"
116219,"[59678, 56227, 62891, 56646, 84596, 2883, 85554, 109230, 5060, 81839]"
116220,"[37651, 53124, 101669, 40390, 49205, 37115, 107559, 94548, 84723, 106428]"
116221,"[18350, 60200, 83838, 91901, 85541, 46836, 107295, 47675, 68067, 48780]"
116222,"[4108, 11089, 29169, 67286, 90469, 22216, 105138, 101257, 94171, 2149]"
116223,"[48990, 561, 86049, 27742, 102333, 100153, 65738, 103040, 2920, 76223]"
116224,"[77065, 77794, 98565, 104728, 11617, 50510, 86653, 63103, 75298, 36826]"
116225,"[55850, 49830, 102388, 108962, 23282, 83785, 30950, 45149, 82708, 55215]"
116226,"[3998, 15148, 78410, 83196, 91673, 10753, 9409, 101903, 14720, 106057]"
116227,"[109628, 89699, 88236, 77585, 27174, 87009, 67522, 104641, 77893, 36005]"
116228,"[21288, 66985, 18901, 2276, 64830, 67750, 65583, 63433, 98331, 89692]"
116229,"[77795, 17267, 57558, 43852, 100276, 61717, 34664, 62019, 81360, 106750]"
116230,"[78278, 68723, 5617, 98804, 54320, 13541, 25279, 108188, 106113, 50449]"
116231,"[25564, 2903, 109543, 27393, 102008, 16291, 45282, 87726, 85806, 81849]"
116232,"[95865, 95806, 98931, 46579, 77828, 38949, 29939, 7205, 88818, 33639]"
116233,"[14282, 90285, 3258, 34681, 41138, 40719, 15848, 7332, 101389, 35940]"
116234,"[62523, 50125, 15587, 7175, 52347, 23961, 96978, 28823, 20206, 32701]"
116235,"[5832, 48706, 30780, 45818, 96817, 68434, 98918, 92184, 71125, 99310]"
116236,"[32547, 106107, 76541, 39101, 26397, 54500, 25136, 79965, 12464, 48879]"
116237,"[40720, 47440, 59304, 29484, 6192, 86965, 12201, 91812, 85081, 55430]"
116238,"[30151, 18653, 41469, 12989, 6454, 24353, 31172, 74581, 58055, 36903]"
116239,"[25774, 17513, 58817, 99525, 90060, 35171, 73435, 63129, 48789, 108501]"
116240,"[20256, 89070, 25838, 32591, 91629, 106399, 67073, 107514, 33963, 21944]"
116241,"[86381, 76509, 84991, 22367, 4831, 94444, 63028, 17105, 9440, 103245]"
116242,"[48771, 109307, 8537, 2282, 15230, 107380, 32557, 92587, 48631, 61711]"
116243,"[34951, 107090, 105547, 37595, 84053, 51185, 86855, 53925, 13363, 72147]"
116244,"[68002, 4085, 45067, 8507, 60228, 91717, 30172, 47868, 43390, 101778]"
116245,"[62951, 72303, 66451, 67401, 48773, 49358, 54655, 4629, 52689, 56340]"
116246,"[80803, 72634, 29658, 26135, 39746, 81514, 73984, 33476, 25382, 87449]"
116247,"[98157, 4848, 23194, 73312, 12050, 22549, 88306, 26256, 12017, 91392]"
116248,"[59624, 95663, 3085, 37757, 72659, 61652, 73167, 18039, 47195, 79371]"
116249,"[14770, 24547, 56082, 20794, 67825, 12883, 84684, 83907, 26924, 64031]"
116250,"[81868, 85566, 88245, 103144, 1674, 94869, 101028, 59484, 51240, 16028]"
116251,"[59871, 109694, 78985, 49800, 22756, 55454, 72002, 51166, 107432, 106408]"
116252,"[50482, 40093, 22957, 86805, 54219, 32793, 92556, 108903, 93825, 80801]"
116253,"[59022, 40556, 80714, 2646, 54381, 46437, 33597, 14448, 25265, 80392]"
116254,"[97361, 29426, 15590, 35748, 41592, 80962, 7370, 13549, 55412, 70418]"
116255,"[83014, 81484, 79893, 86768, 4479, 1525, 52023, 72985, 34057, 100956]"
116256,"[104627, 25067, 20838, 68853, 83190, 68974, 5495, 8166, 2939, 16607]"
116257,"[53980, 60317, 22859, 92580, 52663, 18448, 67945, 101091, 38359, 49839]"
116258,"[58128, 60405, 34159, 9786, 104921, 94271, 17811, 103045, 106471, 104987]"
116259,"[89671, 106566, 93273, 53245, 56317, 57499, 98740, 13566, 72756, 39553]"
116260,"[70809, 49034, 40776, 26825, 87535, 98500, 80538, 48913, 84278, 44677]"
116261,"[70142, 33710, 105678, 48756, 29331, 89568, 11216, 92771, 81787, 43336]"
116262,"[100847, 101369, 20321, 108066, 28390, 58984, 56768, 86581, 5056, 62039]"
116263,"[52703, 38032, 17761, 22342, 21187, 6713, 54440, 86397, 22461, 19783]"
116264,"[4190, 19238, 47237, 98267, 1622, 98346, 23986, 21181, 3616, 33026]"
116265,"[32419, 17330, 57191, 24220, 24891, 24079, 28785, 50354, 72559, 53523]"
116266,"[1759, 4864, 103051, 320, 10871, 91996, 22614, 40115, 59072, 53630]"
116267,"[37038, 98669, 41933, 45740, 109732, 21381, 43547, 82548, 10724, 99705]"
116268,"[71928, 32803, 7461, 93713, 78110, 40771, 64052, 715, 71680, 3336]"
116269,"[52682, 55301, 91321, 53866, 68604, 33814, 86211, 10820, 59814, 6626]"
116270,"[43356, 80117, 38986, 101215, 11098, 1806, 88892, 29108, 39021, 697]"
116271,"[46582, 102332, 70148, 18696, 70983, 44574, 106316, 47045, 58082, 107701]"
116272,"[105694, 56925, 72001, 5910, 33157, 75787, 9230, 6444, 6122, 53715]"
116273,"[85888, 28021, 55250, 92374, 26674, 39763, 97151, 33096, 99850, 17099]"
116274,"[81293, 108091, 45860, 93224, 10878, 1380, 50434, 105860, 22429, 74330]"
116275,"[42426, 17567, 3430, 32389, 54106, 82671, 106775, 68178, 95481, 93223]"
116276,"[97750, 12669, 38136, 103650, 97196, 65366, 25704, 80165, 9812, 83790]"
116277,"[54714, 85321, 97565, 104140, 74882, 929, 52688, 39337, 47180, 99498]"
116278,"[102013, 42102, 13022, 101136, 62339, 94802, 51694, 65708, 66209, 61990]"
116279,"[44294, 99001, 15135, 62639, 54386, 43250, 64225, 46720, 104610, 93240]"
116280,"[93542, 60833, 5380, 18118, 8633, 97604, 9173, 109099, 40423, 67613]"
116281,"[90109, 96691, 15792, 35639, 72923, 59940, 86362, 2307, 25557, 88446]"
116282,"[29684, 101926, 2967, 8712, 18905, 64436, 60306, 71150, 102491, 38224]"
116283,"[78683, 66330, 58871, 76316, 32479, 53710, 107365, 106363, 75453, 4819]"
116284,"[70882, 27559, 44320, 26445, 15493, 31868, 18825, 99939, 23462, 93685]"
116285,"[10027, 93034, 69762, 82247, 71587, 86329, 4842, 50557, 81091, 68213]"
116286,"[15678, 62828, 74079, 108797, 71314, 36345, 72118, 50000, 54555, 61503]"
116287,"[56378, 101397, 96286, 46498, 71116, 49495, 22538, 77574, 11287, 31447]"
116288,"[18586, 78557, 10915, 78377, 16873, 78405, 11688, 38645, 21353, 39923]"
116289,"[19867, 107491, 62791, 30419, 73146, 51866, 14132, 11124, 65445, 67592]"
116290,"[96828, 15458, 13749, 35671, 80448, 36325, 29622, 89569, 94672, 18809]"
116291,"[83624, 28448, 57351, 74147, 48169, 62000, 11091, 88374, 55498, 106746]"
116292,"[98990, 89077, 54893, 99386, 82081, 81415, 85429, 31654, 48934, 60961]"
116293,"[23467, 54399, 17673, 5945, 55344, 15888, 36918, 56080, 35746, 71865]"
116294,"[69850, 85922, 86021, 30331, 15759, 25824, 5385, 52499, 68952, 37152]"
116295,"[55545, 16479, 35399, 22032, 65898, 61036, 83749, 17608, 75747, 31275]"
116296,"[67355, 71137, 99378, 59966, 1993, 80426, 1680, 5805, 1465, 39654]"
116297,"[49728, 103049, 31693, 24374, 24808, 59291, 55213, 22605, 53460, 71516]"
116298,"[84781, 19723, 56097, 33763, 18361, 12851, 63916, 22062, 61693, 32046]"
116299,"[21019, 29868, 65226, 8467, 81294, 22994, 69423, 41896, 95899, 26891]"
116300,"[59224, 8808, 63811, 84870, 100082, 91906, 23491, 273, 102978, 71023]"
116301,"[105746, 32269, 72432, 86870, 55609, 72253, 100089, 53006, 103984, 19397]"
116302,"[59215, 88632, 73972, 103873, 9480, 27093, 50415, 32959, 49063, 6197]"
116303,"[94245, 89050, 94167, 63207, 45404, 17362, 19734, 60955, 68495, 93518]"
116304,"[42553, 89103, 68796, 5973, 78904, 28901, 90081, 95560, 33992, 75143]"
116305,"[66385, 15910, 63723, 97847, 29823, 52213, 199, 19203, 14176, 30026]"
116306,"[27089, 24961, 88031, 17964, 26922, 5415, 73700, 27383, 90718, 538]"
116307,"[88182, 85245, 80232, 4761, 100347, 20382, 36013, 58578, 92942, 106874]"
116308,"[50097, 9999, 64028, 77265, 10916, 35318, 106545, 24890, 45137, 91723]"
116309,"[106842, 104715, 79456, 15054, 77505, 100735, 48757, 52145, 47797, 106240]"
116310,"[81656, 27495, 36669, 105911, 28512, 99839, 71523, 85018, 11457, 79083]"
116311,"[6484, 57140, 18230, 19319, 86284, 104264, 69000, 102946, 71275, 17483]"
116312,"[67529, 27738, 9113, 20588, 57492, 107893, 73044, 95220, 72684, 56908]"
116313,"[10091, 54756, 3058, 21036, 37671, 19269, 34420, 40397, 63942, 24166]"
116314,"[65664, 65735, 99938, 61672, 74169, 72318, 9165, 107979, 55491, 55183]"
116315,"[98620, 20984, 54117, 99326, 72909, 85852, 68831, 95816, 9191, 56491]"
116316,"[11035, 66972, 27596, 63779, 71232, 60746, 98555, 33369, 102, 7577]"
116317,"[97076, 76388, 42592, 103529, 72539, 22688, 73130, 77210, 3805, 48172]"
116318,"[101463, 90871, 959, 103709, 73214, 21807, 106864, 109657, 21054, 70667]"
116319,"[74332, 66619, 46075, 6103, 88750, 94541, 96725, 53940, 58912, 22169]"
116320,"[51938, 48375, 80864, 46653, 45616, 2663, 26385, 36134, 109076, 70756]"
116321,"[6876, 21852, 98110, 10419, 66294, 58369, 108863, 63851, 69855, 81685]"
116322,"[55620, 59454, 36964, 2227, 87560, 98034, 58180, 44297, 88739, 75524]"
116323,"[44462, 46890, 3254, 97425, 1023, 12386, 14382, 96800, 51209, 36093]"
116324,"[71320, 12914, 193, 18566, 85138, 44186, 15141, 105439, 92936, 4854]"
116325,"[15935, 32243, 19806, 63185, 80228, 38054, 83604, 33672, 54276, 73012]"
116326,"[37520, 8434, 68841, 16440, 104666, 10541, 71587, 72045, 64484, 15386]"
116327,"[12229, 96706, 86165, 35129, 10514, 97608, 50340, 69553, 62781, 23469]"
116328,"[29263, 21055, 76904, 87177, 93603, 15633, 67844, 9950, 68164, 3501]"
116329,"[25218, 69445, 106159, 71429, 20625, 97967, 85958, 51738, 60003, 27053]"
116330,"[27572, 63304, 93342, 45884, 66807, 34345, 17990, 95772, 82381, 49801]"
116331,"[21624, 107409, 66466, 75457, 59456, 45445, 54928, 86600, 1280, 68291]"
116332,"[57934, 38105, 104376, 46214, 798, 24169, 37442, 28385, 52887, 26601]"
116333,"[17313, 68534, 108042, 3399, 106487, 72524, 109712, 49378, 41282, 100758]"
116334,"[31068, 81436, 28365, 24498, 42078, 105301, 82056, 77876, 81580, 7829]"
116335,"[25255, 99247, 81320, 91048, 93432, 32981, 97502, 101131, 30576, 39348]"
116336,"[74366, 91982, 71904, 101356, 51823, 14718, 22980, 34080, 80524, 86438]"
116337,"[57042, 37169, 19637, 74957, 81091, 93034, 54978, 101674, 59033, 52894]"
116338,"[43680, 57792, 84909, 86375, 98473, 43620, 99344, 77765, 90899, 58914]"
116339,"[36737, 7859, 7401, 81858, 73769, 55301, 106929, 33639, 88818, 33965]"
116340,"[36997, 11592, 98938, 67504, 61894, 79382, 33829, 74322, 32796, 63609]"
116341,"[50398, 89095, 22789, 4534, 98808, 61819, 70219, 72724, 14422, 72667]"
116342,"[28119, 87049, 68669, 79364, 7585, 67738, 19355, 16003, 83009, 44801]"
116343,"[5205, 27875, 1026, 52571, 102532, 53453, 109365, 47341, 96106, 39065]"
116344,"[61471, 73175, 43103, 44583, 102747, 94850, 10243, 15649, 73450, 5248]"
116345,"[65847, 73837, 67115, 22825, 418, 60837, 47493, 107912, 51801, 79425]"
116346,"[57528, 41275, 23602, 26457, 79157, 72590, 70471, 33713, 38030, 38686]"
116347,"[66465, 39697, 37026, 68698, 85257, 39239, 101537, 91361, 5047, 38035]"
116348,"[22854, 105987, 12097, 34495, 8180, 44870, 37023, 42151, 52842, 34145]"
116349,"[9558, 37492, 103308, 64875, 25922, 16571, 16174, 22071, 23489, 9811]"
116350,"[42123, 46040, 61129, 77160, 93558, 28386, 16137, 45174, 105139, 32528]"
116351,"[105845, 79831, 13015, 16340, 49692, 72717, 5350, 70156, 87830, 31432]"
116352,"[91831, 65561, 37339, 55287, 21829, 98275, 81299, 97654, 100949, 102519]"
116353,"[97756, 106058, 83546, 16215, 12342, 48146, 59335, 107207, 33156, 76707]"
116354,"[56597, 64410, 78500, 37920, 94368, 97231, 1668, 88010, 33078, 37774]"
116355,"[61013, 57044, 102706, 30527, 77204, 41447, 5526, 51148, 26845, 24335]"
116356,"[46209, 85442, 51581, 67840, 99117, 104876, 89626, 108564, 42981, 19849]"
116357,"[64526, 22875, 44016, 43603, 73852, 69391, 60067, 107333, 85779, 91191]"
116358,"[20501, 48957, 18737, 100637, 6462, 70689, 3708, 2999, 93711, 66491]"
116359,"[52125, 49842, 2898, 76126, 93266, 92654, 49580, 61574, 9911, 1234]"
116360,"[86489, 52975, 19463, 15202, 79691, 49105, 13373, 545, 33836, 713]"
116361,"[104967, 45885, 58572, 11321, 17767, 100542, 33957, 30242, 73471, 68455]"
116362,"[36976, 42561, 5214, 109317, 70567, 14137, 85222, 38448, 1099, 89649]"
116363,"[102478, 88313, 109156, 30113, 26606, 22990, 98837, 106233, 74339, 63011]"
116364,"[106481, 49645, 27166, 51534, 93556, 15512, 74613, 90429, 26536, 104583]"
116365,"[50012, 28917, 67287, 87757, 3077, 735, 78633, 82681, 101052, 57807]"
116366,"[72033, 2080, 64494, 67059, 3919, 11031, 83790, 35202, 25664, 39889]"
116367,"[57299, 50043, 44822, 4344, 52679, 27224, 36657, 33562, 59423, 72223]"
116368,"[26510, 86627, 82853, 11985, 29083, 79639, 76445, 38263, 105524, 3469]"
116369,"[89712, 7427, 28418, 81592, 19914, 89465, 103580, 23530, 103823, 19279]"
116370,"[92964, 29972, 104055, 54997, 16561, 39982, 58802, 86282, 74152, 100250]"
116371,"[82741, 32606, 102164, 81445, 47828, 49418, 9302, 37662, 86554, 10879]"
116372,"[16922, 38390, 18090, 14014, 52148, 49003, 98767, 25287, 38644, 20942]"
116373,"[17127, 46763, 27894, 14479, 59838, 20275, 320, 91996, 43671, 107065]"
116374,"[57809, 26685, 58881, 63742, 55207, 109174, 88910, 83555, 42555, 73373]"
116375,"[89455, 34060, 60733, 75128, 32704, 23758, 22660, 70119, 61409, 66150]"
116376,"[15960, 97806, 12330, 16614, 36052, 89687, 55209, 92840, 86662, 14536]"
116377,"[88708, 10475, 23021, 61562, 83575, 37490, 15028, 59658, 82982, 51124]"
116378,"[56762, 83473, 11529, 103782, 92678, 61778, 85140, 24058, 40284, 92811]"
116379,"[24080, 55033, 102796, 41130, 33075, 26601, 60526, 6960, 38105, 16101]"
116380,"[42127, 23674, 32379, 41923, 102821, 20585, 22561, 52054, 4340, 54548]"
116381,"[108330, 62857, 37404, 98893, 76703, 47118, 96454, 64363, 77039, 95082]"
116382,"[47799, 61658, 98560, 105216, 70555, 51839, 62026, 9944, 66489, 4497]"
116383,"[9494, 4100, 8546, 92875, 41960, 6340, 31077, 93966, 107601, 38653]"
116384,"[68934, 41411, 8122, 96574, 16668, 65131, 90683, 87708, 58799, 77556]"
116385,"[13822, 44813, 5417, 101221, 101529, 28319, 92107, 64558, 7962, 104825]"
116386,"[61219, 95839, 71919, 3925, 64996, 14922, 59939, 92258, 27535, 75395]"
116387,"[38606, 29992, 48371, 60651, 105482, 61783, 99238, 81585, 7015, 76195]"
116388,"[95734, 11407, 92001, 24818, 106217, 34987, 25041, 55712, 59777, 60458]"
116389,"[90264, 16717, 26270, 71096, 7923, 2358, 15005, 75277, 19122, 55641]"
116390,"[65399, 70887, 26860, 61418, 42839, 707, 20025, 104777, 96518, 99762]"
116391,"[17956, 103700, 65430, 71543, 105395, 95568, 46342, 36973, 53336, 62696]"
116392,"[95033, 64301, 43977, 51401, 83639, 67371, 16284, 77967, 29945, 64391]"
116393,"[102683, 4570, 1829, 9886, 34887, 61337, 26288, 66256, 58481, 21398]"
116394,"[94890, 99908, 29053, 55688, 37536, 65309, 64521, 54528, 22064, 84493]"
116395,"[96514, 7014, 2504, 97484, 88498, 13166, 31807, 8547, 12117, 104573]"
116396,"[6963, 61975, 64392, 28214, 23510, 2867, 42736, 108248, 93669, 83717]"
116397,"[25884, 84802, 80653, 54140, 9328, 65844, 31723, 81075, 39166, 27834]"
116398,"[9099, 38719, 17172, 15890, 95572, 92207, 67774, 39328, 95644, 102715]"
116399,"[74698, 99608, 44834, 103639, 78438, 63965, 20777, 45997, 89060, 94879]"
116400,"[75066, 75945, 18781, 76111, 20855, 97298, 64855, 87539, 26048, 38010]"
116401,"[91116, 103622, 3428, 76599, 60441, 10773, 84271, 69731, 6392, 77920]"
116402,"[22300, 102326, 16237, 93168, 29281, 103111, 41062, 57396, 59495, 95727]"
116403,"[43198, 8881, 56186, 26336, 92960, 86101, 44825, 62313, 90220, 3599]"
116404,"[72046, 101454, 44510, 55719, 58335, 59973, 106926, 3556, 50653, 77780]"
116405,"[14359, 60203, 59550, 91433, 78729, 51645, 93910, 70033, 17556, 30520]"
116406,"[11541, 105873, 104759, 70901, 107262, 8294, 36275, 93806, 6069, 68751]"
116407,"[82181, 9369, 3042, 52280, 24520, 61091, 59013, 15056, 56479, 18358]"
116408,"[16196, 59867, 31326, 47152, 34527, 103294, 34741, 99393, 34118, 24833]"
116409,"[34725, 59845, 101078, 108791, 72516, 66991, 31483, 57072, 80169, 17142]"
116410,"[39247, 39354, 84856, 13111, 66508, 96931, 12950, 58328, 7129, 9859]"
116411,"[18339, 37637, 36564, 98687, 4901, 34526, 51120, 60134, 84319, 36022]"
116412,"[35936, 23239, 92343, 102367, 39115, 55231, 49643, 53095, 80065, 55217]"
116413,"[43842, 49090, 87964, 96204, 91117, 108280, 49437, 26546, 78028, 76340]"
116414,"[52288, 38101, 19579, 105664, 92219, 86861, 23494, 80087, 37082, 680]"
116415,"[66074, 98802, 2405, 94373, 12821, 54131, 84822, 30626, 82431, 66742]"
116416,"[90558, 103999, 37521, 25666, 96827, 37148, 53725, 67567, 60216, 18068]"
116417,"[103975, 108755, 24771, 28318, 11930, 16629, 99178, 67684, 28791, 24277]"
116418,"[6462, 81626, 104208, 6704, 28443, 96592, 77808, 18751, 28100, 86519]"
116419,"[108947, 25888, 71566, 100147, 79159, 96260, 96393, 51770, 12705, 72799]"
116420,"[67688, 68095, 105852, 54558, 96320, 40338, 88483, 28746, 100862, 68863]"
116421,"[94043, 72903, 5630, 27121, 27297, 67219, 91491, 45959, 12322, 21360]"
116422,"[79480, 29019, 54371, 104419, 22255, 38075, 87676, 57301, 22712, 89123]"
116423,"[44677, 71043, 101863, 55867, 101281, 87535, 92941, 84278, 22923, 46370]"
116424,"[56303, 105864, 108541, 17843, 59415, 54396, 95933, 9021, 13264, 7863]"
116425,"[102204, 4933, 55780, 109203, 14087, 38557, 5667, 39920, 65459, 105972]"
116426,"[29553, 61145, 47000, 80340, 100224, 88149, 45073, 47617, 23532, 45983]"
116427,"[106137, 31136, 49172, 84408, 84671, 69410, 72561, 82552, 11264, 85056]"
116428,"[29034, 28860, 51632, 7756, 29614, 92232, 52168, 75529, 71977, 100125]"
116429,"[109244, 68734, 69427, 1479, 62114, 16595, 5257, 80817, 84224, 45278]"
116430,"[9798, 12461, 69012, 14387, 4801, 53060, 14320, 33009, 57673, 4885]"
116431,"[8017, 72086, 82000, 69652, 18390, 77721, 21197, 46972, 108193, 98444]"
116432,"[69800, 78286, 58885, 108777, 21936, 84262, 101730, 86679, 70600, 3994]"
116433,"[9799, 53492, 104681, 98608, 92210, 27328, 99546, 107523, 41547, 63476]"
116434,"[75622, 50182, 13164, 96388, 35740, 99081, 73159, 94749, 42489, 7691]"
116435,"[44018, 66889, 25386, 94537, 28494, 30215, 31903, 24303, 47808, 92689]"
116436,"[4787, 34143, 72680, 53273, 49769, 19568, 34133, 22138, 75177, 35760]"
116437,"[69963, 28145, 101955, 37402, 72426, 84615, 30221, 84364, 94191, 108631]"
116438,"[102559, 6119, 61606, 25961, 85501, 80146, 99249, 36956, 20445, 24536]"
116439,"[41329, 14938, 22260, 13249, 104179, 9002, 17762, 87454, 98859, 31128]"
116440,"[92174, 69375, 35492, 100974, 90457, 75103, 90529, 60496, 85899, 71705]"
116441,"[42967, 85830, 81863, 65623, 34343, 109041, 92413, 69806, 105653, 54391]"
116442,"[52259, 26496, 45452, 11515, 20376, 86915, 107435, 108203, 2316, 52366]"
116443,"[20037, 69496, 31791, 11481, 89649, 104702, 96785, 67088, 13147, 102567]"
116444,"[65876, 52307, 61059, 60119, 11521, 18372, 73892, 81555, 79468, 106575]"
116445,"[88456, 65598, 37772, 21457, 10343, 5758, 92905, 58287, 89639, 30362]"
116446,"[22124, 24322, 11822, 35068, 2374, 84979, 51614, 47931, 65972, 16094]"
116447,"[54817, 96139, 30552, 27345, 1694, 75038, 93316, 13547, 27382, 85377]"
116448,"[63186, 15668, 36082, 66764, 37427, 103607, 34450, 63612, 41084, 44393]"
116449,"[43191, 6862, 95296, 102038, 64379, 95185, 98407, 87772, 109487, 81657]"
116450,"[83286, 79363, 53766, 55176, 89802, 32823, 61278, 95738, 87669, 88832]"
116451,"[92073, 61726, 7248, 36381, 33334, 7954, 42005, 27760, 13179, 18507]"
116452,"[48252, 89168, 82413, 107198, 99517, 72956, 12323, 95843, 102579, 47999]"
116453,"[108305, 46742, 72773, 47776, 81778, 25067, 2939, 65912, 22365, 37471]"
116454,"[50971, 58662, 37674, 13937, 11281, 89738, 91554, 93750, 85133, 26509]"
116455,"[21322, 67636, 97453, 80098, 88769, 4111, 88029, 77754, 83225, 76946]"
116456,"[95352, 28042, 24150, 2640, 48458, 75176, 31527, 63585, 107197, 97373]"
116457,"[42747, 28826, 8533, 23980, 103131, 85042, 75898, 41116, 67322, 26302]"
116458,"[62828, 53765, 61634, 8155, 48155, 13102, 15678, 33849, 93808, 87438]"
116459,"[53766, 8204, 30555, 19014, 71563, 7838, 39029, 101753, 27887, 41017]"
116460,"[57093, 63151, 19867, 8864, 73146, 65112, 47184, 56031, 99598, 95104]"
116461,"[82578, 3717, 93443, 11117, 13731, 67780, 94205, 17403, 106367, 5357]"
116462,"[73589, 95536, 102368, 30095, 26231, 104286, 57980, 84718, 9563, 66736]"
116463,"[74374, 53714, 75999, 84931, 23302, 18329, 100162, 51562, 23327, 12176]"
116464,"[40998, 64117, 26437, 19076, 26591, 34869, 21218, 38719, 1474, 63609]"
116465,"[29713, 74411, 42312, 107765, 58698, 105030, 91375, 8806, 59068, 27398]"
116466,"[28795, 92927, 92566, 67892, 23009, 100308, 71142, 92336, 55042, 68744]"
116467,"[93289, 75848, 43295, 5982, 15742, 84448, 78817, 78115, 15407, 41116]"
116468,"[71172, 74858, 8356, 73405, 76265, 71664, 54534, 84116, 40542, 65737]"
116469,"[82985, 14340, 68736, 103459, 75443, 88610, 93369, 69915, 83493, 19006]"
116470,"[100445, 21187, 58865, 102658, 77280, 80996, 19491, 72081, 42200, 20010]"
116471,"[22459, 35609, 53703, 34443, 82387, 12608, 91589, 6054, 20766, 67182]"
116472,"[60428, 55676, 52709, 101747, 40416, 52116, 66022, 42051, 76573, 90814]"
116473,"[59922, 50270, 5080, 17843, 59415, 36829, 92841, 56303, 32149, 90960]"
116474,"[96262, 101544, 100438, 42586, 102420, 66144, 97758, 10326, 68388, 6081]"
116475,"[9198, 51836, 26662, 96548, 70958, 98611, 89121, 21109, 62782, 59538]"
116476,"[33449, 43366, 36378, 101613, 66145, 81217, 98750, 16192, 104151, 14660]"
116477,"[6911, 63726, 64960, 3446, 64397, 72791, 7680, 53065, 2792, 31975]"
116478,"[104849, 59971, 48468, 45168, 48307, 70371, 57640, 12076, 26712, 70619]"
116479,"[84703, 40672, 6989, 22135, 42379, 2146, 92726, 52431, 18893, 30147]"
116480,"[56337, 77958, 38678, 89944, 74506, 103781, 32617, 66151, 77138, 20871]"
116481,"[79671, 64137, 14346, 48021, 73578, 80232, 4761, 48869, 88182, 53591]"
116482,"[102265, 78566, 11547, 21347, 68514, 43540, 19509, 12789, 27037, 20909]"
116483,"[44644, 62438, 84547, 58022, 9055, 92931, 44285, 108464, 90175, 26129]"
116484,"[91736, 90314, 65429, 16762, 26344, 93312, 59319, 14682, 82209, 77877]"
116485,"[93131, 72276, 55895, 13379, 22860, 2830, 31284, 64375, 3086, 41869]"
116486,"[17459, 29910, 109534, 105533, 35007, 77329, 61614, 100648, 13859, 51083]"
116487,"[97038, 77012, 22211, 18975, 31295, 47232, 14357, 3917, 7603, 72750]"
116488,"[82744, 77940, 99657, 78146, 92278, 88837, 15697, 75782, 24092, 82968]"
116489,"[5324, 19521, 2065, 93174, 75399, 6210, 80694, 29816, 90376, 42199]"
116490,"[40358, 671, 59904, 106848, 89818, 96719, 95387, 27412, 67918, 63121]"
116491,"[74821, 46420, 9130, 46133, 65159, 50144, 57193, 9270, 51421, 71313]"
116492,"[69818, 80578, 97371, 21393, 43462, 93573, 67480, 107592, 70881, 24898]"
116493,"[31269, 25916, 51501, 15119, 107473, 69691, 50294, 52893, 4291, 20253]"
116494,"[75154, 81179, 26902, 66818, 26370, 65753, 3877, 68424, 10586, 26698]"
116495,"[13282, 7172, 48332, 32860, 16288, 21245, 58242, 40730, 85066, 24464]"
116496,"[47526, 14352, 50754, 20341, 26100, 30999, 87334, 7968, 27743, 11730]"
116497,"[52440, 8875, 108845, 3670, 32099, 83837, 20598, 66278, 37315, 59896]"
116498,"[77554, 41670, 66440, 13400, 94279, 16662, 18348, 69501, 15861, 84838]"
116499,"[67131, 86906, 33180, 39200, 2582, 69914, 70547, 4813, 7953, 103783]"
116500,"[49562, 72092, 45007, 77917, 99447, 63606, 21139, 55375, 47117, 52675]"
116501,"[64386, 90571, 30476, 31776, 10636, 63362, 6732, 66061, 101633, 5243]"
116502,"[20294, 46956, 28411, 89659, 28936, 2429, 4836, 80756, 14472, 99354]"
116503,"[95162, 21436, 61203, 25246, 80707, 4940, 12163, 6694, 106707, 13210]"
116504,"[23157, 6895, 61300, 108545, 62494, 103838, 17700, 4169, 30425, 3540]"
116505,"[31672, 75186, 63461, 83793, 46501, 107141, 92304, 76647, 62056, 49416]"
116506,"[96802, 11691, 70603, 3363, 69162, 32600, 36577, 89660, 48766, 57340]"
116507,"[39519, 43324, 34140, 63484, 43258, 97860, 78690, 97228, 32486, 102118]"
116508,"[48203, 62469, 40598, 102587, 85429, 73854, 19566, 106502, 65678, 79872]"
116509,"[99785, 61535, 23820, 79056, 60538, 11059, 49366, 57693, 59597, 22731]"
116510,"[63240, 36644, 66190, 18346, 67201, 83380, 93142, 11962, 86905, 37502]"
116511,"[54629, 44591, 35682, 61003, 84659, 79087, 64390, 84542, 83377, 83195]"
116512,"[88256, 96026, 69605, 79767, 1722, 4952, 104343, 23514, 26752, 72592]"
116513,"[63990, 69756, 33140, 5524, 92683, 88265, 71494, 38366, 11342, 27166]"
116514,"[4189, 70510, 25993, 66318, 35409, 106820, 76166, 3300, 58316, 5578]"
116515,"[84276, 76668, 57092, 63696, 70812, 27367, 77835, 77196, 28078, 51285]"
116516,"[58196, 5324, 2065, 18328, 40295, 64905, 8830, 90376, 67372, 11139]"
116517,"[12732, 48399, 60305, 106392, 60072, 84531, 107909, 92577, 70192, 95276]"
116518,"[97130, 64874, 108298, 10627, 23492, 104330, 108944, 97442, 2310, 45330]"
116519,"[15367, 3725, 79121, 88215, 32002, 57545, 27261, 83174, 11183, 45569]"
116520,"[59536, 17530, 102104, 75929, 39349, 97006, 78972, 39196, 42462, 39879]"
116521,"[49439, 47032, 23395, 27663, 31555, 61394, 82915, 18064, 106353, 55030]"
116522,"[44730, 86908, 35292, 97626, 75073, 12063, 105656, 30030, 68568, 5180]"
116523,"[214, 84461, 93250, 107739, 34314, 102245, 4103, 97173, 89589, 61381]"
116524,"[47787, 45912, 53990, 24384, 84207, 105, 62031, 30238, 38764, 95014]"
116525,"[64488, 39447, 100951, 67757, 72344, 66113, 95963, 77562, 2454, 18355]"
116526,"[61894, 95572, 108021, 16839, 79382, 77627, 102715, 32796, 497, 2987]"
116527,"[72577, 42089, 62860, 90228, 26050, 27955, 41718, 56366, 70459, 46333]"
116528,"[19318, 2771, 101736, 42985, 100537, 71583, 33289, 63573, 27033, 77241]"
116529,"[41125, 105482, 7015, 109095, 34223, 70502, 39137, 16591, 55112, 103426]"
116530,"[72906, 62587, 31830, 64322, 56248, 70690, 67645, 66337, 102103, 106001]"
116531,"[65132, 65089, 99134, 37068, 64368, 101543, 10100, 101101, 79509, 71901]"
116532,"[87937, 77731, 60960, 62592, 85816, 8563, 3123, 100374, 93999, 84785]"
116533,"[10594, 82744, 82567, 6438, 18749, 58264, 64921, 74548, 59369, 82968]"
116534,"[95347, 53295, 92487, 77154, 39623, 17613, 26042, 44768, 104267, 78098]"
116535,"[29183, 4599, 108736, 13031, 65603, 43231, 34476, 94558, 92664, 39295]"
116536,"[42109, 44030, 71431, 98444, 64235, 84950, 4156, 33387, 103202, 41596]"
116537,"[18777, 72862, 47471, 59815, 71364, 46741, 16090, 93291, 74157, 71924]"
116538,"[93248, 5169, 21435, 52620, 33089, 50879, 94699, 19766, 42163, 43667]"
116539,"[107259, 95892, 87667, 79844, 46936, 102007, 84431, 89760, 23286, 40442]"
116540,"[83029, 53202, 39380, 54300, 78677, 78470, 17232, 15079, 29567, 49717]"
116541,"[37691, 35122, 8858, 79847, 60, 60613, 71807, 22605, 79555, 108685]"
116542,"[32091, 45731, 74153, 14399, 73802, 40150, 29177, 64040, 13709, 41901]"
116543,"[3163, 43430, 57304, 7791, 106280, 19890, 84027, 49342, 75444, 10346]"
116544,"[87121, 64680, 6546, 57371, 81977, 81073, 100683, 44633, 59723, 97438]"
116545,"[104037, 50531, 67586, 45854, 64444, 36167, 76910, 69264, 79315, 66260]"
116546,"[33990, 16112, 3996, 58660, 81033, 95318, 44364, 22476, 61937, 88848]"
116547,"[59716, 78847, 31559, 51939, 92723, 107611, 83662, 94692, 20985, 68895]"
116548,"[32350, 36795, 44037, 53777, 84873, 6272, 54787, 63325, 53182, 54342]"
116549,"[23188, 24859, 13705, 103903, 42919, 83781, 61925, 36785, 86811, 44145]"
116550,"[17033, 34166, 24903, 75859, 2300, 52828, 72484, 90496, 39344, 91570]"
116551,"[36036, 50458, 105919, 65018, 33624, 79034, 69478, 8827, 3400, 74810]"
116552,"[16536, 79458, 15496, 99465, 99763, 71467, 94929, 105639, 72814, 22484]"
116553,"[98886, 7390, 50128, 103969, 63231, 14897, 95215, 50012, 70865, 10838]"
116554,"[42204, 16092, 35567, 93313, 32340, 89562, 107773, 43449, 72772, 93578]"
116555,"[61542, 55652, 7924, 75957, 13966, 69287, 2185, 27898, 11222, 86456]"
116556,"[106528, 42738, 100201, 54073, 21573, 92532, 59485, 97689, 98744, 59240]"
116557,"[25521, 6436, 49916, 58502, 57672, 15228, 19743, 58389, 45143, 63488]"
116558,"[38508, 39875, 64576, 57360, 78157, 65108, 16234, 20259, 48493, 2961]"
116559,"[16067, 19880, 97634, 106271, 65106, 65024, 13370, 57704, 39252, 1912]"
116560,"[45590, 106245, 58552, 80440, 67877, 45314, 14130, 29450, 96111, 15565]"
116561,"[2100, 102703, 104685, 95905, 85930, 87361, 3467, 100190, 20566, 98563]"
116562,"[103006, 27559, 40063, 64372, 8929, 14370, 18825, 26944, 76068, 79223]"
116563,"[65096, 93978, 44521, 19258, 38593, 873, 67938, 98770, 62227, 2811]"
116564,"[26809, 103007, 71215, 25179, 12933, 56499, 6486, 90307, 43288, 93766]"
116565,"[109389, 22089, 3384, 41911, 102787, 84501, 78626, 45307, 101019, 20612]"
116566,"[106908, 37198, 4913, 12878, 28019, 78938, 6562, 96567, 2760, 73956]"
116567,"[29272, 32523, 109681, 59691, 50738, 11846, 73005, 11369, 94615, 45359]"
116568,"[44152, 106521, 5483, 44163, 5381, 72077, 99167, 18883, 43921, 36444]"
116569,"[39424, 37500, 8502, 14775, 95919, 4200, 32284, 44858, 85717, 33017]"
116570,"[97357, 108584, 9320, 63183, 99462, 10652, 42605, 54577, 18541, 101806]"
116571,"[105706, 8670, 95852, 47415, 65535, 96229, 59174, 96675, 65521, 24232]"
116572,"[12987, 70046, 109469, 90512, 58750, 48510, 59858, 23023, 18915, 57103]"
116573,"[3812, 31399, 35558, 62088, 43893, 40876, 24561, 14202, 98354, 57386]"
116574,"[2876, 25891, 94583, 99496, 27198, 50235, 58755, 64515, 18058, 63750]"
116575,"[49488, 71558, 107049, 59921, 27280, 45582, 32810, 23661, 23863, 78538]"
116576,"[29107, 102934, 12868, 31174, 59910, 66907, 56423, 55994, 47560, 91221]"
116577,"[28597, 20504, 83074, 40432, 14543, 46512, 40943, 17411, 74880, 6865]"
116578,"[18202, 92526, 45083, 10368, 59733, 7991, 1533, 50068, 39232, 91699]"
116579,"[39343, 42581, 28314, 63526, 77003, 59616, 33498, 75995, 83044, 91460]"
116580,"[60499, 52240, 56368, 77802, 35195, 25274, 60798, 13638, 102758, 100584]"
116581,"[103581, 60557, 103200, 36124, 105507, 44097, 92804, 91529, 3248, 9894]"
116582,"[71919, 95839, 61219, 27535, 82968, 42919, 103903, 51495, 93247, 6818]"
116583,"[95670, 21159, 73805, 109668, 11000, 53971, 79746, 47512, 32738, 87746]"
116584,"[21187, 10434, 56269, 69123, 67913, 33705, 102658, 93104, 20255, 96352]"
116585,"[71879, 15262, 54628, 62324, 8837, 36457, 82238, 94224, 1755, 95763]"
116586,"[54292, 97374, 6625, 1548, 58000, 55720, 98055, 37604, 79124, 12407]"
116587,"[62387, 68580, 14784, 92252, 86367, 42438, 36086, 27847, 69549, 84080]"
116588,"[4057, 13163, 31329, 85108, 89890, 45302, 13339, 39257, 63335, 65149]"
116589,"[62460, 4235, 18636, 46645, 76209, 20065, 83911, 5864, 105409, 9238]"
116590,"[74556, 85318, 15624, 90832, 30638, 31183, 6459, 70441, 87166, 60731]"
116591,"[34573, 55997, 84182, 82924, 14333, 12077, 44580, 91859, 36089, 19206]"
116592,"[94428, 4984, 84147, 105704, 73475, 15683, 105397, 85730, 105885, 88568]"
116593,"[30882, 51573, 19133, 45901, 52941, 105054, 95504, 74632, 62475, 101425]"
116594,"[839, 46329, 95997, 33687, 81726, 41158, 90673, 20338, 94381, 37667]"
116595,"[36426, 85323, 30216, 92509, 10470, 95881, 97206, 104065, 46588, 17022]"
116596,"[63562, 48953, 108906, 36706, 99237, 81364, 31994, 79235, 88631, 95882]"
116597,"[25855, 64685, 76288, 109543, 19792, 108085, 23552, 51558, 55146, 45282]"
116598,"[31824, 40656, 93370, 78431, 17693, 70052, 71798, 98982, 102489, 62075]"
116599,"[68387, 78168, 102424, 21485, 81982, 21964, 94926, 84715, 58629, 86833]"
116600,"[26255, 102008, 92634, 14644, 80811, 82127, 85806, 49747, 61818, 57603]"
116601,"[28680, 64178, 16701, 63622, 64968, 10569, 46127, 51321, 47470, 93147]"
116602,"[72814, 50719, 108647, 44757, 41594, 16536, 79818, 100582, 37876, 41593]"
116603,"[6333, 29103, 97655, 103437, 52138, 35634, 66412, 30751, 90151, 90985]"
116604,"[74595, 43173, 92171, 88675, 76260, 101990, 58786, 5736, 40675, 63610]"
116605,"[19268, 65704, 105512, 13162, 105142, 68846, 4166, 102408, 85937, 62275]"
116606,"[95710, 42159, 31102, 31788, 31919, 23974, 66976, 21832, 4172, 82484]"
116607,"[52366, 59629, 59475, 30902, 26496, 16299, 36166, 56942, 40141, 47081]"
116608,"[29891, 102211, 103642, 65933, 37673, 64852, 21018, 102688, 21657, 68192]"
116609,"[45600, 88611, 85548, 22264, 8588, 95579, 102108, 50269, 14288, 21700]"
116610,"[106721, 23554, 39133, 29550, 76523, 32836, 43414, 73041, 52772, 35874]"
116611,"[47878, 32684, 109037, 18159, 9660, 85878, 80387, 59144, 39257, 11266]"
116612,"[103969, 7390, 63231, 93795, 40673, 42496, 38476, 78633, 41782, 10838]"
116613,"[80352, 107583, 46137, 39237, 7180, 51566, 2022, 9468, 46824, 106801]"
116614,"[24841, 45678, 101540, 82156, 26394, 5401, 108616, 7821, 20580, 82949]"
116615,"[62639, 16225, 107285, 100247, 34617, 19462, 61277, 103328, 78169, 64018]"
116616,"[78455, 65689, 57182, 74098, 17049, 19261, 46904, 70613, 51206, 38439]"
116617,"[105608, 5622, 67028, 63137, 2518, 83239, 108102, 26473, 37098, 48479]"
116618,"[86423, 104464, 6108, 104117, 55204, 37587, 106181, 34873, 102773, 84533]"
116619,"[6023, 3762, 18313, 40989, 91678, 107965, 106363, 108429, 41185, 105669]"
116620,"[55992, 51375, 11667, 44785, 73650, 74437, 5797, 47157, 31655, 49812]"
116621,"[77169, 98219, 8710, 107484, 30945, 23002, 20765, 34163, 40616, 68272]"
116622,"[107818, 18588, 70426, 64925, 63272, 8769, 104781, 98720, 61980, 55036]"
116623,"[12811, 50947, 40412, 93994, 103519, 57762, 25389, 88278, 8493, 38718]"
116624,"[30045, 14842, 106615, 34197, 80560, 37528, 7422, 26399, 100948, 7130]"
116625,"[86218, 74152, 716, 16561, 63111, 93227, 79025, 75809, 1949, 65031]"
116626,"[70344, 13589, 98874, 11203, 7645, 40050, 46703, 62897, 32582, 10365]"
116627,"[46502, 48588, 101973, 68210, 5118, 104591, 107574, 16434, 68200, 13520]"
116628,"[32334, 2724, 35050, 99721, 56357, 73165, 63459, 8987, 13484, 6471]"
116629,"[85384, 59104, 12173, 52791, 33194, 56199, 29229, 78245, 84924, 91644]"
116630,"[54692, 88517, 49490, 102269, 90697, 1095, 6571, 11898, 75553, 19811]"
116631,"[1398, 88318, 96943, 34747, 85030, 50865, 48923, 1828, 84679, 27439]"
116632,"[66623, 41003, 90090, 99718, 63110, 27816, 78067, 36846, 35308, 51436]"
116633,"[22328, 26162, 78374, 31650, 35308, 78067, 75633, 35998, 108324, 9094]"
116634,"[87854, 57642, 23683, 78449, 25309, 108767, 15605, 14324, 11411, 70727]"
116635,"[70658, 93255, 64241, 13847, 80312, 70167, 64399, 36356, 24269, 105425]"
116636,"[13228, 47392, 57426, 97318, 84204, 86823, 48695, 67400, 89436, 60582]"
116637,"[24326, 91969, 44450, 109647, 52013, 55703, 26261, 101563, 80754, 16289]"
116638,"[19517, 11188, 108402, 3871, 21387, 33584, 48790, 14109, 97838, 66181]"
116639,"[103341, 34013, 93869, 52483, 89174, 36496, 15964, 107718, 34050, 50774]"
116640,"[103534, 38908, 13297, 23403, 51776, 106171, 5676, 9177, 35266, 44208]"
116641,"[49408, 28869, 9300, 69854, 27109, 63207, 19473, 87153, 65519, 9024]"
116642,"[89914, 91822, 37229, 93959, 39970, 104674, 8270, 93256, 13634, 94455]"
116643,"[51535, 31092, 54965, 100377, 106567, 54033, 39705, 37021, 97921, 43594]"
116644,"[14093, 22784, 97807, 5181, 47776, 52264, 11783, 80826, 88120, 101057]"
116645,"[65113, 52719, 16871, 7398, 55539, 2214, 89813, 100394, 101895, 47437]"
116646,"[109368, 86554, 108520, 61629, 26393, 57398, 17927, 87777, 106088, 109482]"
116647,"[7678, 62764, 50359, 38055, 65323, 52061, 33838, 96558, 25544, 90973]"
116648,"[44845, 783, 79630, 96572, 40888, 101640, 94677, 57743, 39838, 12307]"
116649,"[43513, 23325, 96387, 95594, 9857, 100713, 3086, 94361, 76259, 60382]"
116650,"[45684, 72332, 30493, 60510, 17181, 106556, 15442, 70286, 89958, 93926]"
116651,"[65245, 54669, 63109, 93226, 33354, 76312, 11543, 61274, 83785, 14172]"
116652,"[72907, 51337, 24225, 41087, 9633, 59513, 48018, 106302, 39945, 10093]"
116653,"[70940, 13878, 22937, 90916, 8013, 11344, 91161, 31060, 83975, 93638]"
116654,"[102176, 63617, 84155, 30825, 73129, 70754, 63167, 54244, 73570, 5497]"
116655,"[52950, 17500, 41409, 87531, 96983, 90686, 44618, 23836, 57411, 39178]"
116656,"[104919, 67480, 84111, 65155, 91576, 66767, 70617, 6931, 24426, 83721]"
116657,"[59414, 71428, 38265, 25490, 102766, 8977, 37115, 57729, 16944, 21428]"
116658,"[29995, 105340, 78863, 75559, 52556, 72357, 60495, 65911, 95541, 61350]"
116659,"[86285, 23657, 59725, 84869, 39816, 91099, 26574, 80116, 109087, 32259]"
116660,"[27663, 65606, 34402, 7452, 55030, 75777, 67434, 18037, 45898, 41178]"
116661,"[31664, 85905, 51099, 3697, 428, 13290, 26541, 61728, 7187, 4718]"
116662,"[101382, 3205, 2751, 49702, 12197, 108651, 100776, 65750, 81427, 20340]"
116663,"[109026, 51274, 54934, 4628, 45980, 36123, 88855, 44843, 82101, 101828]"
116664,"[91659, 61860, 43803, 45237, 41084, 57008, 20102, 93770, 51005, 42427]"
116665,"[40809, 25980, 13798, 55684, 31193, 99101, 73690, 58368, 63633, 68319]"
116666,"[9190, 31990, 61700, 14122, 51145, 18071, 41128, 36979, 64039, 102830]"
116667,"[96735, 6784, 23839, 96717, 28110, 6779, 2098, 73258, 43811, 48707]"
116668,"[101973, 75998, 107884, 91618, 105959, 11769, 68200, 13520, 48588, 104023]"
116669,"[25759, 30655, 8130, 68537, 78687, 107413, 14543, 69887, 83588, 95697]"
116670,"[26155, 75855, 44544, 16298, 101325, 75510, 25725, 67175, 19408, 6388]"
116671,"[70780, 70159, 72215, 62624, 43855, 23587, 49576, 8524, 62783, 15155]"
116672,"[90802, 82260, 90160, 69060, 21086, 43866, 54651, 86324, 30320, 23535]"
116673,"[66034, 53188, 53298, 76046, 71223, 80978, 107153, 86820, 23998, 83576]"
116674,"[85229, 86645, 16518, 13550, 38519, 67920, 42259, 41582, 89870, 107432]"
116675,"[7736, 100530, 85203, 79427, 97525, 6276, 26042, 96149, 29186, 83911]"
116676,"[105596, 99513, 30698, 40768, 81424, 15482, 29306, 89905, 57249, 72471]"
116677,"[74714, 56953, 64500, 100805, 9649, 19688, 59785, 7673, 35679, 32034]"
116678,"[98984, 68870, 105184, 458, 32773, 104094, 40054, 3051, 21272, 2989]"
116679,"[30661, 61974, 4066, 62907, 56314, 16892, 11747, 34135, 100695, 75113]"
116680,"[101432, 3740, 99424, 40020, 58309, 70704, 37948, 23227, 55840, 16110]"
116681,"[2427, 65198, 101149, 91572, 91545, 68742, 53604, 5710, 38356, 68225]"
116682,"[103678, 67068, 48749, 86014, 50582, 50591, 6235, 105074, 40182, 37163]"
116683,"[33921, 4808, 61811, 43827, 52449, 32839, 30968, 104937, 76972, 70356]"
116684,"[32573, 95305, 7464, 99741, 104729, 95370, 92291, 106420, 37824, 2942]"
116685,"[23290, 92245, 8664, 42892, 73454, 100542, 17449, 41308, 57742, 101867]"
116686,"[1642, 41602, 27509, 3154, 55170, 22188, 20375, 97591, 56024, 34990]"
116687,"[29606, 2207, 92435, 86159, 109152, 17397, 74400, 85156, 106631, 57696]"
116688,"[35797, 16862, 68898, 107925, 25799, 10214, 71610, 6853, 17132, 50668]"
116689,"[70904, 11894, 83930, 73482, 85, 87580, 73436, 56108, 85883, 59968]"
116690,"[72960, 1843, 33346, 81501, 7406, 68141, 109065, 27677, 24126, 84346]"
116691,"[18464, 13082, 89559, 38685, 31396, 85252, 99124, 64908, 66660, 35777]"
116692,"[62608, 92213, 10469, 30793, 106363, 5146, 55535, 58871, 56425, 38303]"
116693,"[105761, 9254, 62863, 92050, 56352, 88511, 87368, 80664, 56529, 86464]"
116694,"[71755, 71942, 88544, 13736, 25151, 108010, 17419, 84557, 104961, 54137]"
116695,"[2376, 56631, 92212, 86683, 5228, 54895, 68005, 66455, 8827, 23960]"
116696,"[76586, 43380, 80645, 34814, 42604, 6620, 94882, 32702, 101494, 106739]"
116697,"[51610, 88212, 50684, 81934, 106607, 51878, 68664, 70208, 36922, 42357]"
116698,"[58200, 5588, 41643, 16233, 64657, 96845, 87284, 35812, 39311, 76958]"
116699,"[18752, 41228, 92935, 14978, 47343, 35299, 24099, 48097, 49409, 55316]"
116700,"[40559, 75799, 38058, 79713, 76566, 83115, 45849, 79130, 85533, 101847]"
116701,"[17630, 76730, 16665, 69432, 20137, 39824, 33427, 39437, 35102, 84465]"
116702,"[23336, 89840, 53928, 45479, 106683, 85816, 84722, 70325, 65128, 29088]"
116703,"[52179, 101143, 78830, 10006, 33801, 26980, 108507, 59197, 40894, 3601]"
116704,"[30240, 68309, 53301, 56543, 50404, 34192, 18317, 98578, 37232, 95720]"
116705,"[807, 81056, 69797, 28189, 15070, 93146, 36810, 31907, 59742, 22858]"
116706,"[56959, 95125, 9408, 69143, 54962, 72321, 32784, 57848, 67183, 25458]"
116707,"[19581, 42133, 11861, 73381, 41573, 80408, 88129, 75688, 76123, 29508]"
116708,"[38871, 59176, 31001, 91882, 72252, 27526, 24518, 69734, 71263, 89064]"
116709,"[1692, 4127, 28678, 108010, 105436, 57949, 18211, 79230, 71755, 1106]"
116710,"[22812, 51192, 69167, 51248, 77098, 102225, 99078, 105956, 50552, 64979]"
116711,"[98420, 3915, 105516, 85266, 57801, 54950, 92712, 91335, 100709, 64244]"
116712,"[49963, 4002, 82062, 81162, 73515, 25746, 90120, 26324, 79331, 44516]"
116713,"[106626, 24256, 104792, 14701, 100887, 9054, 97785, 10799, 1717, 104696]"
116714,"[53795, 20135, 42156, 4941, 109716, 81955, 66645, 18657, 63380, 80840]"
116715,"[36711, 107180, 60455, 16957, 36741, 106794, 28985, 64442, 43736, 32513]"
116716,"[20980, 7412, 79172, 86415, 52795, 47267, 27465, 48764, 56188, 60654]"
116717,"[95104, 106546, 90418, 84764, 57093, 14446, 5387, 40812, 45287, 57094]"
116718,"[95197, 20902, 38498, 64, 46586, 100525, 87151, 40311, 64628, 57632]"
116719,"[54969, 105360, 89833, 12242, 4222, 12478, 107370, 17463, 66314, 108070]"
116720,"[68389, 87855, 80584, 87779, 92364, 50700, 47780, 88054, 42347, 34603]"
116721,"[57124, 64075, 106749, 37312, 89814, 85317, 52645, 28596, 54901, 83147]"
116722,"[67958, 26302, 86201, 41367, 28826, 75898, 85042, 42747, 16005, 84638]"
116723,"[42750, 14748, 85878, 9197, 7518, 31712, 26652, 105281, 88636, 59144]"
116724,"[46287, 57784, 61785, 23866, 15545, 25371, 71051, 26301, 82950, 37793]"
116725,"[60428, 33364, 67464, 33885, 53859, 11136, 48936, 61463, 68961, 1554]"
116726,"[98598, 81418, 70218, 53242, 81729, 6785, 75222, 38666, 2368, 21168]"
116727,"[16292, 13938, 98543, 88965, 49058, 51584, 92912, 86717, 50522, 374]"
116728,"[81231, 71827, 41591, 19426, 17268, 43939, 18481, 95086, 8492, 55456]"
116729,"[92005, 63381, 52427, 80831, 37016, 102644, 72240, 20169, 7417, 95265]"
116730,"[9547, 22079, 15026, 29771, 24979, 83045, 108949, 30817, 88721, 70412]"
116731,"[7074, 4068, 103147, 44171, 100296, 83749, 61036, 102650, 42697, 1658]"
116732,"[45990, 109233, 18686, 98814, 3492, 102073, 40628, 10714, 30098, 21284]"
116733,"[89596, 20822, 10927, 21117, 23221, 37551, 57646, 8488, 2981, 60375]"
116734,"[68996, 84874, 5858, 48613, 63419, 19456, 100735, 31866, 68680, 4126]"
116735,"[98168, 103571, 14072, 91388, 83583, 35409, 88133, 16664, 77903, 12614]"
116736,"[91544, 38541, 41744, 10208, 57513, 71094, 90239, 81463, 26034, 70227]"
116737,"[76166, 4189, 99141, 61799, 63955, 45230, 26579, 35412, 1702, 62388]"
116738,"[70565, 5739, 20815, 86232, 66017, 12019, 84670, 92653, 59448, 79414]"
116739,"[21577, 36871, 94398, 93619, 16532, 42683, 87533, 76888, 90698, 6912]"
116740,"[85047, 11987, 10478, 66255, 73455, 42279, 68940, 52443, 78024, 46532]"
116741,"[3480, 94444, 62167, 63028, 17287, 90777, 21602, 6566, 92612, 85176]"
116742,"[47269, 99037, 28524, 12845, 61452, 101796, 53591, 102175, 68714, 38848]"
116743,"[102388, 22794, 99091, 28749, 69051, 56302, 27209, 12371, 65173, 100799]"
116744,"[61208, 44629, 92768, 83111, 646, 50610, 107198, 52098, 73055, 15490]"
116745,"[48044, 88751, 73622, 72995, 1322, 104373, 38051, 19340, 42884, 22232]"
116746,"[108151, 9234, 1303, 45614, 48372, 65817, 56108, 40599, 48914, 10697]"
116747,"[89066, 13097, 35843, 25927, 13745, 16615, 45342, 102700, 28097, 12047]"
116748,"[90555, 83423, 4552, 53857, 2684, 55074, 68999, 59355, 22882, 53871]"
116749,"[24202, 80909, 100621, 74632, 23409, 8400, 103922, 37365, 84549, 26415]"
116750,"[36908, 34196, 69013, 10821, 57266, 97512, 18122, 103976, 35830, 25801]"
116751,"[2734, 24832, 47673, 4288, 104963, 48106, 49162, 64482, 96090, 31914]"
116752,"[81297, 52733, 103869, 98528, 85722, 31413, 50251, 102897, 39782, 37424]"
116753,"[84143, 89567, 6113, 42949, 86373, 20052, 16695, 28885, 18276, 76018]"
116754,"[59877, 32549, 74310, 44817, 20556, 79412, 48087, 63756, 106531, 80559]"
116755,"[15165, 35654, 61899, 107466, 4721, 35569, 35711, 22983, 33050, 79202]"
116756,"[14424, 60957, 103211, 39979, 24677, 36211, 2781, 89450, 38491, 73858]"
116757,"[62508, 8086, 29681, 79433, 19444, 45294, 37713, 95163, 93438, 33960]"
116758,"[21951, 21739, 5177, 74444, 12688, 55114, 47988, 5432, 38212, 20453]"
116759,"[59592, 98195, 87409, 104323, 88901, 84349, 30691, 26210, 13523, 41953]"
116760,"[63303, 13346, 86477, 101822, 23907, 31004, 53150, 34447, 96297, 49195]"
116761,"[68247, 51128, 92837, 9460, 1003, 38655, 6254, 48742, 43514, 109060]"
116762,"[27516, 54855, 104723, 45908, 109726, 85428, 41153, 10103, 74071, 63774]"
116763,"[40709, 101501, 71842, 45795, 47479, 7622, 80602, 99356, 76518, 67907]"
116764,"[62262, 73751, 19084, 50534, 58270, 108491, 60039, 103679, 9937, 78601]"
116765,"[23988, 64008, 46299, 79890, 70452, 76852, 61268, 59719, 25057, 46355]"
116766,"[6298, 30123, 94290, 35418, 65721, 83245, 9445, 8226, 81273, 16449]"
116767,"[9722, 99423, 12765, 61996, 101821, 67297, 60468, 79341, 105202, 59162]"
116768,"[26961, 35560, 47251, 9677, 95994, 50427, 86405, 73327, 68592, 96619]"
116769,"[50259, 88683, 45355, 95212, 46731, 16087, 13151, 106697, 102714, 47952]"
116770,"[70615, 82054, 55202, 60176, 92925, 76072, 57159, 84941, 26758, 18880]"
116771,"[50643, 38902, 81888, 58433, 6249, 26513, 20, 63944, 79097, 86987]"
116772,"[48707, 105229, 86538, 18945, 107917, 17353, 31737, 23839, 50514, 11224]"
116773,"[47364, 83331, 47403, 38428, 26914, 12755, 32915, 20656, 44065, 25374]"
116774,"[88188, 47750, 24386, 39308, 108310, 27982, 51712, 27408, 90669, 84148]"
116775,"[104870, 6352, 26352, 10876, 66083, 98051, 103402, 55686, 73429, 101387]"
116776,"[41111, 17797, 80103, 1738, 21677, 12965, 53945, 17262, 81896, 56482]"
116777,"[89154, 102200, 57798, 107379, 69414, 38429, 31001, 78223, 10428, 94363]"
116778,"[104084, 54816, 21028, 108005, 98282, 5281, 42060, 12430, 59738, 104019]"
116779,"[68470, 14867, 49218, 37595, 101626, 16152, 84053, 51185, 86855, 105046]"
116780,"[62403, 53818, 61866, 54546, 91526, 96874, 19112, 96003, 53636, 46310]"
116781,"[33120, 103490, 50964, 103262, 49546, 60769, 52817, 804, 9915, 39817]"
116782,"[61996, 26257, 105202, 44039, 99423, 12765, 67109, 60468, 9722, 97362]"
116783,"[473, 107371, 37463, 95412, 23846, 94776, 52100, 105505, 97955, 7150]"
116784,"[96124, 52342, 1994, 29555, 70468, 44100, 93937, 19658, 4195, 67144]"
116785,"[75763, 79029, 73375, 70825, 18926, 68519, 45744, 94489, 27492, 53659]"
116786,"[46891, 39542, 13619, 43325, 95936, 103886, 85829, 3991, 15025, 62838]"
116787,"[84020, 34204, 83140, 93156, 78071, 24416, 38081, 79309, 11487, 84208]"
116788,"[100905, 98808, 38940, 47404, 48119, 575, 63256, 53801, 26857, 103221]"
116789,"[45480, 54639, 108198, 28986, 56687, 4517, 71590, 80793, 78598, 40757]"
116790,"[89356, 104292, 61006, 47105, 85207, 102352, 2232, 11197, 103247, 27130]"
116791,"[54178, 59102, 33600, 105127, 3939, 99369, 105380, 64573, 37882, 31771]"
116792,"[83160, 913, 44961, 9020, 18524, 99464, 79020, 16741, 23522, 12577]"
116793,"[76788, 45437, 43281, 55553, 63644, 22621, 30008, 16161, 6933, 84617]"
116794,"[26630, 80630, 9999, 37413, 63354, 51560, 12736, 18969, 63338, 53347]"
116795,"[58576, 105834, 78713, 52331, 25480, 88076, 56149, 60905, 38630, 49957]"
116796,"[87900, 37786, 16498, 35100, 109372, 38860, 5687, 66916, 59857, 84909]"
116797,"[8180, 108288, 22854, 34495, 52842, 42151, 5376, 39470, 105987, 69119]"
116798,"[63959, 67896, 68962, 36415, 81914, 109503, 83936, 84982, 66599, 49763]"
116799,"[88244, 57153, 68193, 34605, 11273, 14793, 50460, 52546, 31419, 57544]"
116800,"[84243, 13590, 4875, 39329, 42084, 50954, 36591, 32129, 75219, 108199]"
116801,"[30600, 31007, 56295, 66821, 38829, 76934, 6658, 87052, 27985, 34694]"
116802,"[91633, 89769, 19549, 97754, 90263, 79459, 99823, 50136, 96356, 7170]"
116803,"[4394, 60152, 26794, 93148, 31072, 104157, 6935, 61955, 49206, 105817]"
116804,"[42446, 62971, 65557, 59921, 27280, 49488, 38028, 106670, 27298, 23661]"
116805,"[41166, 18736, 6783, 70194, 94811, 24288, 95792, 816, 66295, 16064]"
116806,"[1330, 52474, 24786, 29338, 41366, 15843, 40626, 1777, 97928, 98154]"
116807,"[85843, 44417, 91552, 59602, 104010, 102150, 89213, 66914, 21283, 89741]"
116808,"[44285, 50795, 103015, 1393, 48533, 96216, 108464, 26129, 51846, 42944]"
116809,"[95632, 24170, 96518, 57869, 107624, 55001, 70092, 108473, 30310, 97174]"
116810,"[78136, 40957, 55978, 90824, 4934, 54419, 91150, 107858, 79563, 26427]"
116811,"[25178, 2851, 74377, 73945, 14620, 102705, 32705, 88112, 48858, 101802]"
116812,"[68723, 8355, 8619, 83751, 5617, 89241, 54320, 13541, 47998, 32908]"
116813,"[58504, 11148, 100941, 105108, 66709, 3247, 83551, 71081, 43552, 29538]"
116814,"[32509, 81081, 18096, 31684, 6248, 56139, 108903, 43955, 108002, 108971]"
116815,"[51329, 67259, 2326, 49222, 5768, 67951, 34619, 85964, 79168, 70725]"
116816,"[108880, 23457, 95437, 47418, 94746, 2480, 13994, 5828, 38632, 79491]"
116817,"[5087, 26779, 59410, 56829, 13526, 59555, 21984, 20595, 59268, 72062]"
116818,"[24763, 73144, 99834, 97327, 25250, 11307, 82284, 100230, 67888, 96674]"
116819,"[89210, 22510, 37321, 93980, 8024, 5941, 39652, 1141, 88337, 68088]"
116820,"[59845, 8631, 27394, 14118, 57072, 95292, 39520, 3031, 34725, 74696]"
116821,"[87045, 64877, 8456, 12645, 61723, 7593, 74389, 56586, 100765, 91315]"
116822,"[77761, 96673, 11969, 27768, 56380, 77709, 61158, 97058, 76683, 81403]"
116823,"[63243, 93457, 106649, 78605, 86655, 46249, 89466, 102266, 38526, 46379]"
116824,"[35190, 5170, 76002, 89621, 73629, 33378, 70448, 35543, 10144, 17021]"
116825,"[104255, 28116, 48963, 22791, 17444, 90753, 100237, 98460, 13693, 89826]"
116826,"[40764, 21149, 9201, 85619, 22952, 107563, 96832, 26007, 99278, 107803]"
116827,"[69886, 39495, 20692, 13051, 43860, 72472, 63029, 98528, 71122, 28255]"
116828,"[18622, 103314, 5474, 57496, 84157, 16258, 91100, 12790, 88617, 38613]"
116829,"[13732, 108371, 5036, 86490, 76574, 59571, 44609, 23698, 107488, 74721]"
116830,"[100671, 32639, 61366, 21977, 38590, 46772, 79255, 18179, 40013, 105185]"
116831,"[33811, 61503, 12991, 30538, 2039, 15006, 88282, 1664, 93932, 81587]"
116832,"[7435, 109234, 73468, 28981, 91099, 33001, 98823, 71470, 37410, 39816]"
116833,"[72613, 11830, 42729, 73083, 44334, 44944, 61049, 30749, 58526, 24271]"
116834,"[86909, 523, 5499, 83799, 69256, 66712, 34364, 106009, 58275, 84162]"
116835,"[61760, 96995, 90407, 38175, 40217, 89103, 51477, 68796, 61126, 8359]"
116836,"[26625, 75503, 103773, 96076, 58187, 21736, 87753, 81334, 21762, 85699]"
116837,"[107711, 22993, 31906, 7865, 59257, 4091, 79059, 103244, 109550, 74133]"
116838,"[31295, 9224, 108173, 53919, 11212, 10172, 6676, 36930, 34332, 106754]"
116839,"[89138, 100091, 67027, 69487, 29469, 86889, 93506, 75544, 28036, 55497]"
116840,"[99898, 102777, 65290, 108509, 85874, 3759, 36035, 18703, 30915, 36202]"
116841,"[96871, 66848, 108355, 29117, 10414, 29334, 40609, 14865, 103445, 88851]"
116842,"[1049, 54660, 19570, 51002, 23270, 99804, 83938, 49651, 23506, 53473]"
116843,"[43354, 36742, 21264, 50214, 23945, 104864, 36019, 30217, 105989, 56424]"
116844,"[78652, 77621, 39053, 76666, 63436, 57597, 55861, 99111, 96430, 109341]"
116845,"[59902, 36568, 9201, 39661, 46452, 89120, 11877, 24866, 67158, 82709]"
116846,"[47738, 34190, 79367, 38238, 59880, 48326, 63038, 5618, 61745, 27807]"
116847,"[17467, 102029, 109245, 19286, 40302, 95715, 52061, 7090, 80693, 19246]"
116848,"[87867, 109727, 46549, 41683, 86618, 8527, 27708, 97263, 56879, 52150]"
116849,"[13734, 43984, 15011, 9259, 8438, 54873, 79395, 31825, 57535, 20525]"
116850,"[2826, 66176, 5750, 2411, 66561, 58684, 82737, 33676, 11362, 93566]"
116851,"[87572, 34718, 102526, 46407, 49679, 52081, 42199, 48631, 38059, 41641]"
116852,"[91834, 10592, 104540, 76945, 2650, 22291, 53661, 13702, 62484, 65777]"
116853,"[12672, 85911, 59272, 104665, 95433, 78956, 92817, 9557, 90147, 40766]"
116854,"[44132, 66470, 22031, 31662, 3126, 36582, 63086, 7752, 89824, 52406]"
116855,"[79167, 44230, 11985, 66711, 62211, 86627, 74231, 25588, 35029, 42549]"
116856,"[65365, 3860, 94866, 85541, 30436, 5943, 93323, 20005, 42643, 18350]"
116857,"[45561, 100142, 95444, 24650, 1469, 69690, 64978, 81978, 1430, 57682]"
116858,"[49433, 3994, 63124, 52387, 103589, 20496, 69779, 5702, 9417, 21936]"
116859,"[85286, 27398, 8823, 15207, 96541, 29713, 58698, 21039, 107830, 73605]"
116860,"[91400, 56182, 22822, 96956, 36621, 50541, 76868, 88272, 57530, 54993]"
116861,"[95238, 53447, 7096, 68857, 75319, 10092, 27415, 79079, 86291, 50713]"
116862,"[80255, 40596, 42029, 6383, 72395, 2018, 79018, 37668, 105126, 93091]"
116863,"[63657, 63180, 56308, 15014, 45341, 66573, 15035, 6734, 48432, 71161]"
116864,"[74632, 101425, 28573, 96768, 85072, 26415, 16057, 80909, 45901, 63693]"
116865,"[94363, 89534, 69414, 67946, 6501, 15525, 47524, 107379, 15576, 9846]"
116866,"[80163, 33120, 49266, 103490, 12610, 18464, 10897, 107883, 2754, 59657]"
116867,"[80959, 12801, 102541, 20289, 74232, 22591, 17027, 57312, 48616, 29314]"
116868,"[104980, 45735, 93739, 35643, 46515, 48995, 64522, 98309, 17251, 39682]"
116869,"[64440, 22468, 42141, 103613, 99647, 108769, 103161, 23842, 101490, 17740]"
116870,"[52006, 100604, 69207, 17116, 65998, 105768, 281, 30184, 42041, 33473]"
116871,"[35239, 51150, 56157, 41953, 76202, 83538, 32767, 5191, 87312, 45893]"
116872,"[44248, 51129, 18575, 54980, 37980, 63992, 79037, 18960, 54301, 53734]"
116873,"[70308, 51820, 62090, 106462, 32804, 2804, 42498, 1260, 10622, 92996]"
116874,"[63209, 33406, 20295, 30624, 108588, 85655, 38585, 65949, 10028, 41621]"
116875,"[56281, 84936, 103927, 54850, 46594, 106884, 48795, 37421, 104102, 43147]"
116876,"[3561, 21133, 9790, 49417, 3935, 22032, 5538, 28672, 101638, 12486]"
116877,"[4332, 28354, 22901, 35784, 92220, 41739, 31462, 43976, 3676, 23320]"
116878,"[12338, 4042, 105283, 1376, 17868, 66182, 38153, 102108, 14288, 23838]"
116879,"[47885, 27300, 92205, 83494, 30694, 51502, 70982, 81337, 20341, 7968]"
116880,"[109717, 17698, 80153, 94460, 3941, 36938, 66280, 9047, 4409, 37533]"
116881,"[57734, 12341, 7939, 104239, 34405, 90902, 49011, 88942, 52974, 32694]"
116882,"[103926, 1310, 47752, 87636, 65105, 61649, 50093, 77728, 53688, 89565]"
116883,"[46866, 53166, 44170, 20103, 75636, 50741, 72263, 82106, 42050, 6097]"
116884,"[98464, 98094, 67486, 100502, 69417, 66719, 25776, 83386, 6407, 3062]"
116885,"[24188, 6642, 55923, 90163, 36456, 108272, 60033, 107692, 84219, 68672]"
116886,"[102455, 62984, 56933, 15080, 63873, 98941, 98193, 21057, 50475, 93995]"
116887,"[74080, 49273, 83668, 22821, 48894, 7840, 54200, 98711, 999, 20404]"
116888,"[6955, 92462, 17979, 103173, 15315, 105628, 43546, 108312, 8442, 1624]"
116889,"[7068, 2175, 54119, 100645, 452, 89539, 62532, 31095, 75140, 77589]"
116890,"[90473, 9364, 33718, 96325, 2980, 58532, 87439, 14315, 84413, 49557]"
116891,"[96765, 70987, 83836, 93328, 10162, 36813, 94470, 61984, 1696, 108260]"
116892,"[81621, 98641, 68425, 96581, 15560, 109124, 52799, 50981, 51870, 101162]"
116893,"[47638, 102953, 16942, 21639, 83622, 69937, 105511, 41269, 70061, 33029]"
116894,"[107325, 92738, 76710, 75909, 86168, 36710, 49183, 64643, 94081, 3657]"
116895,"[81695, 66489, 9944, 33618, 61428, 55879, 102311, 69003, 68764, 73020]"
116896,"[78480, 78740, 10232, 62390, 17209, 59035, 11684, 100401, 59643, 13841]"
116897,"[27457, 91586, 76211, 11115, 45402, 53451, 75038, 12127, 60780, 59590]"
116898,"[25083, 22960, 42098, 27557, 39485, 56642, 32672, 54279, 7197, 91141]"
116899,"[96487, 83672, 84807, 29027, 36721, 9567, 103431, 74195, 34362, 63012]"
116900,"[105690, 104829, 77989, 82784, 19200, 33671, 81686, 16479, 79117, 42697]"
116901,"[60924, 98685, 36554, 20350, 89068, 11826, 59010, 33650, 15353, 31478]"
116902,"[94080, 98258, 56397, 105506, 89576, 15834, 92247, 31525, 93259, 93255]"
116903,"[90744, 71301, 8951, 41882, 66843, 29355, 94074, 48664, 71724, 25108]"
116904,"[6574, 49339, 84234, 43489, 8395, 25448, 27520, 65723, 106349, 7609]"
116905,"[82151, 51808, 47402, 48438, 54034, 31549, 66803, 80095, 104359, 98221]"
116906,"[82549, 62304, 73999, 16544, 36751, 95587, 3550, 86138, 21680, 104436]"
116907,"[59216, 46423, 75062, 96245, 80805, 23864, 91283, 27143, 76754, 65946]"
116908,"[61981, 26285, 108391, 53541, 19389, 43760, 74675, 47087, 94785, 102713]"
116909,"[39813, 33331, 65136, 47502, 41714, 4904, 5362, 17683, 46463, 35794]"
116910,"[107643, 48535, 56583, 18157, 11100, 67169, 54815, 91144, 31670, 41556]"
116911,"[52910, 84480, 88725, 73721, 11551, 103251, 84655, 82200, 8535, 106191]"
116912,"[8305, 88059, 91071, 55369, 75552, 46418, 83126, 74047, 69096, 66920]"
116913,"[17983, 82397, 44069, 94907, 101159, 81152, 60006, 81082, 103382, 36092]"
116914,"[18625, 82652, 80268, 57990, 15297, 46619, 57171, 31940, 32972, 29382]"
116915,"[52051, 15738, 16206, 15975, 82183, 103452, 90385, 26435, 60736, 21989]"
116916,"[49344, 72986, 74217, 80693, 104150, 19286, 106603, 109245, 88452, 90973]"
116917,"[23163, 58883, 37212, 24930, 30386, 63003, 87183, 73786, 88440, 86332]"
116918,"[76080, 5664, 70010, 25481, 87747, 78193, 101705, 83592, 30654, 24982]"
116919,"[67282, 18404, 87346, 46300, 30861, 28057, 40371, 86681, 12296, 48718]"
116920,"[3776, 52196, 96794, 53946, 7982, 52372, 84314, 47352, 108624, 59135]"
116921,"[24787, 80559, 69776, 73086, 97932, 86723, 84720, 102804, 82012, 17890]"
116922,"[68702, 45786, 21149, 82059, 75016, 45416, 35022, 22952, 98430, 89481]"
116923,"[15985, 54162, 22208, 7793, 103143, 28047, 33952, 38791, 84629, 47136]"
116924,"[48114, 58303, 19883, 47813, 23700, 16720, 55426, 25110, 36714, 106525]"
116925,"[33380, 51276, 3827, 43814, 21243, 87703, 32824, 40483, 80656, 61414]"
116926,"[13457, 104411, 4572, 66484, 8031, 55525, 87190, 46509, 106243, 96353]"
116927,"[79099, 23389, 83645, 36559, 44581, 98562, 105662, 106347, 57199, 16751]"
116928,"[2376, 66455, 68005, 9221, 79828, 54807, 24864, 100734, 33176, 158]"
116929,"[18748, 8545, 94675, 31363, 21115, 28677, 10419, 108863, 82973, 39494]"
116930,"[30751, 90623, 92761, 49302, 11731, 2441, 29103, 55037, 28349, 70755]"
116931,"[76333, 34931, 88977, 76056, 90981, 45853, 44727, 33622, 76287, 66486]"
116932,"[52755, 85494, 83935, 442, 89833, 17463, 102885, 40601, 70036, 38102]"
116933,"[24265, 66612, 71165, 70302, 106438, 93852, 108918, 55959, 73602, 10896]"
116934,"[75158, 74494, 74837, 51957, 54688, 30379, 54216, 104564, 59293, 98030]"
116935,"[21469, 79202, 63547, 84949, 62140, 35654, 69719, 98972, 85077, 27232]"
116936,"[10546, 45170, 14046, 72540, 86292, 55588, 99205, 17798, 37863, 66965]"
116937,"[22373, 96244, 83279, 24520, 44041, 59787, 63666, 1489, 32107, 105290]"
116938,"[37436, 53442, 95918, 2942, 37328, 43579, 58380, 15411, 60268, 24299]"
116939,"[40355, 71726, 71237, 65715, 3052, 78686, 74243, 68552, 77762, 45438]"
116940,"[8324, 23305, 1752, 5888, 92978, 8142, 101728, 60861, 83417, 713]"
116941,"[97935, 30379, 24362, 64639, 100128, 105981, 27682, 16937, 94258, 94606]"
116942,"[35472, 70262, 68953, 22023, 59838, 320, 64257, 82301, 91996, 91536]"
116943,"[36856, 5293, 10765, 58441, 59585, 75034, 54826, 25231, 65356, 82687]"
116944,"[103815, 97797, 37835, 18319, 96340, 32616, 85604, 89893, 22292, 90249]"
116945,"[14688, 67824, 53975, 60295, 19860, 87071, 70902, 27110, 21129, 20396]"
116946,"[31930, 76783, 105501, 62309, 31220, 94846, 68820, 85297, 20500, 13625]"
116947,"[5447, 92835, 90354, 31318, 87576, 67407, 75024, 2297, 2597, 79496]"
116948,"[7213, 91454, 104601, 81640, 15922, 16651, 61300, 61304, 47312, 11719]"
116949,"[95091, 1708, 24171, 32530, 3777, 106950, 4657, 97106, 40621, 14556]"
116950,"[404, 53569, 55383, 48740, 39678, 77263, 50309, 105114, 38140, 58458]"
116951,"[47550, 102110, 79904, 13376, 83270, 18282, 106672, 59196, 21123, 79091]"
116952,"[14235, 7206, 106927, 52158, 68163, 58192, 30977, 49090, 87964, 14455]"
116953,"[90176, 103967, 56877, 84662, 94312, 57406, 11253, 53839, 12531, 67124]"
116954,"[97097, 81917, 47135, 58374, 63797, 79060, 58159, 100717, 95790, 35909]"
116955,"[82870, 94471, 80922, 51480, 102632, 71084, 27217, 56331, 49171, 35651]"
116956,"[100834, 47536, 88797, 52521, 34645, 40156, 54992, 15542, 31811, 23496]"
116957,"[84700, 38532, 24770, 71295, 91677, 49736, 39773, 93090, 88759, 104842]"
116958,"[11707, 83089, 66654, 46983, 107948, 58483, 41820, 96154, 106452, 67138]"
116959,"[1448, 14123, 96046, 37116, 10605, 87493, 48163, 66326, 13763, 46185]"
116960,"[29378, 90692, 49580, 67919, 90589, 9911, 55415, 78860, 74093, 49688]"
116961,"[73233, 6581, 53728, 24108, 30144, 28052, 70949, 72721, 4406, 1476]"
116962,"[17956, 95568, 36973, 82030, 107012, 103700, 4606, 46342, 53336, 62696]"
116963,"[38424, 54409, 90763, 87682, 56750, 104799, 66880, 91152, 72127, 96781]"
116964,"[22622, 37168, 47584, 47084, 75912, 19533, 86784, 40264, 57489, 34173]"
116965,"[69352, 98560, 34581, 102146, 37263, 64573, 62026, 52344, 64753, 69003]"
116966,"[54717, 91771, 45049, 82253, 54785, 70755, 66298, 30671, 60135, 21627]"
116967,"[48081, 52122, 63657, 6734, 45260, 76013, 4516, 19716, 15014, 35560]"
116968,"[88116, 74943, 32245, 13849, 91550, 63647, 6463, 105586, 75147, 68050]"
116969,"[79657, 33504, 56765, 31477, 9258, 76877, 62324, 100750, 40300, 4822]"
116970,"[83352, 9199, 36328, 15632, 5579, 60935, 21239, 87584, 50861, 84226]"
116971,"[40703, 57009, 41312, 39146, 36352, 16861, 61831, 94354, 97564, 56518]"
116972,"[100369, 2695, 81629, 73610, 22053, 31595, 77349, 15422, 70575, 93690]"
116973,"[93158, 100666, 89970, 68541, 72090, 17475, 87065, 103441, 5184, 69799]"
116974,"[87219, 97020, 42975, 94665, 90526, 61161, 14090, 91743, 30107, 16695]"
116975,"[104822, 106223, 106756, 56588, 18161, 105391, 23916, 73627, 90097, 74065]"
116976,"[71981, 54157, 104199, 99118, 74149, 84097, 78786, 85387, 20056, 37082]"
116977,"[21358, 23653, 1353, 58948, 46093, 85733, 95751, 40021, 57491, 79136]"
116978,"[49972, 18062, 72370, 78993, 7715, 63520, 17565, 85836, 73451, 4873]"
116979,"[23975, 75987, 39461, 49188, 87899, 36894, 86513, 60782, 8421, 108659]"
116980,"[82191, 5800, 55823, 22241, 56668, 29002, 37337, 108041, 71260, 12988]"
116981,"[13112, 2765, 97554, 80130, 64320, 63404, 16826, 17900, 108945, 68302]"
116982,"[66769, 46734, 77378, 77279, 29702, 58805, 19050, 96912, 39514, 21702]"
116983,"[98134, 27358, 178, 18223, 50155, 82686, 59103, 74929, 69585, 51357]"
116984,"[87112, 53276, 58365, 25300, 33970, 30898, 81442, 102452, 35952, 57686]"
116985,"[58422, 101899, 60257, 51344, 69041, 85644, 35623, 25063, 6521, 20804]"
116986,"[22476, 87824, 41046, 37414, 34039, 5995, 59504, 3996, 16112, 33990]"
116987,"[12050, 73312, 22549, 26466, 36380, 11170, 108542, 7485, 46169, 65666]"
116988,"[20810, 37129, 106274, 93292, 28732, 52794, 42887, 15938, 50841, 58191]"
116989,"[55719, 74197, 48232, 39206, 90868, 38029, 81237, 7108, 58335, 67471]"
116990,"[97764, 83380, 56027, 106163, 96914, 108480, 56680, 64441, 19844, 107571]"
116991,"[97892, 67278, 72135, 51057, 78494, 98996, 85332, 30692, 88186, 80279]"
116992,"[62291, 284, 27356, 96268, 60050, 87499, 17353, 17972, 58633, 40539]"
116993,"[28272, 70399, 109380, 8201, 65497, 90505, 70642, 46755, 74370, 96789]"
116994,"[45212, 53100, 106575, 13542, 7490, 78704, 61527, 16712, 68377, 17880]"
116995,"[24442, 109041, 47318, 48020, 2788, 53394, 84920, 42061, 46967, 5865]"
116996,"[42607, 2235, 108402, 64100, 21387, 94862, 59648, 12766, 9250, 19720]"
116997,"[62372, 1420, 95063, 97529, 1077, 79434, 30812, 62785, 31991, 107516]"
116998,"[18676, 65944, 106073, 55687, 25726, 42333, 24213, 73124, 97926, 3186]"
116999,"[28772, 90829, 37272, 40478, 69294, 10958, 82020, 100644, 30374, 84306]"
117000,"[55724, 5740, 49613, 8034, 46408, 101125, 60136, 61224, 23124, 10323]"
117001,"[68202, 106544, 101169, 8724, 105254, 42578, 37743, 89936, 18414, 26275]"
117002,"[57547, 54376, 2318, 9581, 88585, 87812, 2918, 76775, 92164, 94314]"
117003,"[58165, 24733, 58507, 5890, 58099, 22447, 87569, 9573, 52979, 101143]"
117004,"[8776, 74243, 105317, 92720, 76772, 14478, 82665, 40821, 19171, 65254]"
117005,"[61983, 34600, 41866, 89584, 2091, 2159, 88676, 84374, 101876, 42727]"
117006,"[54341, 77837, 33294, 36449, 85299, 59268, 22320, 8727, 80011, 824]"
117007,"[46816, 10196, 14395, 56379, 105547, 38325, 72147, 8983, 49318, 42674]"
117008,"[10856, 102927, 43846, 69591, 94060, 38919, 89618, 60681, 36226, 93835]"
117009,"[7981, 41768, 36506, 54581, 64414, 31191, 74185, 21400, 46549, 87639]"
117010,"[78475, 51305, 65901, 103796, 85653, 51353, 108908, 109597, 51014, 45910]"
117011,"[29168, 101539, 63509, 57357, 96405, 44645, 77072, 94029, 6794, 61710]"
117012,"[32241, 73058, 68331, 72093, 44260, 12713, 76588, 103553, 12600, 62815]"
117013,"[5783, 55248, 47711, 70569, 11970, 28079, 63788, 69359, 67508, 44251]"
117014,"[30528, 5856, 43269, 81467, 57224, 45540, 87364, 28513, 49513, 9311]"
117015,"[2958, 60243, 2539, 78944, 71208, 87655, 36727, 95821, 31532, 55142]"
117016,"[101456, 75874, 106970, 78842, 41392, 34172, 12747, 38052, 21954, 88350]"
117017,"[92230, 58689, 16632, 108635, 58307, 89452, 6206, 16968, 21891, 46006]"
117018,"[42576, 37420, 96831, 55523, 99056, 34618, 18549, 70525, 47410, 89881]"
117019,"[80569, 71410, 41459, 69720, 51497, 20563, 93884, 77662, 19848, 20627]"
117020,"[77301, 43376, 57936, 33663, 96702, 14322, 36620, 79648, 87430, 46828]"
117021,"[52893, 58756, 44941, 50294, 69691, 69224, 109491, 61101, 82226, 49893]"
117022,"[47748, 98216, 58524, 105545, 53812, 56284, 38602, 98425, 33132, 9784]"
117023,"[9199, 86431, 61441, 84536, 5579, 36328, 52878, 106822, 47351, 77328]"
117024,"[38080, 67222, 76756, 9918, 87168, 96587, 97421, 2526, 49616, 46506]"
117025,"[77339, 94591, 19693, 74672, 22883, 95207, 97562, 107687, 84762, 58743]"
117026,"[44932, 50663, 82226, 61101, 79448, 51520, 49893, 24433, 7733, 58756]"
117027,"[46732, 69845, 85666, 86471, 2001, 102464, 21354, 80927, 104958, 101487]"
117028,"[94971, 82731, 97578, 75132, 42212, 33186, 64189, 11597, 33614, 81102]"
117029,"[77006, 92006, 37505, 13662, 47556, 9820, 5777, 9096, 25467, 107913]"
117030,"[29390, 83147, 75655, 30326, 15532, 36178, 85861, 66399, 44777, 95767]"
117031,"[84581, 107579, 95531, 103987, 41457, 92393, 95395, 36608, 73691, 21582]"
117032,"[72100, 52364, 26771, 87670, 57393, 53873, 109425, 37713, 73655, 60043]"
117033,"[107917, 47090, 33588, 6784, 109346, 58745, 77553, 52247, 83123, 48289]"
117034,"[29912, 9814, 286, 89500, 15547, 85791, 38845, 39125, 81076, 23370]"
117035,"[9933, 99292, 39920, 68456, 101787, 5941, 28290, 78911, 31780, 50730]"
117036,"[13059, 57026, 48983, 60155, 75509, 61053, 39663, 84379, 19988, 72616]"
117037,"[44461, 54569, 87097, 48971, 4887, 3934, 6219, 7229, 10148, 31121]"
117038,"[68898, 22451, 10214, 109555, 47661, 15358, 75174, 80613, 54000, 88781]"
117039,"[21679, 19848, 80153, 17698, 72325, 11018, 3941, 94460, 5313, 37533]"
117040,"[43784, 22978, 27845, 24631, 44155, 27080, 62700, 40553, 102819, 85195]"
117041,"[27069, 52016, 34295, 27384, 37679, 84112, 62067, 11389, 77401, 96829]"
117042,"[48562, 38179, 51461, 96747, 42600, 70027, 81327, 81816, 39076, 108834]"
117043,"[57570, 30599, 34422, 50833, 16278, 16745, 28441, 10423, 46578, 24380]"
117044,"[74802, 16265, 49843, 3506, 74848, 48715, 15168, 19250, 103455, 38321]"
117045,"[5538, 9790, 81189, 22032, 18194, 3561, 21133, 91423, 6093, 12486]"
117046,"[42852, 5962, 15691, 102236, 109487, 107665, 102038, 55494, 16412, 51571]"
117047,"[37468, 1995, 56319, 70018, 32403, 31058, 99448, 100334, 14557, 9770]"
117048,"[45878, 85743, 27977, 55939, 57243, 25578, 30422, 58834, 30641, 18144]"
117049,"[66944, 41970, 43146, 107538, 43388, 76841, 71262, 29230, 59891, 25156]"
117050,"[85501, 80146, 61351, 49283, 102559, 50174, 73062, 49782, 30681, 101643]"
117051,"[88008, 16658, 71179, 14856, 68535, 54380, 12284, 92402, 54258, 61699]"
117052,"[71291, 39939, 83643, 92519, 18575, 77947, 8004, 37913, 97657, 65579]"
117053,"[91151, 169, 47228, 109267, 85337, 39819, 56172, 30613, 11297, 49896]"
117054,"[109668, 53971, 88653, 11000, 79746, 87746, 21144, 17161, 95670, 21159]"
117055,"[51459, 54406, 40967, 40191, 33755, 3381, 40869, 11782, 34620, 78537]"
117056,"[74656, 75305, 18034, 93717, 14220, 7187, 15885, 3697, 51425, 58321]"
117057,"[50941, 104454, 69175, 101625, 54950, 75044, 67675, 71577, 74336, 51537]"
117058,"[65191, 80173, 45454, 13914, 92019, 35508, 29834, 30042, 30463, 68664]"
117059,"[40700, 18032, 64389, 102614, 87863, 75051, 29274, 73508, 99896, 86964]"
117060,"[61909, 87411, 52754, 83844, 59932, 47629, 36526, 30417, 13461, 68084]"
117061,"[101316, 8059, 55622, 49361, 27240, 80701, 21604, 78375, 82166, 21774]"
117062,"[37241, 105068, 432, 82190, 44589, 75726, 14328, 87724, 53306, 26906]"
117063,"[108563, 83993, 8402, 24372, 26627, 72759, 9203, 58491, 5572, 109030]"
117064,"[27370, 37974, 107762, 63367, 78391, 42479, 90812, 7745, 38558, 75434]"
117065,"[96404, 11451, 56925, 2008, 11291, 105694, 100503, 12882, 92202, 1871]"
117066,"[9429, 62989, 10398, 32349, 107406, 2476, 95920, 37103, 104809, 6493]"
117067,"[106885, 10959, 109703, 7692, 9256, 17694, 221, 94284, 6418, 93197]"
117068,"[66231, 75850, 70201, 92260, 93022, 62629, 44562, 33519, 10903, 16976]"
117069,"[60096, 70177, 66269, 5302, 20870, 49048, 108352, 79356, 108643, 9282]"
117070,"[70343, 67901, 95150, 91141, 94895, 62880, 31508, 58730, 45676, 55557]"
117071,"[91350, 131, 15987, 103632, 12812, 33968, 2243, 26337, 37778, 10956]"
117072,"[56532, 78533, 89966, 47056, 33300, 14914, 50495, 76251, 85615, 31908]"
117073,"[33476, 48840, 73273, 99129, 59383, 96916, 39205, 4346, 2333, 9018]"
117074,"[64247, 95170, 84012, 88431, 59738, 32685, 54375, 45255, 59930, 108527]"
117075,"[11997, 24056, 96045, 10323, 26480, 5747, 51889, 99303, 82576, 73573]"
117076,"[81308, 44862, 98058, 22147, 28929, 23679, 34097, 68988, 21716, 107455]"
117077,"[66916, 29997, 71966, 98462, 75477, 27440, 87658, 5976, 104690, 24338]"
117078,"[55425, 2300, 34166, 24903, 91570, 23078, 17033, 75276, 68235, 99263]"
117079,"[52487, 22346, 20015, 58005, 44024, 93661, 104874, 81356, 12756, 45882]"
117080,"[37848, 21991, 94353, 107469, 11049, 103460, 101700, 67905, 66171, 4766]"
117081,"[96112, 36053, 67460, 33779, 87469, 35401, 96032, 56964, 54282, 7234]"
117082,"[58302, 109585, 15393, 17896, 96755, 40562, 53664, 38526, 79883, 64320]"
117083,"[21864, 105891, 51789, 33303, 81708, 81445, 69664, 51538, 96852, 1619]"
117084,"[31125, 35485, 66997, 64667, 56359, 88778, 45070, 14929, 16427, 82101]"
117085,"[72086, 84950, 11030, 23330, 59420, 93730, 76332, 38319, 99306, 105324]"
117086,"[28261, 91458, 99527, 8674, 25319, 46367, 40883, 5316, 104601, 4478]"
117087,"[65880, 77255, 29287, 65028, 4741, 2721, 65279, 71996, 97401, 34034]"
117088,"[15310, 64334, 3133, 16757, 67827, 48539, 50896, 34674, 56895, 86700]"
117089,"[60138, 83116, 106426, 87621, 84237, 28828, 62633, 10741, 89817, 64650]"
117090,"[41954, 15299, 89604, 65648, 22840, 78957, 61446, 359, 64242, 91394]"
117091,"[62842, 32082, 77487, 96869, 9482, 23395, 25777, 95890, 40930, 100461]"
117092,"[94722, 80346, 20164, 61920, 9616, 36737, 103023, 90209, 75049, 104882]"
117093,"[64294, 67462, 7428, 13847, 76353, 64453, 21448, 89365, 64027, 31862]"
117094,"[52012, 42808, 7873, 18250, 777, 6178, 84919, 66280, 50762, 24880]"
117095,"[13001, 67887, 58839, 89459, 60704, 32927, 81497, 49532, 54356, 84307]"
117096,"[48600, 69333, 42390, 50952, 107260, 29241, 52755, 64169, 87571, 102885]"
117097,"[69781, 94500, 109221, 69293, 91011, 64174, 86121, 12264, 86724, 15804]"
117098,"[94978, 79836, 94478, 28239, 77994, 76397, 21928, 59220, 78743, 63935]"
117099,"[87973, 90734, 30279, 61758, 59600, 83655, 21493, 30674, 70336, 79403]"
117100,"[19805, 97231, 92088, 28200, 57543, 88854, 2118, 91116, 2877, 57751]"
117101,"[34591, 56726, 31923, 19242, 5905, 93195, 62051, 22326, 90741, 2104]"
117102,"[77072, 2501, 104156, 17222, 59397, 63509, 80986, 37928, 40707, 103542]"
117103,"[45010, 6596, 7712, 46686, 89282, 61511, 30043, 97762, 57689, 103711]"
117104,"[47859, 74087, 59667, 73220, 3922, 87072, 1644, 98601, 101270, 53348]"
117105,"[2477, 67964, 19871, 1476, 79735, 79725, 33008, 50508, 86133, 37686]"
117106,"[100911, 26504, 54754, 61615, 94588, 56495, 76438, 76492, 68645, 104434]"
117107,"[9417, 30641, 7285, 80866, 66674, 2251, 93423, 61596, 75515, 19651]"
117108,"[60220, 101069, 39387, 84325, 53974, 62927, 98222, 87183, 23163, 73786]"
117109,"[75545, 12736, 81563, 33087, 98925, 48005, 41494, 934, 62470, 4990]"
117110,"[23660, 65384, 64460, 11156, 50721, 3268, 40238, 83341, 24806, 67802]"
117111,"[84291, 22457, 52850, 92607, 109162, 26859, 32637, 18043, 24760, 19842]"
117112,"[76244, 82514, 92356, 75327, 14102, 15965, 51745, 6734, 58243, 101533]"
117113,"[55653, 74597, 50383, 28121, 10921, 65295, 62611, 425, 70498, 105002]"
117114,"[108132, 93502, 68025, 55250, 94481, 74757, 33181, 48829, 4357, 54613]"
117115,"[100939, 4486, 21021, 50601, 8715, 1336, 100070, 45523, 101295, 34111]"
117116,"[12329, 20416, 108128, 35492, 92174, 52885, 24489, 13899, 65982, 61928]"
117117,"[71314, 95884, 68815, 5874, 28933, 76867, 43573, 100781, 9893, 21577]"
117118,"[84113, 101802, 95962, 92633, 92816, 58210, 16769, 9105, 41500, 48693]"
117119,"[45849, 83115, 64750, 104095, 107181, 41295, 102460, 6267, 34217, 34967]"
117120,"[11836, 87094, 35329, 98534, 102320, 10276, 34051, 108148, 30637, 14668]"
117121,"[74392, 104990, 99128, 86977, 22824, 8908, 104527, 49735, 52718, 5459]"
117122,"[16791, 85783, 105917, 52489, 60129, 20896, 80225, 18429, 67900, 108105]"
117123,"[21292, 88356, 12653, 17411, 13701, 6817, 74554, 5422, 67145, 88795]"
117124,"[103507, 59992, 5480, 24835, 101467, 95633, 89021, 37794, 23259, 75424]"
117125,"[1369, 35894, 57347, 29151, 2845, 18047, 75145, 44745, 23444, 28645]"
117126,"[4368, 21100, 15469, 9899, 47923, 93275, 83332, 57637, 43017, 5349]"
117127,"[29711, 40976, 91095, 46082, 21561, 100106, 28755, 15551, 59860, 72057]"
117128,"[78502, 89695, 62047, 27082, 7903, 98257, 81581, 95114, 93555, 104674]"
117129,"[3074, 16021, 22624, 57133, 83961, 87554, 22127, 17328, 108539, 45930]"
117130,"[84724, 25755, 17534, 19356, 28776, 52399, 32194, 35686, 81204, 88300]"
117131,"[103492, 41910, 94963, 53112, 26330, 9118, 96825, 82499, 33341, 84415]"
117132,"[49753, 41051, 99158, 86374, 18902, 59639, 46768, 83962, 85692, 70589]"
117133,"[72828, 19560, 30588, 99610, 22601, 75020, 7994, 95485, 65524, 49608]"
117134,"[88873, 48741, 50219, 68476, 34643, 68769, 46216, 10999, 109114, 56565]"
117135,"[58656, 30072, 3490, 41343, 42117, 29796, 69600, 33904, 105375, 49998]"
117136,"[64912, 25724, 20154, 76299, 17804, 30453, 22913, 4614, 32332, 86245]"
117137,"[95216, 43288, 37055, 106198, 2511, 53018, 63347, 70146, 51702, 19587]"
117138,"[95209, 13372, 87465, 19090, 99189, 107027, 69535, 87789, 67984, 103573]"
117139,"[75, 94819, 63937, 44738, 63056, 44601, 27410, 103541, 82135, 32014]"
117140,"[89637, 18372, 79200, 60119, 98088, 21045, 36099, 11773, 49631, 15904]"
117141,"[106397, 38807, 67988, 8726, 61668, 88683, 41850, 9574, 69443, 69321]"
117142,"[24653, 3532, 28898, 68238, 18549, 23391, 47298, 63778, 64074, 45533]"
117143,"[71694, 68653, 100934, 79355, 916, 95789, 78154, 95953, 35419, 67357]"
117144,"[63460, 90303, 11306, 14808, 49909, 29021, 61396, 106941, 25212, 69005]"
117145,"[38694, 35571, 80128, 81511, 21278, 101443, 57706, 41734, 82616, 31536]"
117146,"[46166, 63438, 61636, 60023, 23154, 68599, 90196, 100455, 56990, 55131]"
117147,"[64629, 58044, 82157, 84768, 5484, 55310, 109033, 106886, 84782, 6191]"
117148,"[65635, 37486, 85055, 84756, 107107, 61673, 31884, 44284, 97203, 53953]"
117149,"[48804, 15827, 48236, 63161, 7797, 30119, 16054, 33223, 44499, 71896]"
117150,"[631, 92856, 74499, 96972, 92876, 8775, 94081, 22797, 107368, 49306]"
117151,"[18058, 27198, 41657, 2876, 69099, 22535, 58755, 65301, 27259, 77013]"
117152,"[49278, 30145, 94270, 42970, 35333, 36157, 103726, 50042, 16297, 39648]"
117153,"[93426, 6147, 43072, 667, 31132, 4534, 83601, 39360, 45798, 67466]"
117154,"[86827, 58548, 55831, 85723, 34630, 44866, 23868, 8893, 27002, 38068]"
117155,"[63161, 7797, 71896, 87197, 58227, 95826, 104651, 71044, 48236, 13309]"
117156,"[66374, 6992, 26731, 77520, 53283, 59636, 28234, 29906, 61585, 13764]"
117157,"[18987, 43682, 107543, 39706, 11105, 107648, 99363, 17102, 78577, 42616]"
117158,"[33868, 79535, 23739, 91558, 73775, 53262, 51947, 94516, 48048, 5822]"
117159,"[93517, 55241, 48510, 31229, 82655, 19593, 5526, 86461, 40415, 62267]"
117160,"[30476, 43477, 72671, 60934, 27866, 68860, 87282, 65066, 18345, 9777]"
117161,"[44485, 7995, 81978, 23505, 76706, 58819, 12195, 24129, 69690, 96880]"
117162,"[7144, 59667, 74087, 15760, 76952, 74991, 2613, 46408, 10323, 22815]"
117163,"[2123, 96699, 61034, 25468, 10970, 34253, 90597, 32909, 82873, 86552]"
117164,"[71608, 41560, 82699, 24161, 50721, 48889, 105626, 8065, 103393, 69635]"
117165,"[7296, 74686, 49053, 11596, 94725, 20477, 24943, 99319, 87003, 31411]"
117166,"[79297, 5288, 61424, 49665, 87946, 36243, 49391, 45232, 9329, 56156]"
117167,"[92407, 57385, 39280, 46914, 77702, 7057, 43533, 100415, 4921, 69110]"
117168,"[41335, 4022, 9937, 74712, 37432, 92896, 22944, 37101, 66375, 97089]"
117169,"[44541, 5174, 97088, 81551, 66152, 19478, 20675, 55916, 52783, 81655]"
117170,"[62207, 62701, 52572, 32060, 11299, 99938, 91360, 109511, 35512, 31261]"
117171,"[109739, 79203, 51024, 12467, 22985, 107332, 10459, 53904, 79562, 27645]"
117172,"[62158, 88203, 48025, 24398, 33220, 62480, 35840, 36629, 84528, 16551]"
117173,"[93194, 16780, 15817, 97102, 13214, 42366, 52906, 79531, 18606, 71950]"
117174,"[51638, 101503, 79582, 51942, 46330, 53368, 70896, 19461, 23366, 35680]"
117175,"[32140, 23090, 20749, 67303, 9217, 32053, 79683, 49561, 48015, 16679]"
117176,"[12913, 63730, 42955, 22954, 9953, 48191, 19519, 63074, 88656, 48403]"
117177,"[85697, 68228, 104498, 10753, 31183, 7947, 768, 27571, 13009, 2886]"
117178,"[41993, 35783, 37076, 1221, 71576, 66755, 17464, 85199, 23815, 93604]"
117179,"[95558, 12038, 77199, 76053, 71986, 92885, 107997, 20905, 6921, 97513]"
117180,"[107470, 84660, 73420, 19459, 43375, 28001, 89928, 13057, 35165, 105866]"
117181,"[36081, 56606, 26553, 37294, 53860, 31587, 55394, 92167, 91010, 36852]"
117182,"[44655, 53258, 12947, 66692, 28279, 3377, 23270, 63382, 5075, 73645]"
117183,"[90511, 98495, 9469, 14868, 14087, 5667, 39498, 109100, 64196, 96431]"
117184,"[33410, 72433, 96690, 85817, 101805, 40075, 16711, 67313, 103450, 41828]"
117185,"[39, 41556, 107643, 39503, 50870, 75844, 80411, 24942, 12756, 39921]"
117186,"[57651, 76847, 43510, 91201, 69805, 45730, 63155, 83313, 80340, 58278]"
117187,"[1042, 76062, 62982, 84144, 48843, 59393, 34565, 48273, 31441, 51656]"
117188,"[68453, 29601, 80964, 48763, 25621, 99315, 768, 30906, 28946, 76873]"
117189,"[33596, 29670, 91188, 78713, 101830, 8140, 47650, 64681, 93065, 63474]"
117190,"[56469, 64544, 106531, 51335, 44976, 20086, 14033, 48087, 34784, 100318]"
117191,"[9932, 109128, 74791, 43176, 108158, 5558, 104119, 27691, 79786, 81185]"
117192,"[419, 30261, 107268, 9584, 90098, 98326, 5448, 23031, 8540, 87110]"
117193,"[9802, 32962, 72908, 80359, 80392, 64258, 8979, 7458, 22129, 67724]"
117194,"[65935, 49263, 75515, 80788, 19651, 82416, 100439, 20496, 86385, 32943]"
117195,"[19198, 40125, 12141, 27369, 97205, 35198, 69867, 70639, 14568, 67293]"
117196,"[101110, 87863, 48928, 91898, 95112, 35496, 14671, 40700, 109419, 99896]"
117197,"[62734, 76106, 50300, 27589, 33537, 96689, 83408, 10429, 40886, 31418]"
117198,"[5129, 9749, 87496, 19778, 15917, 7475, 93024, 11280, 3162, 38965]"
117199,"[52415, 32680, 107104, 58992, 106363, 35281, 107965, 44052, 69696, 108429]"
117200,"[48066, 77010, 12122, 31770, 57686, 103256, 18602, 1456, 23101, 88944]"
117201,"[52949, 62857, 31060, 62227, 51370, 77319, 98770, 27386, 56935, 5445]"
117202,"[93655, 25630, 39716, 23119, 64158, 55457, 67684, 89074, 54582, 73872]"
117203,"[95673, 92416, 99798, 95697, 83588, 101127, 46114, 59996, 61496, 21915]"
117204,"[11498, 85071, 48040, 89967, 80182, 96291, 33169, 92038, 69451, 4465]"
117205,"[77840, 109114, 46216, 34643, 68476, 67598, 50219, 2912, 10999, 65078]"
117206,"[13504, 93814, 94643, 10711, 92903, 79005, 107740, 61491, 23674, 22413]"
117207,"[80333, 90849, 54659, 67218, 29731, 93157, 59578, 95371, 33560, 51746]"
117208,"[89662, 45919, 1819, 26797, 88681, 78294, 4899, 49137, 97278, 86122]"
117209,"[64074, 106693, 8177, 79431, 83248, 24559, 59556, 85829, 24653, 58656]"
117210,"[90894, 72826, 63887, 34964, 36747, 89203, 72764, 12745, 63079, 7812]"
117211,"[106555, 31164, 39845, 99463, 15294, 48850, 51204, 97735, 41351, 106861]"
117212,"[67475, 67853, 3536, 70535, 246, 103008, 43163, 84046, 39735, 13134]"
117213,"[19027, 103704, 70346, 18467, 7426, 46193, 39844, 78493, 76391, 1009]"
117214,"[87573, 3573, 77802, 51721, 76496, 56368, 35195, 74164, 21121, 43696]"
117215,"[32960, 5634, 66154, 109326, 80570, 64455, 4134, 4244, 699, 37310]"
117216,"[61882, 51060, 23664, 28367, 57221, 64718, 55458, 98314, 61457, 43555]"
117217,"[35944, 91269, 7257, 48136, 35000, 11604, 70846, 83644, 93396, 83154]"
117218,"[3083, 76061, 84929, 12881, 66837, 8118, 96031, 84063, 38641, 61895]"
117219,"[67486, 6599, 90153, 90137, 29399, 74295, 83159, 4531, 81801, 4488]"
117220,"[70809, 80538, 84110, 18498, 62759, 13445, 75631, 30776, 27061, 27748]"
117221,"[35185, 2247, 27269, 55933, 7351, 67025, 77778, 34744, 13432, 70404]"
117222,"[22170, 73381, 38376, 74764, 26361, 53068, 44005, 54603, 57582, 22134]"
117223,"[24166, 20223, 98307, 99740, 43228, 57790, 92948, 965, 81663, 22792]"
117224,"[67326, 13519, 89664, 3077, 99914, 106310, 39966, 57293, 80277, 93432]"
117225,"[13375, 40722, 82420, 38314, 54085, 28300, 67924, 5244, 17144, 29359]"
117226,"[89296, 96809, 63536, 94171, 29850, 23619, 66467, 17669, 29725, 31636]"
117227,"[79079, 86291, 76369, 18861, 106637, 95757, 11661, 98466, 35381, 41870]"
117228,"[68711, 8206, 27540, 15446, 61273, 105211, 19984, 45461, 75699, 93456]"
117229,"[36064, 46723, 77060, 56044, 100961, 49676, 65137, 78065, 35937, 17658]"
117230,"[68517, 90274, 71580, 60573, 89191, 32118, 80689, 33732, 69532, 45976]"
117231,"[51950, 25747, 24036, 41548, 7329, 72705, 62607, 83226, 108813, 28724]"
117232,"[85793, 56029, 44227, 2236, 62544, 28053, 81960, 73763, 49293, 47802]"
117233,"[37853, 36860, 94269, 8903, 21981, 86297, 35584, 21375, 82645, 107009]"
117234,"[86512, 68296, 62665, 104878, 51934, 80644, 49118, 24775, 106595, 18393]"
117235,"[32547, 109744, 106107, 60653, 23695, 39101, 6792, 26366, 15960, 107396]"
117236,"[45139, 81249, 74013, 94823, 102423, 27014, 18371, 32112, 53377, 84541]"
117237,"[104542, 86071, 69941, 54696, 54528, 64521, 68797, 66775, 22064, 24395]"
117238,"[73502, 44250, 53924, 62691, 69847, 103692, 76898, 26229, 60470, 9063]"
117239,"[91472, 37912, 3264, 58036, 40322, 92602, 33826, 71715, 23047, 75029]"
117240,"[5958, 44414, 48976, 95225, 101179, 4216, 101407, 69381, 29153, 52781]"
117241,"[35947, 74381, 95834, 8197, 68411, 22818, 12309, 5615, 65912, 22365]"
117242,"[20535, 75451, 24370, 64322, 70621, 54386, 10201, 15782, 104983, 103525]"
117243,"[59590, 1093, 4418, 55215, 89652, 31757, 77119, 2238, 2855, 84875]"
117244,"[40732, 32587, 46510, 56550, 2765, 52102, 7011, 53664, 55931, 97554]"
117245,"[61001, 105923, 14627, 21230, 42819, 17374, 79446, 44705, 51906, 87377]"
117246,"[44643, 38037, 14434, 46445, 106372, 43420, 33961, 85911, 57872, 53505]"
117247,"[41809, 35387, 56091, 31078, 9966, 56701, 78662, 41618, 18007, 10959]"
117248,"[6120, 46202, 93192, 21025, 1351, 3320, 73205, 46076, 69312, 99726]"
117249,"[66808, 67808, 101357, 93263, 63798, 33021, 32373, 17413, 32183, 13996]"
117250,"[72147, 28642, 76590, 88933, 77205, 37133, 109349, 2367, 49318, 39386]"
117251,"[35950, 88042, 38415, 68440, 50065, 81711, 28576, 28417, 109729, 29527]"
117252,"[67792, 1116, 93980, 32916, 5941, 14149, 85391, 15805, 72645, 14103]"
117253,"[61862, 19782, 77431, 16214, 64109, 83014, 25964, 89046, 49481, 2936]"
117254,"[106762, 48886, 63388, 63991, 85527, 105679, 11167, 67339, 79048, 105458]"
117255,"[102246, 33521, 21365, 103863, 53052, 68570, 104653, 29480, 88283, 4019]"
117256,"[15015, 39030, 13037, 100817, 41447, 61013, 101373, 27802, 103044, 57542]"
117257,"[55950, 4914, 99308, 63294, 81997, 67101, 38710, 82781, 98790, 57290]"
117258,"[74436, 99461, 47057, 95485, 72585, 77000, 53888, 34018, 81528, 59772]"
117259,"[33593, 105130, 26259, 34896, 2945, 39089, 102595, 104045, 32036, 54746]"
117260,"[24042, 36131, 8949, 84544, 33745, 42577, 15243, 14345, 43670, 48878]"
117261,"[83257, 89081, 102949, 30175, 65736, 27805, 88787, 44580, 19206, 89698]"
117262,"[17392, 364, 82741, 86554, 50568, 407, 7311, 37662, 20787, 42331]"
117263,"[15363, 4662, 106018, 5684, 53838, 50050, 50500, 36846, 35590, 9614]"
117264,"[47136, 43523, 7321, 73540, 11588, 58178, 32230, 15985, 42481, 9270]"
117265,"[103418, 47728, 4764, 93346, 61735, 47247, 100634, 24401, 7430, 83337]"
117266,"[20278, 10026, 92747, 16142, 76712, 98220, 104158, 19684, 40407, 23715]"
117267,"[13730, 33769, 91246, 61009, 109057, 70752, 4314, 5993, 17097, 103328]"
117268,"[10342, 67697, 45942, 99409, 46328, 54772, 37919, 48795, 75579, 59311]"
117269,"[81995, 107758, 103229, 1208, 108700, 108265, 109146, 78886, 3697, 29113]"
117270,"[79111, 56463, 68792, 96133, 70407, 48368, 18499, 38074, 39328, 95644]"
117271,"[5720, 73105, 72936, 102872, 33505, 74084, 102249, 24331, 15877, 89001]"
117272,"[27636, 56838, 93050, 82951, 109160, 529, 26486, 107069, 30937, 20575]"
117273,"[1624, 72839, 68631, 660, 106517, 2462, 90471, 39655, 8442, 107]"
117274,"[58420, 104953, 44108, 97924, 75604, 48660, 9111, 97986, 77984, 49368]"
117275,"[57908, 22976, 59831, 33934, 43307, 106015, 83753, 38895, 88805, 29897]"
117276,"[73338, 6144, 63517, 74355, 47959, 94065, 742, 8135, 13063, 75580]"
117277,"[95019, 108996, 2841, 96429, 32955, 22949, 99327, 92441, 103682, 74542]"
117278,"[38730, 68766, 48094, 12551, 14985, 39202, 29235, 34689, 57907, 59834]"
117279,"[105140, 6385, 1792, 45660, 47111, 38631, 70462, 82935, 96761, 96695]"
117280,"[65116, 72968, 8948, 5523, 85838, 108526, 13523, 76345, 636, 1629]"
117281,"[32563, 31079, 48788, 55492, 7799, 88519, 489, 1140, 42026, 83344]"
117282,"[36891, 24698, 33761, 227, 85013, 45608, 80575, 99209, 57307, 83379]"
117283,"[93965, 96503, 79843, 102315, 19441, 61493, 109357, 41546, 108973, 96012]"
117284,"[95104, 1228, 84764, 90418, 36668, 54535, 40812, 19867, 57094, 8007]"
117285,"[82882, 45067, 68425, 46094, 68002, 4085, 108826, 76435, 69402, 60228]"
117286,"[64078, 85955, 43094, 87529, 23595, 53392, 51363, 42602, 76005, 52477]"
117287,"[50399, 69988, 31114, 63528, 36831, 20009, 72180, 41234, 99854, 72080]"
117288,"[78729, 101956, 63002, 88493, 77804, 30520, 69386, 26177, 62345, 104321]"
117289,"[35997, 65233, 74101, 11575, 67036, 100456, 98173, 49191, 21293, 56526]"
117290,"[38078, 15169, 85896, 106589, 19845, 41451, 91607, 8585, 67478, 25656]"
117291,"[8680, 27702, 92237, 96336, 81440, 81794, 94484, 30773, 37747, 21108]"
117292,"[32027, 108102, 85511, 80281, 48479, 106089, 105608, 12255, 103754, 64579]"
117293,"[55922, 21041, 96012, 12575, 35054, 16296, 82100, 10542, 100354, 65557]"
117294,"[30839, 42511, 67705, 22253, 14052, 84439, 24065, 73143, 4076, 70898]"
117295,"[32067, 65554, 47302, 20085, 39388, 83933, 30520, 101969, 44782, 108929]"
117296,"[74454, 102816, 71713, 41513, 94500, 91011, 102163, 56633, 14286, 64174]"
117297,"[57153, 108553, 69576, 13844, 26851, 88244, 100733, 76476, 11273, 34605]"
117298,"[868, 10656, 44996, 40548, 31662, 29143, 30637, 45943, 24835, 102792]"
117299,"[36961, 53770, 82448, 78186, 95069, 26185, 11518, 40092, 59747, 76125]"
117300,"[60710, 55774, 90620, 81899, 23433, 36419, 43225, 69610, 98219, 68272]"
117301,"[47267, 51325, 60654, 82282, 79267, 47682, 47337, 105302, 42592, 101939]"
117302,"[80350, 19061, 86500, 94432, 60201, 51757, 106885, 53269, 16916, 20044]"
117303,"[21660, 65690, 26785, 96698, 32889, 74432, 10766, 26119, 32519, 100450]"
117304,"[27111, 24038, 22028, 63609, 40998, 67504, 10241, 28294, 68737, 65082]"
117305,"[6613, 19877, 56401, 50265, 34021, 34571, 18874, 75995, 83663, 81358]"
117306,"[75784, 47563, 76517, 33697, 35837, 61923, 93737, 3669, 108099, 90596]"
117307,"[66079, 92785, 2228, 8068, 99241, 65001, 85043, 23296, 64370, 67152]"
117308,"[65173, 78836, 27018, 74056, 31760, 67223, 51819, 45149, 22794, 60780]"
117309,"[12359, 6426, 7821, 75289, 37222, 47950, 91340, 59464, 64981, 81948]"
117310,"[16305, 46894, 20710, 25703, 45124, 1577, 59933, 92376, 109772, 49899]"
117311,"[91675, 99001, 62914, 17289, 10201, 48618, 104610, 80099, 102513, 333]"
117312,"[32249, 26919, 70066, 105725, 4043, 50664, 108469, 99969, 71833, 2032]"
117313,"[63140, 5813, 29066, 87699, 1145, 9692, 79588, 29931, 84826, 96997]"
117314,"[73774, 64003, 47249, 1668, 57543, 76324, 69865, 37774, 59519, 56597]"
117315,"[28108, 31646, 105330, 108667, 58646, 105228, 21508, 56070, 47335, 48627]"
117316,"[55689, 7781, 75077, 26779, 62586, 11755, 20595, 29452, 94072, 21984]"
117317,"[28576, 34025, 32570, 105437, 45562, 109729, 33455, 81776, 43857, 78060]"
117318,"[99895, 24205, 60866, 78117, 54317, 46334, 48876, 46591, 87054, 46297]"
117319,"[50916, 51062, 6290, 105955, 45975, 65996, 24444, 27632, 73639, 13919]"
117320,"[54177, 55865, 73579, 45287, 90048, 8864, 57093, 25414, 9263, 107390]"
117321,"[37771, 55407, 37227, 106912, 101827, 15673, 68052, 81482, 31404, 97730]"
117322,"[29141, 95730, 37444, 25247, 38757, 32166, 38302, 29164, 22848, 109749]"
117323,"[37341, 15176, 67250, 109037, 92939, 11054, 56672, 7518, 82512, 1904]"
117324,"[55308, 5643, 88122, 213, 55396, 54269, 49598, 62321, 36277, 24931]"
117325,"[20733, 100620, 36277, 87542, 20656, 85632, 108542, 34118, 8516, 23668]"
117326,"[20269, 48317, 90695, 2946, 192, 22757, 11832, 98768, 60445, 108033]"
117327,"[56180, 62560, 101353, 89384, 102795, 19218, 7169, 17264, 8334, 53583]"
117328,"[21314, 67500, 96980, 34727, 54947, 86825, 47272, 66726, 30774, 41894]"
117329,"[100488, 108628, 39001, 44329, 78453, 39032, 109157, 71695, 29193, 81472]"
117330,"[70737, 80038, 28919, 39296, 105208, 88044, 86648, 33801, 41655, 66952]"
117331,"[34920, 35176, 108708, 97481, 15414, 36854, 41493, 77489, 10199, 87911]"
117332,"[35355, 18921, 96251, 21323, 47685, 90398, 45407, 104885, 65948, 78638]"
117333,"[9583, 60929, 60771, 71435, 5860, 34068, 22556, 71424, 41553, 94563]"
117334,"[40105, 109199, 69596, 107089, 71131, 86347, 43973, 100270, 17809, 31538]"
117335,"[86897, 3179, 76062, 10554, 96083, 26339, 18279, 107388, 1042, 51297]"
117336,"[62819, 18525, 92640, 73269, 99528, 68665, 35887, 33827, 73221, 102021]"
117337,"[18994, 43875, 4435, 67813, 14024, 46632, 72109, 20481, 104807, 96475]"
117338,"[62125, 108185, 5355, 35347, 715, 92214, 36832, 3856, 11014, 37165]"
117339,"[28430, 83823, 44859, 15580, 66600, 76660, 55631, 33032, 109544, 93202]"
117340,"[10651, 89579, 92183, 70429, 79253, 10994, 43537, 78388, 30899, 62385]"
117341,"[6313, 97836, 59110, 40772, 61952, 35827, 97741, 38638, 28445, 96296]"
117342,"[107777, 38896, 60692, 102329, 66770, 98072, 79793, 63126, 51393, 79702]"
117343,"[103172, 75224, 13767, 57329, 50793, 42308, 56904, 13489, 15387, 40457]"
117344,"[75088, 71676, 21033, 52340, 11361, 35292, 93550, 64788, 44634, 81703]"
117345,"[88663, 99894, 6987, 57752, 14524, 67238, 90265, 30104, 95529, 69354]"
117346,"[91238, 108090, 50880, 46169, 32488, 78845, 50140, 34131, 42294, 103482]"
117347,"[81998, 78012, 74601, 7590, 47526, 19863, 39376, 7968, 20341, 41063]"
117348,"[95415, 72431, 20226, 27272, 67585, 55886, 108478, 12763, 10526, 16042]"
117349,"[21290, 1253, 93414, 55077, 100715, 26675, 24660, 82905, 67911, 16528]"
117350,"[47082, 4750, 79788, 107143, 92416, 104042, 24671, 21747, 22980, 62967]"
117351,"[31206, 77660, 108504, 103459, 36832, 106668, 13252, 63408, 16161, 59897]"
117352,"[42120, 83104, 50153, 40842, 19077, 41968, 66008, 44060, 28013, 66136]"
117353,"[84944, 49962, 59926, 69608, 84954, 81742, 99872, 87116, 74258, 47849]"
117354,"[69263, 37293, 32198, 88028, 11812, 53173, 45402, 73443, 12714, 109410]"
117355,"[109361, 85242, 22703, 19761, 75651, 98507, 27504, 87675, 29923, 20616]"
117356,"[19034, 66440, 27079, 62783, 41670, 49576, 18045, 23261, 49397, 16662]"
117357,"[39671, 21026, 77536, 50622, 36175, 28689, 59281, 53497, 47029, 60590]"
117358,"[11392, 17992, 8482, 22521, 34629, 15130, 53105, 38647, 93781, 63553]"
117359,"[13653, 95532, 50324, 32405, 105288, 50409, 83228, 18796, 52267, 86663]"
117360,"[17337, 27317, 89948, 53905, 85046, 38869, 97368, 35005, 85582, 22705]"
117361,"[73545, 90721, 27793, 54, 78499, 6504, 22145, 43148, 18244, 51404]"
117362,"[27269, 102891, 103951, 100657, 36378, 103990, 79391, 101613, 109145, 48896]"
117363,"[34590, 24868, 49568, 20078, 5455, 10230, 58319, 63489, 9681, 64111]"
117364,"[72968, 68824, 56762, 27294, 50891, 1629, 57527, 13530, 92883, 38142]"
117365,"[9120, 28, 72800, 87352, 103861, 14045, 637, 107071, 19736, 1844]"
117366,"[64968, 81511, 27679, 79750, 64178, 41734, 88078, 30888, 67613, 40423]"
117367,"[107075, 33067, 5801, 52887, 34835, 74921, 37442, 14764, 73271, 69812]"
117368,"[23908, 78539, 76812, 32909, 76622, 13688, 13832, 17627, 22298, 65726]"
117369,"[11631, 35330, 92225, 109525, 92485, 69757, 70508, 71427, 8544, 47974]"
117370,"[50963, 44557, 85350, 10836, 37300, 102574, 93347, 27077, 103693, 72888]"
117371,"[92569, 13061, 508, 74998, 103615, 97050, 77509, 104735, 94452, 33174]"
117372,"[84946, 74607, 15639, 93299, 20940, 25309, 5952, 100492, 22221, 13412]"
117373,"[59170, 61433, 68456, 33574, 78811, 73696, 89040, 100029, 28646, 5659]"
117374,"[64239, 50659, 39294, 76349, 80338, 33171, 51191, 11398, 80163, 49266]"
117375,"[42685, 31567, 59791, 86172, 5926, 37450, 62501, 42069, 38937, 17548]"
117376,"[54346, 107702, 11192, 32432, 103472, 39800, 105319, 60570, 109027, 42199]"
117377,"[60937, 37010, 23732, 43706, 95570, 72257, 33879, 75247, 6277, 86283]"
117378,"[54461, 62443, 38163, 2626, 104121, 28920, 99993, 81346, 37699, 53183]"
117379,"[101622, 60728, 45307, 56957, 41911, 102787, 37479, 13403, 12812, 39391]"
117380,"[31013, 66675, 71869, 103652, 65829, 104069, 58701, 48251, 109611, 56447]"
117381,"[19258, 98770, 52949, 31060, 56935, 5445, 91956, 108117, 74321, 93469]"
117382,"[98082, 69300, 7421, 72089, 51517, 58388, 32262, 18471, 55152, 55633]"
117383,"[59318, 14584, 54220, 87577, 16649, 24705, 65617, 65458, 22893, 8625]"
117384,"[37406, 32727, 18443, 108304, 31838, 49926, 54785, 109252, 21836, 37256]"
117385,"[17383, 248, 99593, 30009, 79154, 827, 94617, 2911, 75073, 15036]"
117386,"[69226, 42767, 36061, 108442, 55497, 39540, 81290, 52382, 51313, 50191]"
117387,"[39018, 106296, 8764, 60414, 27248, 93202, 63276, 24790, 69839, 9059]"
117388,"[71528, 47286, 57709, 79745, 91875, 49411, 73592, 49924, 44848, 41139]"
117389,"[71293, 18120, 53067, 5280, 69912, 91547, 79858, 84010, 43078, 85591]"
117390,"[38038, 5075, 64027, 17443, 12947, 67462, 64294, 62859, 66692, 103225]"
117391,"[68291, 35773, 7624, 59456, 64588, 28905, 28582, 66466, 45903, 55744]"
117392,"[81744, 106715, 4442, 19837, 18908, 105243, 82545, 24585, 878, 71256]"
117393,"[108028, 56303, 87488, 6806, 73826, 95573, 52561, 107236, 54003, 59922]"
117394,"[67989, 7689, 42931, 103657, 97933, 11742, 14420, 107184, 27963, 5310]"
117395,"[43393, 14582, 84247, 84761, 70405, 22541, 70385, 22799, 98660, 20048]"
117396,"[33394, 3464, 88232, 56091, 24924, 35387, 37887, 78662, 26572, 36841]"
117397,"[105501, 78274, 13011, 69094, 50605, 62707, 103302, 11907, 37937, 76783]"
117398,"[61895, 21549, 12925, 82636, 2569, 54136, 39425, 48303, 67911, 24276]"
117399,"[5697, 40220, 28956, 35799, 83075, 11959, 36099, 56009, 23297, 31928]"
117400,"[100355, 56235, 81941, 17311, 23212, 91030, 106007, 35891, 26517, 78538]"
117401,"[76691, 51987, 21580, 62675, 70322, 1864, 65692, 77436, 93513, 7290]"
117402,"[63283, 2110, 9951, 91029, 39075, 33929, 90912, 40032, 76351, 49794]"
117403,"[97299, 1279, 32078, 109127, 28463, 18285, 90419, 91987, 96182, 53719]"
117404,"[87461, 49975, 57010, 45381, 40910, 3129, 12993, 59607, 43092, 47906]"
117405,"[56275, 9011, 53222, 77758, 51492, 38719, 53119, 29615, 39976, 34308]"
117406,"[11734, 47595, 92992, 98040, 105468, 9734, 92255, 68036, 10781, 52580]"
117407,"[55350, 45916, 49888, 51707, 7621, 32190, 51220, 27041, 84326, 81107]"
117408,"[100236, 70723, 88791, 56367, 59635, 15892, 51514, 64773, 108964, 66471]"
117409,"[92850, 5078, 67457, 90906, 60673, 96850, 12866, 44808, 41321, 4898]"
117410,"[108271, 44596, 48244, 46360, 23766, 26668, 32579, 43939, 12634, 91613]"
117411,"[59430, 87479, 19810, 2664, 78925, 80513, 73158, 30248, 93155, 83026]"
117412,"[94462, 73799, 88456, 84456, 74689, 95168, 56595, 23237, 47051, 50654]"
117413,"[27232, 51852, 64042, 18684, 23901, 78184, 5070, 53297, 98561, 65302]"
117414,"[54872, 43655, 93667, 96910, 91564, 24299, 3111, 88279, 20617, 37328]"
117415,"[11857, 29671, 34621, 108712, 65333, 38352, 92720, 2892, 58326, 4946]"
117416,"[77221, 105005, 106949, 13310, 87046, 52823, 89744, 11503, 97466, 64862]"
117417,"[47614, 71566, 100147, 25888, 1579, 14929, 26622, 108204, 16801, 16776]"
117418,"[69800, 29782, 46658, 48647, 3994, 70600, 67893, 10890, 39695, 85469]"
117419,"[18428, 49564, 7760, 53572, 94213, 91457, 32831, 58107, 80309, 72116]"
117420,"[76828, 30568, 81523, 85626, 2070, 44118, 36346, 69568, 37324, 101436]"
117421,"[33329, 73428, 63143, 1118, 31032, 58641, 67588, 11343, 77002, 72411]"
117422,"[78472, 73910, 33580, 76146, 6090, 74262, 7603, 37123, 60478, 53694]"
117423,"[16884, 60970, 1941, 51361, 40079, 48864, 51706, 71465, 14444, 80654]"
117424,"[61175, 61081, 84116, 93317, 6836, 41098, 80627, 77898, 63658, 94313]"
117425,"[51568, 5990, 80326, 8730, 5465, 69295, 13459, 93345, 2220, 44863]"
117426,"[30828, 82442, 67518, 48786, 23565, 44551, 38187, 7009, 90608, 39737]"
117427,"[73565, 85962, 70798, 102001, 71871, 5197, 72421, 10366, 4006, 19857]"
117428,"[7095, 55351, 70100, 87929, 13813, 40733, 7832, 94335, 4858, 20655]"
117429,"[78293, 28135, 105101, 46539, 109596, 86204, 84000, 94899, 45347, 60314]"
117430,"[36909, 69379, 108713, 12515, 105436, 100290, 85130, 19182, 23262, 22415]"
117431,"[3566, 33839, 74831, 21394, 81861, 35830, 102177, 15129, 105938, 3674]"
117432,"[41256, 33278, 3732, 24243, 3319, 101497, 102351, 26511, 47406, 108277]"
117433,"[39561, 74028, 8162, 24406, 55892, 18716, 68420, 46252, 75320, 77778]"
117434,"[43255, 4659, 91019, 79095, 17499, 108004, 76744, 77357, 51482, 2308]"
117435,"[106262, 48972, 2236, 104859, 107731, 47802, 11695, 94889, 39946, 92005]"
117436,"[38834, 101706, 17027, 62834, 95424, 76905, 14642, 27359, 90555, 63088]"
117437,"[22699, 8863, 43468, 76795, 78807, 90182, 103400, 29462, 36770, 75009]"
117438,"[64095, 93800, 13327, 92501, 88195, 41912, 12414, 37144, 48953, 57920]"
117439,"[49019, 68748, 95578, 67631, 41699, 59532, 105141, 93295, 18986, 95718]"
117440,"[4621, 64443, 13748, 83118, 88935, 97539, 32355, 15937, 12177, 31059]"
117441,"[59299, 98051, 54592, 64857, 103279, 66083, 99161, 37770, 107967, 73429]"
117442,"[20425, 70433, 50489, 89533, 49134, 70223, 15536, 31577, 68335, 4618]"
117443,"[107103, 51892, 70917, 57422, 21070, 18932, 33185, 70169, 97389, 30193]"
117444,"[39790, 77140, 12792, 39563, 49194, 104861, 38727, 13096, 23880, 79972]"
117445,"[21017, 15814, 40257, 11580, 80294, 66472, 91821, 61307, 52397, 42177]"
117446,"[260, 7000, 13085, 102474, 15194, 83905, 98661, 25783, 61314, 36906]"
117447,"[52938, 48044, 70641, 54291, 25636, 27066, 19340, 6711, 28157, 1322]"
117448,"[40084, 20691, 41274, 4093, 30351, 13210, 39025, 56164, 106707, 68043]"
117449,"[45181, 104754, 14949, 47473, 32820, 96418, 25542, 20027, 80347, 107752]"
117450,"[31274, 97906, 48769, 61057, 14338, 108512, 95511, 36180, 59115, 14410]"
117451,"[68000, 38541, 11259, 99064, 10208, 57513, 33966, 76396, 57047, 77796]"
117452,"[78089, 13430, 65800, 86567, 85958, 96994, 70169, 86842, 87102, 73164]"
117453,"[88620, 5038, 66347, 58809, 3940, 95511, 59964, 88372, 22158, 14338]"
117454,"[73161, 32116, 23818, 48585, 75856, 34252, 68834, 98017, 75541, 86451]"
117455,"[75708, 22908, 102541, 38714, 13744, 26159, 79537, 1291, 104100, 80448]"
117456,"[87112, 53276, 58365, 25300, 33970, 30898, 81442, 102452, 35952, 57686]"
117457,"[77601, 93064, 54986, 27801, 44503, 88325, 23595, 107114, 33521, 21215]"
117458,"[53168, 33919, 44622, 42490, 78033, 36751, 79356, 29662, 94233, 29626]"
117459,"[11725, 2829, 96867, 60117, 41723, 35860, 67515, 97108, 55810, 56163]"
117460,"[29318, 61317, 22931, 100614, 72595, 63374, 40310, 56547, 11329, 56964]"
117461,"[58773, 56223, 37051, 2685, 90435, 97033, 103361, 66457, 68689, 33496]"
117462,"[70523, 2142, 79013, 1516, 17438, 56888, 86290, 24563, 11066, 11219]"
117463,"[9199, 19993, 95639, 84536, 15632, 36328, 81628, 72579, 59686, 52878]"
117464,"[32801, 85845, 89042, 70255, 51795, 7331, 39882, 101141, 41551, 97167]"
117465,"[106337, 47730, 531, 36162, 50675, 92599, 80915, 26386, 53685, 64944]"
117466,"[106788, 7515, 81566, 22290, 67749, 58336, 91668, 79772, 62129, 71093]"
117467,"[45212, 78704, 16712, 2152, 45045, 85769, 53100, 106575, 72143, 13542]"
117468,"[105010, 64098, 14883, 20399, 54690, 4102, 40754, 89734, 44378, 85142]"
117469,"[26603, 105404, 93440, 18080, 58116, 70901, 91703, 37461, 78059, 29293]"
117470,"[44929, 25108, 22304, 87795, 84410, 29355, 15097, 40494, 57616, 31568]"
117471,"[70886, 78888, 1011, 60369, 56219, 57734, 90902, 32708, 34405, 54204]"
117472,"[73309, 105451, 4909, 41988, 35754, 45457, 109216, 55379, 100681, 7514]"
117473,"[59069, 96603, 82583, 97726, 5101, 82069, 100736, 96608, 15957, 87244]"
117474,"[103432, 90245, 108415, 96563, 84550, 36456, 108272, 24188, 6642, 68672]"
117475,"[75989, 17532, 2181, 100660, 44758, 68237, 68667, 40596, 35643, 25285]"
117476,"[47631, 60752, 61134, 32029, 45327, 78362, 106530, 75965, 88342, 20707]"
117477,"[65726, 76812, 32909, 51644, 69909, 55527, 13832, 25468, 10970, 86552]"
117478,"[26512, 70313, 8741, 82088, 10591, 77527, 102017, 67491, 84945, 90793]"
117479,"[88980, 20726, 83874, 73561, 88121, 96594, 102554, 25951, 99816, 89302]"
117480,"[61165, 6587, 32877, 8570, 77956, 78590, 59272, 57872, 60108, 55766]"
117481,"[11977, 7903, 98257, 78502, 103476, 34686, 41928, 83448, 52372, 26516]"
117482,"[76407, 79955, 99639, 66902, 5860, 62146, 44534, 63131, 29032, 105251]"
117483,"[44208, 35772, 28934, 14920, 1522, 45486, 23403, 51776, 11400, 89710]"
117484,"[51813, 95764, 6221, 31226, 7153, 76841, 46317, 61234, 74067, 97045]"
117485,"[51860, 19213, 84888, 106513, 64206, 32985, 32243, 15935, 19806, 85252]"
117486,"[105359, 38568, 2054, 19257, 79128, 46566, 37408, 36421, 73779, 9371]"
117487,"[64090, 23417, 54047, 49451, 86368, 3004, 100914, 63639, 101420, 18109]"
117488,"[109424, 51560, 81583, 50134, 98216, 67098, 64028, 58681, 39046, 32480]"
117489,"[83153, 42819, 88701, 21230, 17374, 41463, 84550, 85729, 14627, 51532]"
117490,"[26743, 51080, 72604, 46801, 62341, 5492, 38395, 48035, 85477, 41288]"
117491,"[31310, 83796, 71420, 33266, 39345, 13281, 1563, 95726, 13818, 97520]"
117492,"[19703, 17505, 72805, 101648, 48609, 48013, 9754, 75058, 96337, 15826]"
117493,"[60059, 68849, 40330, 39123, 58868, 59167, 87365, 20637, 39878, 13586]"
117494,"[10635, 103434, 17484, 9827, 7811, 17408, 55163, 60809, 61648, 33336]"
117495,"[1456, 91617, 75494, 80846, 17621, 45623, 17951, 22462, 61248, 64326]"
117496,"[68326, 91871, 26331, 62682, 83235, 37411, 103039, 12835, 54626, 15540]"
117497,"[7433, 27223, 17687, 95795, 48328, 106020, 55015, 56321, 45695, 77555]"
117498,"[82067, 82275, 76023, 69569, 88147, 8676, 86775, 32398, 44620, 85984]"
117499,"[20279, 90921, 97349, 56508, 43803, 63101, 20102, 57008, 30465, 75903]"
117500,"[43693, 19838, 40316, 47619, 42227, 65954, 26738, 55709, 57910, 15336]"
117501,"[39912, 498, 32182, 43317, 91324, 22111, 45862, 98278, 104153, 31731]"
117502,"[106075, 45066, 41905, 9797, 34682, 86986, 43829, 37880, 35980, 104572]"
117503,"[53112, 82499, 65674, 4211, 54794, 31241, 9212, 47305, 20554, 88953]"
117504,"[72143, 86072, 100, 11773, 22160, 17880, 68377, 35988, 57053, 17531]"
117505,"[92246, 13786, 14469, 87863, 105183, 77200, 13673, 87880, 16150, 90964]"
117506,"[60037, 46003, 85904, 28821, 83952, 61406, 104833, 2440, 1618, 51703]"
117507,"[8801, 29293, 79069, 82273, 26956, 68751, 109644, 18080, 51868, 97054]"
117508,"[72207, 9770, 107807, 70230, 29935, 99818, 18392, 76501, 99888, 109378]"
117509,"[49771, 66033, 86246, 1348, 53240, 107871, 22948, 64897, 105218, 36148]"
117510,"[82862, 29265, 41323, 54755, 7335, 55254, 22377, 42320, 51293, 89969]"
117511,"[100277, 69543, 21928, 20594, 38788, 93163, 37567, 79836, 29676, 56483]"
117512,"[52863, 20172, 33214, 83579, 86145, 105712, 1735, 64789, 85713, 36199]"
117513,"[90363, 82229, 32818, 767, 51868, 8801, 78527, 78196, 22605, 51171]"
117514,"[75601, 109418, 31881, 21388, 11074, 96036, 10816, 86124, 29632, 95285]"
117515,"[22377, 61259, 35853, 56239, 3332, 20197, 55254, 42320, 27114, 60669]"
117516,"[5758, 29030, 38853, 29914, 29091, 48973, 52056, 65598, 10343, 41477]"
117517,"[54062, 8494, 50590, 58305, 6680, 56121, 103119, 108595, 107847, 70318]"
117518,"[35930, 30272, 46683, 16063, 93076, 28171, 91447, 16410, 31321, 7085]"
117519,"[21823, 78702, 4490, 6897, 102035, 98821, 2802, 31197, 19975, 903]"
117520,"[81401, 26246, 67943, 32498, 26600, 23659, 60554, 74825, 83121, 90255]"
117521,"[77987, 82503, 39834, 43257, 19701, 73757, 84834, 88316, 98586, 76585]"
117522,"[49848, 65182, 98240, 83096, 68022, 31786, 24441, 98204, 75331, 5604]"
117523,"[94447, 103009, 22968, 1728, 52266, 6755, 47593, 31366, 56069, 70077]"
117524,"[65061, 86184, 32852, 99984, 3190, 59400, 81382, 65388, 48999, 22255]"
117525,"[20646, 64507, 65034, 32102, 78995, 13361, 22548, 106790, 87831, 84014]"
117526,"[33023, 109506, 49649, 25546, 27235, 5039, 36092, 10923, 87927, 5730]"
117527,"[80149, 78241, 6168, 90579, 9027, 9945, 24802, 28996, 108416, 101449]"
117528,"[60705, 83273, 101172, 92698, 35601, 51817, 34575, 66238, 44218, 19702]"
117529,"[84969, 36217, 26013, 10123, 42147, 43760, 32205, 106901, 51969, 105960]"
117530,"[45339, 61932, 77774, 33789, 106391, 76979, 75736, 104955, 39176, 23863]"
117531,"[31024, 50799, 23426, 48276, 82356, 7914, 584, 38673, 26167, 68944]"
117532,"[69774, 84770, 18123, 78382, 53767, 49696, 92560, 91963, 7770, 92001]"
117533,"[101205, 50023, 34910, 72781, 43996, 50647, 91792, 51031, 95372, 59985]"
117534,"[20249, 45352, 16961, 63865, 92451, 33447, 2687, 30786, 20700, 37891]"
117535,"[7450, 89743, 48841, 39404, 3134, 49562, 11764, 35230, 70560, 45007]"
117536,"[62388, 7379, 60181, 94818, 83214, 31160, 24227, 15802, 56773, 86932]"
117537,"[4331, 31768, 69921, 26228, 68486, 55642, 2428, 47394, 80573, 46147]"
117538,"[74353, 64138, 93426, 34667, 532, 78328, 667, 80691, 32565, 49136]"
117539,"[40369, 58659, 94257, 104265, 100767, 80912, 97780, 83324, 37713, 17772]"
117540,"[81426, 84293, 59769, 61683, 18008, 11258, 86650, 85572, 105180, 6912]"
117541,"[80325, 107986, 36047, 2755, 86411, 3466, 65972, 24322, 58831, 24725]"
117542,"[107247, 2021, 87294, 24801, 58190, 87381, 88093, 49239, 24258, 73705]"
117543,"[86077, 84047, 26860, 103813, 20867, 10374, 17270, 20820, 1633, 104777]"
117544,"[53023, 28845, 15264, 20707, 70073, 11465, 61134, 104952, 46023, 102379]"
117545,"[81894, 43473, 105933, 17203, 40619, 53086, 73205, 109517, 86555, 46076]"
117546,"[42942, 43940, 88996, 37183, 106939, 83083, 82270, 45008, 24700, 58601]"
117547,"[36595, 54340, 57429, 86564, 52867, 58557, 52565, 79457, 50715, 89708]"
117548,"[68375, 88119, 33116, 29964, 25652, 57129, 19195, 2343, 62565, 41469]"
117549,"[89819, 52098, 28119, 83824, 42248, 99767, 77392, 12389, 20902, 8426]"
117550,"[86760, 84083, 839, 71345, 46329, 94381, 37667, 104348, 78379, 6925]"
117551,"[47083, 31025, 56383, 26996, 41334, 11841, 35672, 83016, 107708, 47850]"
117552,"[98336, 21773, 13804, 81314, 55359, 85398, 30268, 2330, 66246, 73009]"
117553,"[107722, 101113, 50061, 49739, 40647, 90168, 53332, 93361, 10684, 47003]"
117554,"[28204, 51960, 8082, 56082, 9189, 53862, 98313, 19824, 76770, 56853]"
117555,"[102730, 27585, 83349, 78996, 85887, 50929, 39580, 55023, 45359, 96197]"
117556,"[100626, 81985, 15954, 82521, 42911, 3625, 97766, 4345, 93101, 9808]"
117557,"[43729, 32146, 83305, 9557, 92817, 37232, 26967, 38037, 14434, 44643]"
117558,"[2864, 58273, 48410, 42939, 48426, 20106, 46399, 101528, 3809, 108612]"
117559,"[47093, 86736, 35960, 35912, 51266, 95154, 103169, 69397, 40198, 67001]"
117560,"[36627, 19822, 105473, 46162, 60213, 99892, 43476, 51618, 21663, 56184]"
117561,"[28966, 8756, 25478, 23505, 52511, 71480, 107641, 31017, 83076, 4829]"
117562,"[40856, 108057, 7775, 10780, 61865, 13278, 48376, 31949, 105562, 33894]"
117563,"[69183, 107511, 104391, 47596, 71720, 60035, 87876, 72740, 106841, 18495]"
117564,"[104176, 32668, 90591, 82695, 102569, 30470, 36482, 28016, 85892, 18347]"
117565,"[61959, 29953, 73747, 58751, 49006, 59333, 79124, 79250, 31167, 86547]"
117566,"[84754, 23257, 1968, 64331, 101420, 80111, 40261, 104607, 66105, 23076]"
117567,"[16159, 29728, 1366, 55782, 22319, 55493, 80804, 33064, 15304, 53387]"
117568,"[74028, 30281, 61406, 24406, 7852, 91546, 46003, 97154, 67025, 64993]"
117569,"[41427, 85218, 72474, 38025, 101106, 98813, 57996, 104425, 7359, 22560]"
117570,"[42890, 2167, 10161, 100216, 18202, 23592, 48215, 19826, 105240, 16706]"
117571,"[699, 59696, 75741, 20821, 45382, 91387, 32960, 84906, 109298, 30591]"
117572,"[49551, 64082, 6009, 94486, 8241, 19207, 53328, 42784, 103685, 67929]"
117573,"[57087, 76576, 84356, 36206, 61630, 88981, 62650, 67161, 16529, 53151]"
117574,"[44404, 53041, 86343, 18012, 94238, 10698, 4308, 74781, 39304, 18770]"
117575,"[26263, 107239, 20747, 106279, 4573, 99729, 76457, 54836, 57959, 69566]"
117576,"[103126, 23434, 83469, 75575, 102418, 107324, 48222, 10021, 50219, 103449]"
117577,"[94777, 48402, 55140, 7091, 8807, 17749, 55382, 68269, 35503, 22406]"
117578,"[16938, 11457, 39063, 34857, 82188, 52999, 12679, 108650, 94700, 100936]"
117579,"[58875, 17345, 14967, 68636, 87208, 57381, 11491, 45796, 95779, 88945]"
117580,"[32862, 77436, 73986, 11209, 74108, 35499, 31433, 90864, 50860, 108356]"
117581,"[89604, 65648, 22840, 22400, 24390, 15299, 39942, 81665, 41954, 47581]"
117582,"[9893, 107112, 53765, 79523, 15678, 75901, 39336, 47475, 71314, 65637]"
117583,"[45801, 81997, 97381, 94687, 7841, 3632, 104088, 46410, 1226, 58779]"
117584,"[46475, 87345, 80470, 29870, 23099, 87538, 63576, 91808, 92892, 41183]"
117585,"[18535, 102754, 65005, 50288, 80845, 23962, 66322, 83570, 24031, 94200]"
117586,"[45040, 95834, 20386, 50364, 46742, 8197, 89583, 25067, 35947, 104627]"
117587,"[91083, 93141, 22928, 61960, 83181, 3421, 34169, 16150, 61825, 48928]"
117588,"[58406, 69149, 55430, 85081, 27071, 35468, 91506, 107036, 88681, 32830]"
117589,"[18342, 5220, 5457, 96221, 9365, 96227, 77697, 31638, 102549, 29527]"
117590,"[85313, 22662, 77166, 62280, 38759, 89830, 11583, 26115, 51740, 61054]"
117591,"[55589, 4105, 77836, 34513, 80168, 68890, 93907, 76069, 99927, 14369]"
117592,"[27432, 83302, 55947, 9051, 30484, 64878, 56273, 71362, 38417, 18491]"
117593,"[14047, 31720, 79861, 56160, 71693, 87918, 24650, 104227, 45561, 1469]"
117594,"[57727, 65102, 4470, 1571, 77500, 54492, 37759, 42166, 35367, 89485]"
117595,"[81597, 92328, 78163, 88728, 28963, 96346, 19042, 31150, 7210, 25905]"
117596,"[69171, 9182, 62725, 99075, 65474, 46677, 29379, 52882, 107660, 53012]"
117597,"[84715, 21964, 71954, 59567, 86572, 30591, 57101, 12666, 42753, 90459]"
117598,"[31457, 108746, 63602, 37329, 101245, 52393, 93279, 52469, 62187, 74426]"
117599,"[20938, 18256, 14458, 12372, 85186, 52161, 5543, 59627, 71962, 69582]"
117600,"[65571, 23420, 20509, 78417, 94248, 27500, 39300, 15248, 9284, 6609]"
117601,"[88949, 61212, 55976, 42827, 96453, 87790, 105504, 32965, 30358, 70961]"
117602,"[6438, 45228, 35897, 58264, 64921, 8279, 82567, 53918, 7626, 95008]"
117603,"[85159, 9570, 13508, 94400, 59467, 41040, 45097, 25394, 56377, 71233]"
117604,"[58066, 81594, 24265, 25473, 95299, 70302, 93852, 108918, 5291, 54576]"
117605,"[66336, 36104, 58924, 96135, 28552, 85674, 81671, 102157, 9891, 121]"
117606,"[31870, 83084, 26424, 34858, 71744, 46532, 23648, 8080, 20110, 27833]"
117607,"[77507, 64882, 44006, 44674, 3766, 92022, 70270, 55434, 71055, 47413]"
117608,"[13071, 62569, 109169, 14418, 73221, 51215, 87371, 16083, 71654, 47968]"
117609,"[80221, 4261, 69348, 12671, 16915, 48310, 73904, 8314, 82431, 21874]"
117610,"[46982, 108540, 77766, 68842, 53728, 84548, 11166, 48233, 46048, 30949]"
117611,"[75778, 31398, 56812, 82833, 95998, 43251, 9652, 10597, 8318, 39891]"
117612,"[74584, 95136, 23720, 80381, 91103, 91409, 54433, 61020, 97469, 63434]"
117613,"[68551, 108383, 5154, 59894, 72363, 51569, 8224, 98174, 44158, 97290]"
117614,"[55898, 2475, 11860, 46615, 13833, 29961, 60517, 6959, 86834, 10788]"
117615,"[40344, 91441, 91155, 49810, 6629, 106859, 77534, 3239, 25224, 75490]"
117616,"[81786, 72770, 59624, 95663, 47346, 105067, 59236, 24508, 72404, 20381]"
117617,"[35820, 86096, 897, 98018, 95346, 63241, 109719, 28495, 53248, 91239]"
117618,"[49108, 108234, 73635, 36650, 65796, 34635, 26785, 28386, 2717, 23513]"
117619,"[30208, 100368, 43124, 56708, 38980, 34578, 29682, 59136, 62335, 104535]"
117620,"[71242, 5933, 17123, 13714, 9363, 918, 78439, 86303, 95556, 22663]"
117621,"[65411, 65970, 29473, 9063, 46182, 50690, 103311, 49971, 56212, 3637]"
117622,"[80969, 104691, 100664, 5955, 27354, 58087, 86854, 70193, 6620, 78021]"
117623,"[99167, 15688, 57968, 16622, 66890, 21636, 27424, 54432, 2078, 48196]"
117624,"[83005, 99923, 3644, 22778, 10901, 95951, 88991, 62953, 10096, 9562]"
117625,"[13186, 101542, 52963, 67125, 36591, 278, 24156, 59640, 101793, 43021]"
117626,"[76395, 88443, 59119, 45321, 89170, 83204, 78159, 4217, 3150, 6173]"
117627,"[72384, 59831, 50823, 97642, 14379, 23791, 5506, 14597, 43307, 56908]"
117628,"[21736, 96076, 68379, 93934, 18577, 101679, 43151, 26625, 87753, 21762]"
117629,"[26534, 69608, 84954, 107014, 1230, 57796, 86563, 16496, 85279, 40625]"
117630,"[107846, 31038, 89690, 56325, 37645, 106967, 72852, 109743, 60431, 108655]"
117631,"[84680, 6916, 107283, 25597, 44680, 95828, 94217, 102347, 100072, 65360]"
117632,"[38555, 86589, 78402, 33310, 40675, 100200, 64942, 41143, 103584, 82682]"
117633,"[50338, 84836, 16693, 36978, 98113, 11526, 104583, 25882, 99932, 93758]"
117634,"[88083, 21760, 45809, 52105, 58492, 78824, 77780, 71979, 105137, 96402]"
117635,"[105559, 29154, 5826, 99695, 65050, 40846, 37674, 34282, 109499, 29593]"
117636,"[68014, 74888, 21989, 99019, 59906, 19229, 69519, 77030, 59530, 29747]"
117637,"[86595, 77854, 84781, 12851, 19723, 26940, 46971, 109360, 22062, 46880]"
117638,"[101893, 35866, 14490, 93401, 47149, 102229, 40521, 55188, 34752, 18911]"
117639,"[52199, 30601, 4430, 11017, 51075, 44599, 37484, 97559, 4005, 61512]"
117640,"[88869, 94483, 98293, 66540, 25176, 106013, 100974, 4204, 739, 6873]"
117641,"[45457, 8861, 43182, 11785, 59749, 27529, 69228, 653, 50822, 36878]"
117642,"[65440, 45028, 6084, 52287, 75124, 29267, 34761, 44773, 109108, 70257]"
117643,"[33493, 40809, 20716, 94010, 79585, 87125, 93564, 48498, 10615, 69343]"
117644,"[14887, 101879, 66564, 70077, 42790, 43481, 105503, 86981, 29828, 56950]"
117645,"[48460, 47266, 65676, 80835, 77429, 79052, 64203, 88858, 57783, 50926]"
117646,"[32942, 27899, 77447, 25001, 29952, 11623, 54260, 38477, 16618, 68484]"
117647,"[27888, 104550, 63475, 107843, 35368, 32984, 17941, 103603, 49333, 69874]"
117648,"[53672, 78940, 36246, 47176, 923, 19190, 90582, 62652, 93359, 88269]"
117649,"[49283, 56137, 63836, 72485, 42480, 61351, 83251, 46191, 20746, 42074]"
117650,"[67086, 25318, 15210, 83165, 83710, 100659, 3427, 86008, 104787, 33974]"
117651,"[77817, 11527, 81719, 17858, 61196, 62303, 67374, 22247, 19387, 20090]"
117652,"[19934, 57453, 28879, 48806, 91848, 63715, 74692, 38635, 108425, 40869]"
117653,"[36187, 11638, 68018, 77448, 38442, 106775, 66737, 88756, 77622, 94688]"
117654,"[90265, 95529, 88663, 99894, 30104, 42723, 54411, 59146, 48516, 48353]"
117655,"[22229, 24756, 54699, 99551, 44882, 93145, 75633, 51163, 59494, 58919]"
117656,"[107967, 88852, 101387, 59299, 49290, 25547, 51802, 7315, 34817, 7747]"
117657,"[41048, 3043, 39098, 51767, 48126, 12023, 29273, 103842, 50456, 72060]"
117658,"[91162, 24896, 53331, 57415, 78645, 106182, 11025, 22195, 23157, 56088]"
117659,"[30315, 85600, 32989, 21800, 69855, 103563, 66294, 25938, 58369, 22327]"
117660,"[61888, 57593, 89533, 16205, 53323, 68229, 82760, 31090, 50489, 84681]"
117661,"[21365, 37860, 48360, 4019, 40089, 82871, 56533, 14078, 11197, 108646]"
117662,"[25615, 28355, 72636, 67358, 11643, 22306, 63793, 73920, 109400, 95653]"
117663,"[63719, 33717, 63707, 100958, 98369, 20849, 25533, 96455, 86853, 38200]"
117664,"[10877, 31635, 34376, 90037, 57738, 66580, 48507, 87016, 83804, 17016]"
117665,"[103848, 51324, 8000, 59110, 12844, 76591, 5778, 34978, 28652, 40772]"
117666,"[105792, 86786, 54760, 45936, 738, 72858, 72161, 25391, 33610, 16013]"
117667,"[36480, 33087, 12096, 4990, 62470, 84657, 57429, 107282, 48005, 106545]"
117668,"[14130, 79126, 42015, 36670, 83508, 34996, 45314, 12635, 21501, 17661]"
117669,"[78743, 109375, 63935, 73949, 28239, 32782, 79836, 93163, 94478, 42187]"
117670,"[31342, 86505, 65034, 50712, 22548, 55774, 82908, 65730, 39726, 64507]"
117671,"[81756, 76816, 41540, 66804, 46608, 25470, 86092, 78440, 16321, 58226]"
117672,"[631, 103274, 22217, 20803, 6950, 56790, 37257, 43817, 87810, 18710]"
117673,"[15673, 31880, 94057, 67328, 105090, 31506, 34632, 46438, 105502, 70205]"
117674,"[78206, 6476, 52032, 30526, 36625, 84818, 70720, 83584, 89239, 49585]"
117675,"[15165, 42910, 7789, 46775, 107466, 35654, 61899, 7926, 98929, 97790]"
117676,"[40686, 65077, 69410, 82552, 84408, 59699, 53517, 109106, 55110, 84671]"
117677,"[73293, 17475, 26937, 84289, 69390, 86719, 100737, 86421, 33500, 33661]"
117678,"[30121, 79047, 36178, 43593, 12138, 68417, 40212, 87807, 73476, 7505]"
117679,"[3235, 71104, 84643, 55914, 80908, 70408, 78624, 93038, 38484, 56618]"
117680,"[83095, 14589, 26787, 1960, 67707, 70136, 66560, 27150, 14798, 78883]"
117681,"[88660, 52213, 90850, 19203, 62049, 21032, 96254, 57404, 69767, 64474]"
117682,"[49169, 27838, 46567, 78611, 92143, 2522, 77731, 19892, 67954, 8268]"
117683,"[46048, 2477, 83337, 6780, 72721, 99574, 93346, 105859, 100634, 65021]"
117684,"[38703, 41167, 30095, 9781, 34113, 7207, 71428, 8413, 103691, 77861]"
117685,"[54062, 6548, 74554, 13701, 53628, 14248, 63397, 10417, 13556, 46512]"
117686,"[35561, 104081, 102870, 12281, 32337, 88940, 39938, 42289, 80747, 71005]"
117687,"[74626, 9604, 10055, 106406, 85010, 54529, 95178, 1076, 43574, 87838]"
117688,"[4457, 36281, 108964, 83610, 30714, 101365, 9858, 67499, 68867, 15374]"
117689,"[55793, 15317, 52816, 108289, 45166, 5428, 61243, 19514, 91094, 4496]"
117690,"[12308, 99112, 43056, 15305, 73743, 33972, 66740, 73918, 93788, 22851]"
117691,"[10450, 18357, 25305, 99873, 25920, 52982, 94789, 12474, 35806, 74462]"
117692,"[1719, 89376, 73862, 55437, 45850, 89822, 81262, 21999, 5645, 99468]"
117693,"[49555, 66733, 53905, 62942, 44495, 23170, 7264, 3553, 45867, 57631]"
117694,"[45992, 95849, 38946, 84745, 58011, 29076, 52479, 85599, 18465, 63139]"
117695,"[102763, 104578, 6879, 88850, 18562, 66456, 26462, 23785, 81895, 26470]"
117696,"[45637, 50866, 17396, 53426, 11384, 10493, 1675, 91792, 13504, 100473]"
117697,"[58238, 97311, 61647, 78121, 34613, 14765, 30964, 21256, 72476, 67440]"
117698,"[40584, 24183, 20709, 67558, 15601, 79277, 95349, 11576, 88730, 76095]"
117699,"[79621, 67043, 101817, 55639, 1820, 57541, 67907, 39860, 107885, 10878]"
117700,"[9360, 31465, 23017, 73933, 62575, 38798, 51553, 92612, 54388, 26402]"
117701,"[65459, 100029, 78911, 9933, 50730, 99169, 48197, 10568, 96891, 61433]"
117702,"[45697, 41463, 104145, 54636, 65272, 107389, 89517, 51906, 30922, 39607]"
117703,"[17692, 60086, 20286, 31119, 73215, 45420, 8931, 64335, 7157, 37201]"
117704,"[70140, 96543, 62252, 29089, 20717, 21134, 80497, 75860, 78370, 85467]"
117705,"[24920, 94879, 106974, 90586, 49672, 59884, 15768, 58177, 70421, 70985]"
117706,"[80571, 30115, 58925, 63230, 67815, 33259, 16392, 17082, 22056, 52319]"
117707,"[105001, 29819, 34015, 55432, 8773, 7439, 105911, 108206, 3808, 70806]"
117708,"[101500, 29048, 45116, 83385, 83546, 63264, 53533, 48146, 98413, 15271]"
117709,"[1833, 106282, 33403, 78684, 104187, 75636, 99764, 5487, 42050, 12189]"
117710,"[3539, 52599, 60607, 22784, 68974, 37471, 97807, 68779, 8166, 93499]"
117711,"[19257, 9371, 73779, 96122, 75740, 48039, 46156, 82612, 28791, 100454]"
117712,"[51366, 98016, 77997, 60060, 63293, 98423, 106398, 67986, 87285, 7660]"
117713,"[32064, 88305, 29389, 98521, 66525, 76226, 26552, 90613, 35487, 9991]"
117714,"[49036, 5161, 2896, 31074, 91603, 25959, 15481, 10678, 42034, 70697]"
117715,"[30713, 69512, 70887, 107690, 64358, 51696, 12099, 94109, 2338, 74405]"
117716,"[11795, 63858, 7879, 61245, 88052, 46021, 94726, 65675, 38857, 31481]"
117717,"[15554, 85999, 28229, 66025, 23750, 28225, 81777, 99698, 48097, 56456]"
117718,"[72711, 102164, 32606, 94906, 94141, 86554, 49418, 2436, 82741, 1928]"
117719,"[16447, 14366, 28092, 81305, 7668, 61464, 8898, 33695, 99396, 30047]"
117720,"[39095, 71344, 108414, 102152, 658, 28926, 26423, 1081, 83396, 63]"
117721,"[59471, 70323, 5921, 72404, 57813, 49221, 36083, 57151, 78972, 81774]"
117722,"[71208, 99739, 74454, 52806, 77481, 54034, 102756, 2958, 60243, 24327]"
117723,"[20594, 29676, 56483, 97248, 79836, 100277, 59220, 4727, 44491, 30830]"
117724,"[13612, 5192, 35448, 11391, 391, 107117, 87307, 61608, 58811, 88640]"
117725,"[37972, 65589, 102881, 16287, 48706, 5, 44010, 30102, 10143, 100889]"
117726,"[13363, 83620, 52665, 107090, 88933, 51423, 31486, 106414, 34951, 109349]"
117727,"[68090, 10149, 54355, 20367, 98680, 74576, 105499, 94468, 100130, 84636]"
117728,"[6999, 107901, 12529, 7686, 79625, 25023, 29056, 21801, 6129, 49730]"
117729,"[20037, 25509, 109246, 13147, 96588, 102567, 63828, 89649, 96785, 27439]"
117730,"[79452, 31886, 31314, 39838, 20451, 54252, 49031, 40927, 50135, 101640]"
117731,"[97827, 78623, 38572, 11357, 101388, 85952, 60143, 3660, 89299, 109066]"
117732,"[54338, 32190, 70227, 92889, 3734, 38953, 45500, 104293, 73911, 72019]"
117733,"[71184, 71924, 99684, 29720, 2123, 103066, 59522, 31113, 84723, 25202]"
117734,"[26146, 87043, 25348, 63781, 16113, 17278, 105811, 21066, 38734, 105713]"
117735,"[49235, 98071, 85128, 40175, 93623, 31680, 7712, 26700, 83336, 89069]"
117736,"[107361, 16346, 4514, 62378, 50084, 27439, 69252, 88011, 85030, 6763]"
117737,"[102192, 108882, 16035, 105762, 108699, 98155, 13243, 74368, 51827, 98338]"
117738,"[42412, 36548, 32981, 24443, 8183, 97502, 101131, 51904, 30576, 25255]"
117739,"[41974, 101771, 97077, 82618, 55119, 22915, 96890, 6938, 71758, 108332]"
117740,"[66694, 2014, 102202, 102296, 48651, 102473, 40722, 23624, 107582, 53989]"
117741,"[23798, 14331, 38596, 106277, 35186, 36160, 34847, 81006, 15521, 84993]"
117742,"[108271, 46360, 72611, 71827, 84041, 44596, 17268, 81231, 99143, 6880]"
117743,"[10014, 96019, 13426, 29695, 55031, 100008, 104614, 23230, 56552, 94183]"
117744,"[99746, 2952, 3350, 94698, 101278, 99942, 54382, 5851, 64456, 108836]"
117745,"[86027, 23308, 62194, 100851, 44779, 24452, 17949, 8914, 52249, 6290]"
117746,"[108054, 79078, 36769, 6495, 33253, 39754, 32481, 80153, 45005, 55858]"
117747,"[143, 49672, 97200, 60790, 94166, 21248, 45997, 15768, 36337, 63341]"
117748,"[61803, 73533, 75674, 34613, 30227, 104238, 14485, 109149, 61647, 31013]"
117749,"[83514, 86855, 51185, 90856, 98739, 24454, 78055, 50919, 82848, 18418]"
117750,"[57311, 1526, 84280, 6143, 1499, 106502, 102105, 67104, 34135, 6305]"
117751,"[87697, 100614, 54571, 74939, 63249, 85644, 38584, 84897, 29318, 89965]"
117752,"[77360, 55244, 73074, 97319, 93646, 109344, 27416, 77836, 86938, 72970]"
117753,"[8882, 50987, 76432, 82529, 21367, 20398, 4232, 71485, 86160, 78969]"
117754,"[20163, 102222, 102523, 12281, 92735, 92739, 103014, 39456, 54065, 29597]"
117755,"[61538, 34610, 12376, 24874, 44424, 65907, 3278, 47594, 13237, 20266]"
117756,"[42532, 11412, 54684, 18979, 65170, 73098, 62020, 34224, 84601, 49034]"
117757,"[36648, 5949, 28327, 10337, 95732, 53185, 52365, 9156, 45254, 11897]"
117758,"[93348, 53299, 92915, 97875, 63697, 38094, 43891, 84846, 89644, 58330]"
117759,"[95798, 108800, 8513, 51004, 28436, 12149, 66178, 52759, 45643, 89274]"
117760,"[39159, 11614, 71810, 61383, 35844, 17230, 98004, 99821, 28345, 53264]"
117761,"[97558, 21239, 84226, 50861, 16175, 20302, 90574, 77720, 20442, 82845]"
117762,"[100359, 106833, 67570, 38622, 13602, 26520, 19270, 41819, 2406, 102545]"
117763,"[27443, 29645, 67399, 56222, 6380, 89984, 92880, 57158, 11207, 26452]"
117764,"[52405, 85215, 14325, 81449, 102105, 5756, 30376, 77465, 106197, 84084]"
117765,"[32760, 89682, 17327, 28810, 109549, 28032, 67899, 57283, 42342, 63510]"
117766,"[74585, 47088, 30549, 4154, 79795, 60813, 69422, 73223, 98037, 9056]"
117767,"[65244, 56485, 49877, 44043, 91338, 79221, 8952, 23681, 30743, 39449]"
117768,"[103471, 100269, 84335, 17140, 57834, 69452, 33471, 56774, 19859, 48783]"
117769,"[62044, 27242, 8534, 58584, 21996, 54947, 102652, 66583, 11194, 34727]"
117770,"[56899, 64594, 6759, 8707, 103731, 52907, 75270, 34811, 65415, 82723]"
117771,"[11472, 90269, 98548, 20734, 37676, 89236, 103147, 28982, 25347, 51127]"
117772,"[50843, 88210, 7181, 19846, 71231, 47613, 17306, 81123, 67120, 5042]"
117773,"[25949, 47857, 74510, 83612, 79043, 36521, 82462, 24870, 66134, 9674]"
117774,"[78814, 36351, 108982, 82888, 12395, 14471, 6467, 11759, 85115, 61850]"
117775,"[96413, 44851, 88087, 49816, 72166, 25052, 91267, 56874, 65042, 19935]"
117776,"[35062, 7216, 69025, 22232, 42348, 53496, 37648, 83461, 43533, 45800]"
117777,"[59481, 35077, 90186, 56593, 76698, 37912, 23296, 85043, 71715, 16891]"
117778,"[21454, 76378, 94807, 93340, 106501, 91732, 74213, 41919, 4025, 13202]"
117779,"[61912, 29814, 87131, 41276, 94524, 13164, 104262, 105488, 12473, 99081]"
117780,"[95757, 93863, 17413, 90249, 85604, 101105, 33021, 29402, 73209, 47736]"
117781,"[96772, 104009, 67639, 66977, 42014, 51113, 62100, 17489, 107355, 27325]"
117782,"[84348, 7133, 11658, 72434, 73447, 2843, 108155, 8976, 68055, 34055]"
117783,"[61442, 58281, 30952, 34257, 76365, 13374, 41144, 19881, 21782, 56315]"
117784,"[95094, 5083, 75294, 43750, 8535, 101921, 78968, 69056, 64663, 11474]"
117785,"[50962, 95389, 12631, 82107, 59945, 13795, 60745, 14631, 87978, 27225]"
117786,"[4586, 92176, 41894, 70280, 21693, 71219, 33762, 27313, 79116, 109639]"
117787,"[34620, 27065, 6235, 103678, 37219, 65317, 95906, 59920, 92490, 105074]"
117788,"[1711, 36423, 109116, 71433, 5186, 41846, 66376, 5295, 29180, 94066]"
117789,"[25920, 52982, 72733, 106618, 3904, 18357, 72076, 49341, 21119, 60477]"
117790,"[58080, 75128, 46633, 57973, 89058, 61796, 11716, 29098, 86991, 70119]"
117791,"[4772, 101599, 23934, 34762, 101347, 43500, 69998, 71411, 31630, 97972]"
117792,"[2037, 89543, 78073, 26160, 26208, 88138, 107529, 60677, 56194, 24978]"
117793,"[38363, 87370, 62746, 49977, 89241, 43730, 60763, 45021, 69411, 24573]"
117794,"[98846, 10214, 12370, 21111, 93371, 27905, 55707, 3594, 59062, 70178]"
117795,"[96399, 76117, 102592, 22755, 34496, 5259, 18933, 23149, 42962, 83792]"
117796,"[107597, 34148, 47097, 35918, 24660, 63831, 93013, 72371, 86808, 59218]"
117797,"[74565, 72230, 107599, 81974, 1037, 106164, 94599, 63757, 53965, 38322]"
117798,"[3339, 76403, 80837, 50700, 5357, 82578, 17147, 35088, 105484, 81552]"
117799,"[31455, 89437, 42971, 102035, 48175, 17963, 23581, 87730, 16594, 21938]"
117800,"[30676, 89934, 64766, 60038, 36574, 22348, 91608, 6478, 90749, 16471]"
117801,"[91686, 8445, 87485, 72153, 25779, 63927, 28736, 5235, 85041, 88907]"
117802,"[16315, 20472, 46621, 9909, 68601, 81239, 30455, 38092, 106485, 46634]"
117803,"[75763, 72553, 51757, 60197, 94564, 91933, 28792, 24574, 13674, 54606]"
117804,"[28338, 23184, 61374, 27501, 99535, 33704, 42283, 33007, 28697, 4653]"
117805,"[86863, 7991, 37438, 83929, 18311, 93666, 101004, 23004, 84490, 53107]"
117806,"[29721, 12535, 47414, 32415, 82690, 90499, 6289, 5496, 33983, 45742]"
117807,"[81895, 58511, 33245, 103908, 26462, 18562, 18514, 84221, 79281, 104402]"
117808,"[41131, 83978, 98980, 61601, 58700, 44735, 64876, 89627, 105523, 13000]"
117809,"[36473, 65572, 51703, 7917, 99372, 61625, 27580, 2536, 82506, 32531]"
117810,"[99719, 77484, 21141, 65423, 109021, 54587, 76748, 7882, 24751, 9476]"
117811,"[31266, 47110, 49065, 24958, 11446, 75469, 51967, 48367, 92190, 1356]"
117812,"[36363, 78045, 37486, 11754, 42090, 12761, 85371, 85217, 41947, 71100]"
117813,"[76326, 63575, 54012, 30994, 65712, 35382, 25971, 1630, 76009, 100705]"
117814,"[39687, 50981, 27808, 101162, 96789, 44180, 45490, 69160, 40829, 52271]"
117815,"[101768, 12766, 59648, 23859, 11215, 69612, 94092, 12251, 87480, 88284]"
117816,"[106505, 57333, 65490, 4524, 26955, 80818, 271, 4661, 65771, 28905]"
117817,"[51375, 74320, 81795, 55992, 78597, 14834, 11667, 4723, 54423, 90635]"
117818,"[1660, 27810, 43831, 43066, 67689, 14531, 86731, 76315, 79081, 39529]"
117819,"[15210, 12824, 1647, 62485, 72383, 73115, 25318, 10416, 51282, 15709]"
117820,"[45183, 8031, 77820, 86370, 78183, 74731, 18297, 14406, 7223, 94332]"
117821,"[102978, 23892, 8808, 42103, 78578, 59224, 106345, 2539, 78944, 52024]"
117822,"[91565, 48410, 48426, 37067, 88219, 92507, 62418, 42939, 88344, 102135]"
117823,"[85091, 27549, 42255, 106136, 92943, 65852, 49543, 63144, 2074, 44899]"
117824,"[101544, 31754, 88862, 61451, 68433, 23453, 42586, 9431, 102420, 93530]"
117825,"[43548, 1333, 73653, 90215, 77203, 85690, 91202, 41409, 74874, 20156]"
117826,"[25725, 25118, 66875, 21278, 89977, 93132, 41734, 38694, 20979, 67301]"
117827,"[40599, 48914, 108151, 69362, 9234, 1303, 71149, 6807, 56108, 92695]"
117828,"[76341, 37792, 44367, 78984, 80429, 89767, 62004, 71362, 31397, 106224]"
117829,"[15510, 72206, 1152, 45834, 98375, 33682, 35216, 45718, 78373, 81952]"
117830,"[63070, 40472, 94101, 13621, 84480, 3164, 105510, 70145, 10589, 36805]"
117831,"[95369, 42609, 22845, 53177, 82593, 77516, 4723, 99783, 89345, 82212]"
117832,"[66714, 53246, 16720, 58303, 69757, 72546, 73470, 109214, 29079, 43777]"
117833,"[105626, 26384, 39145, 33135, 54911, 24860, 106629, 100823, 69225, 73294]"
117834,"[15094, 431, 94419, 2929, 20842, 13124, 14399, 31290, 107302, 107939]"
117835,"[4418, 1093, 89652, 31757, 25105, 54817, 96499, 61242, 105721, 95945]"
117836,"[13310, 64862, 8820, 19498, 21840, 17044, 11035, 106949, 28473, 67164]"
117837,"[91194, 59818, 106200, 76412, 29397, 103713, 60734, 43230, 76690, 93509]"
117838,"[64251, 22591, 9208, 7591, 62188, 61387, 34241, 74232, 53622, 7710]"
117839,"[93340, 5181, 65305, 64154, 1112, 94807, 80826, 14878, 14858, 97400]"
117840,"[95895, 97789, 70895, 50724, 19996, 23900, 43236, 74099, 54263, 89474]"
117841,"[7390, 103969, 10838, 5440, 63231, 13519, 54937, 93432, 13054, 51620]"
117842,"[21465, 8020, 96752, 37971, 61897, 19704, 5246, 15004, 25257, 54619]"
117843,"[94184, 37718, 67672, 88057, 53100, 47580, 51230, 67446, 9149, 42006]"
117844,"[7103, 64026, 31788, 12241, 69831, 26512, 93022, 75850, 31865, 82088]"
117845,"[47133, 103598, 60690, 15895, 106680, 97471, 23662, 105756, 109237, 77485]"
117846,"[89620, 54005, 44662, 39105, 54259, 45879, 42791, 3802, 92863, 58649]"
117847,"[9163, 20447, 102645, 47771, 87523, 28363, 70640, 79093, 33850, 53624]"
117848,"[11939, 19021, 67305, 6027, 69465, 3171, 64675, 48161, 25363, 19963]"
117849,"[90362, 65393, 28212, 46466, 46840, 106592, 108496, 67770, 84935, 46318]"
117850,"[81899, 39726, 86505, 31342, 53217, 85960, 96375, 78024, 32838, 97165]"
117851,"[56499, 13714, 25179, 87710, 37086, 102376, 9363, 100143, 55534, 88958]"
117852,"[66450, 103404, 12727, 101025, 45662, 46280, 108872, 98085, 41545, 21632]"
117853,"[77142, 77326, 8586, 38451, 3686, 23790, 90163, 104145, 53322, 60261]"
117854,"[97955, 106803, 38135, 18985, 107466, 60865, 16853, 95833, 35711, 22983]"
117855,"[70760, 7442, 100036, 94333, 100188, 20211, 109426, 87054, 91091, 79327]"
117856,"[32206, 23137, 23735, 36323, 13951, 60995, 33191, 61626, 102213, 55584]"
117857,"[10132, 105578, 80816, 109453, 18245, 25239, 15821, 46958, 95511, 102185]"
117858,"[61053, 97211, 48983, 39663, 84379, 49064, 29860, 65317, 97534, 105278]"
117859,"[54082, 104372, 63342, 43282, 84258, 88591, 3495, 27477, 5571, 39416]"
117860,"[17171, 3066, 5166, 82569, 104910, 55980, 50530, 46957, 99090, 24582]"
117861,"[97354, 48985, 44105, 106584, 268, 2088, 93446, 71499, 8954, 48733]"
117862,"[75814, 47477, 94398, 74155, 98054, 74071, 109726, 87616, 63774, 22123]"
117863,"[34783, 64950, 70145, 94101, 70166, 13191, 68745, 75010, 5083, 64663]"
117864,"[84270, 10770, 48216, 34936, 22721, 104444, 5416, 61765, 73644, 65275]"
117865,"[39950, 71430, 8560, 102751, 4954, 41218, 75489, 65157, 30333, 50148]"
117866,"[95065, 52812, 95684, 10953, 89868, 92976, 10363, 82771, 46858, 96335]"
117867,"[67015, 79350, 23977, 108279, 81323, 87782, 35176, 77426, 101335, 62743]"
117868,"[84883, 13624, 33635, 4592, 14787, 94366, 28575, 46464, 11566, 65636]"
117869,"[70138, 12304, 83716, 48991, 10248, 62535, 54874, 61366, 3515, 23377]"
117870,"[45098, 35978, 188, 73654, 22129, 80392, 64258, 94474, 7458, 68365]"
117871,"[24540, 1014, 16787, 35550, 70695, 433, 96895, 56135, 39917, 29808]"
117872,"[95918, 103638, 42010, 25870, 53442, 98602, 55171, 77318, 88279, 108805]"
117873,"[47821, 50771, 84057, 11480, 24144, 86946, 17555, 59646, 4532, 54882]"
117874,"[64910, 87930, 42872, 64870, 15279, 3745, 17801, 102576, 101701, 86649]"
117875,"[90681, 26549, 7053, 31517, 106426, 23802, 64650, 38745, 86097, 86787]"
117876,"[70364, 97603, 103624, 100792, 44019, 18347, 21282, 70763, 2400, 25037]"
117877,"[46178, 22362, 67947, 80777, 38381, 94817, 87268, 30092, 82405, 29524]"
117878,"[84536, 5927, 22584, 9199, 106986, 77328, 45027, 79053, 82845, 97558]"
117879,"[39094, 49211, 5151, 31258, 11575, 56526, 64266, 98173, 103843, 21293]"
117880,"[102464, 101487, 34371, 20058, 74416, 85666, 86471, 106220, 92023, 29276]"
117881,"[19734, 46949, 68495, 63207, 20942, 6261, 38644, 94167, 89050, 94245]"
117882,"[60206, 6691, 66002, 92230, 35183, 46173, 25931, 108209, 36698, 10572]"
117883,"[21885, 25921, 95752, 62193, 69170, 97485, 42081, 53013, 93743, 46298]"
117884,"[51764, 5460, 3223, 30406, 42515, 72552, 20064, 13781, 24137, 108401]"
117885,"[9485, 63220, 97722, 58971, 44163, 65277, 60053, 543, 95775, 99759]"
117886,"[82612, 28791, 19717, 19257, 38182, 75740, 3192, 62820, 75142, 2211]"
117887,"[102287, 3318, 69965, 106811, 32431, 66188, 8401, 34054, 53370, 38554]"
117888,"[23695, 96662, 21135, 106126, 40305, 97569, 16582, 80711, 49253, 65214]"
117889,"[32860, 16288, 5903, 108592, 7172, 13282, 78641, 63464, 18461, 54113]"
117890,"[22416, 22600, 44094, 7023, 50317, 27190, 87436, 50416, 6660, 10357]"
117891,"[29809, 73198, 12477, 98246, 12760, 108460, 59453, 85884, 105810, 26460]"
117892,"[109561, 45796, 17585, 106568, 11820, 8548, 61320, 79204, 51108, 73254]"
117893,"[36264, 10948, 86488, 78416, 79857, 18529, 75393, 73399, 30468, 75307]"
117894,"[29157, 62155, 75283, 17916, 74238, 85032, 24087, 7321, 43523, 47136]"
117895,"[87535, 98500, 103513, 49034, 77259, 40776, 90923, 55867, 25576, 27893]"
117896,"[54555, 50000, 28825, 53705, 49311, 71314, 72118, 15678, 17211, 79508]"
117897,"[103913, 66732, 78239, 55699, 42358, 64383, 28890, 64201, 30652, 82337]"
117898,"[103463, 91979, 88236, 66351, 57731, 62765, 31633, 52784, 19381, 71168]"
117899,"[15018, 26621, 6480, 20845, 98604, 46630, 57687, 99946, 70732, 44075]"
117900,"[11572, 16646, 87786, 90898, 106977, 63745, 4744, 66801, 66101, 32845]"
117901,"[102100, 87497, 85929, 25429, 31905, 45101, 59428, 26861, 26749, 59183]"
117902,"[42031, 20763, 77378, 6987, 96644, 108130, 8307, 93689, 45193, 66382]"
117903,"[55472, 102091, 19525, 14866, 59217, 69770, 102614, 42988, 72884, 33129]"
117904,"[90577, 56226, 93954, 44945, 52679, 49251, 17260, 109008, 36657, 88969]"
117905,"[24335, 77231, 99171, 56362, 101373, 88169, 108697, 13, 47221, 75182]"
117906,"[43043, 107791, 7522, 21817, 68169, 59139, 93755, 78386, 74906, 68957]"
117907,"[18410, 17093, 15822, 17141, 52993, 13604, 43995, 11793, 72473, 106957]"
117908,"[15299, 41954, 22840, 65648, 89604, 72017, 94441, 83288, 82983, 1654]"
117909,"[32599, 79444, 100395, 12394, 16825, 67811, 80591, 58717, 1190, 44358]"
117910,"[40016, 109098, 45171, 14543, 66935, 46512, 60186, 81748, 40432, 83074]"
117911,"[50935, 109020, 82345, 25743, 70548, 21578, 42823, 69340, 24594, 109732]"
117912,"[68751, 95847, 67010, 51868, 104900, 56416, 85756, 32818, 52133, 82273]"
117913,"[28463, 76493, 55441, 2810, 51268, 82116, 71198, 31375, 27357, 25506]"
117914,"[9862, 43634, 15001, 72466, 97700, 98145, 2101, 37665, 34720, 59499]"
117915,"[3497, 80934, 60132, 72777, 53547, 15870, 51752, 98200, 9127, 84061]"
117916,"[13531, 105213, 106624, 97352, 47429, 40838, 34850, 101061, 39433, 94955]"
117917,"[19169, 85366, 14304, 7076, 48844, 37032, 34626, 53589, 26209, 88750]"
117918,"[33425, 49704, 51455, 73638, 15554, 5742, 20119, 31697, 43834, 44302]"
117919,"[64992, 108561, 50887, 42504, 42340, 47385, 52969, 10315, 52189, 103182]"
117920,"[84403, 53696, 89770, 108134, 88458, 100793, 52838, 60472, 104608, 95405]"
117921,"[80376, 7948, 91504, 18603, 80718, 82841, 18225, 94218, 74782, 104559]"
117922,"[83584, 19722, 100561, 24267, 47734, 99005, 45033, 106179, 84274, 90975]"
117923,"[94235, 48292, 50921, 1041, 71878, 301, 35278, 16208, 102856, 31957]"
117924,"[38483, 88229, 40431, 6765, 36142, 78425, 27083, 49340, 96854, 24477]"
117925,"[1950, 93862, 27851, 26473, 80281, 60664, 25596, 36776, 5444, 27424]"
117926,"[390, 82077, 54789, 42771, 105350, 45541, 30911, 66456, 33245, 26462]"
117927,"[86978, 56110, 78599, 96634, 49491, 40182, 54740, 932, 85343, 37006]"
117928,"[61817, 82363, 54546, 50117, 48621, 106434, 65444, 13959, 53088, 45361]"
117929,"[54641, 26206, 71551, 84827, 83532, 20579, 37046, 51357, 40926, 88606]"
117930,"[30710, 3269, 64442, 106794, 2456, 60455, 13615, 64059, 45972, 28985]"
117931,"[60497, 20791, 24696, 104185, 36414, 36853, 17920, 9580, 82768, 21594]"
117932,"[47716, 90052, 52883, 1904, 93135, 39257, 10703, 13470, 82676, 35094]"
117933,"[44242, 82657, 34218, 62809, 69916, 60949, 21759, 96762, 18241, 100884]"
117934,"[69668, 88629, 73826, 6806, 5327, 28804, 21361, 6942, 108028, 108672]"
117935,"[96694, 35626, 59943, 96445, 54151, 42521, 89826, 20559, 415, 89859]"
117936,"[28154, 6985, 43064, 82341, 9239, 99824, 8254, 3440, 34047, 18025]"
117937,"[99858, 44652, 103958, 41840, 30401, 18669, 42253, 37309, 49512, 40748]"
117938,"[106228, 9052, 33032, 80383, 89408, 8764, 52752, 23548, 20972, 101946]"
117939,"[42782, 36300, 28049, 23028, 13194, 87109, 80810, 70310, 96541, 32268]"
117940,"[88078, 69953, 107593, 93441, 64968, 44544, 81511, 24762, 21437, 93523]"
117941,"[11779, 101513, 93422, 61178, 96049, 85768, 76276, 26091, 35703, 109503]"
117942,"[61274, 29696, 24743, 53798, 93226, 63109, 83785, 16084, 102319, 33354]"
117943,"[70721, 69810, 73910, 76827, 29012, 71596, 7938, 27182, 96559, 62941]"
117944,"[92430, 102451, 26882, 64500, 56953, 97075, 10295, 8774, 63760, 16566]"
117945,"[6380, 29645, 66852, 67399, 77366, 46440, 100020, 73581, 87325, 90092]"
117946,"[69272, 876, 96120, 84132, 104566, 46458, 8687, 109701, 21190, 28932]"
117947,"[44054, 87838, 9604, 92077, 81214, 43574, 73587, 104515, 50638, 58251]"
117948,"[3017, 5976, 26380, 63170, 84088, 84695, 66916, 99628, 91399, 65810]"
117949,"[102196, 55590, 27229, 9987, 103930, 88135, 9574, 27979, 64950, 54272]"
117950,"[38406, 77980, 106952, 67445, 7288, 68557, 34388, 23622, 101004, 12400]"
117951,"[13974, 64358, 74405, 30713, 103293, 72343, 26819, 49722, 36293, 66948]"
117952,"[31213, 28555, 22644, 85841, 30499, 48967, 40887, 60378, 50291, 9507]"
117953,"[68580, 71280, 62387, 86367, 36086, 14365, 79941, 59473, 4385, 76100]"
117954,"[19022, 98558, 24406, 60571, 83858, 104151, 36378, 55892, 43366, 72646]"
117955,"[9950, 68164, 74751, 57842, 29263, 64710, 2792, 21055, 11249, 108176]"
117956,"[64091, 54410, 162, 55364, 74201, 68775, 54286, 34163, 60710, 43741]"
117957,"[100197, 41711, 107515, 28674, 84440, 39927, 24753, 41874, 81825, 55013]"
117958,"[29109, 9819, 95530, 95048, 33844, 93334, 35043, 43799, 7678, 108543]"
117959,"[61593, 15656, 105565, 102584, 15291, 104854, 52500, 81604, 83358, 12268]"
117960,"[75752, 47422, 53778, 37911, 57904, 57720, 92780, 47270, 81579, 42997]"
117961,"[33196, 4202, 24306, 40503, 66977, 37735, 25237, 23445, 84462, 6910]"
117962,"[32828, 53754, 70815, 40617, 33401, 32881, 106155, 92041, 106712, 53571]"
117963,"[76451, 56283, 48637, 86403, 69217, 101782, 22598, 85341, 108516, 50643]"
117964,"[7073, 51105, 4031, 87960, 67828, 69554, 44177, 71307, 104242, 3929]"
117965,"[93913, 7020, 88070, 78659, 88212, 49941, 97503, 108589, 22215, 39747]"
117966,"[57710, 39482, 72181, 1375, 1446, 107111, 14743, 90147, 18317, 46486]"
117967,"[22523, 25196, 32357, 14058, 91079, 27717, 103020, 2350, 9539, 71281]"
117968,"[65296, 62424, 24778, 16839, 97765, 9283, 37561, 29872, 18087, 20659]"
117969,"[85828, 49277, 23300, 96165, 61805, 16128, 104903, 99236, 62977, 85545]"
117970,"[101745, 42136, 50750, 47081, 107398, 52962, 100085, 109674, 30943, 71033]"
117971,"[93118, 75201, 1011, 61697, 96867, 78888, 58574, 69416, 34405, 43602]"
117972,"[44344, 52697, 99550, 38307, 1801, 18860, 77207, 20836, 154, 57045]"
117973,"[82324, 21320, 101284, 17607, 72435, 14452, 2398, 106601, 97039, 48173]"
117974,"[48840, 4346, 16970, 96916, 56446, 26135, 39205, 99129, 39746, 5]"
117975,"[96459, 25766, 19380, 82238, 6611, 17175, 8837, 17692, 77656, 60852]"
117976,"[3514, 6188, 14704, 41860, 90149, 94620, 48936, 11561, 591, 35206]"
117977,"[61678, 90046, 72162, 2615, 24388, 94650, 23917, 74424, 69642, 10962]"
117978,"[50202, 2265, 50131, 5328, 84352, 67767, 29225, 76513, 74944, 103949]"
117979,"[92568, 49482, 30475, 25457, 59606, 63460, 61121, 38119, 106728, 39859]"
117980,"[92849, 78061, 103935, 60292, 107433, 86654, 81050, 55836, 94490, 45722]"
117981,"[1892, 9491, 91446, 30338, 57167, 88734, 63441, 90694, 90737, 86554]"
117982,"[62318, 58509, 14834, 88158, 79914, 48631, 46694, 61711, 71993, 9040]"
117983,"[105591, 103488, 35759, 38542, 25508, 23808, 30865, 59997, 3276, 63868]"
117984,"[85432, 39344, 75859, 2300, 39690, 21878, 90496, 22401, 98164, 85507]"
117985,"[101754, 10843, 4347, 21993, 5296, 87905, 41486, 2704, 11121, 73556]"
117986,"[104276, 9235, 51157, 41953, 88901, 21989, 108443, 41998, 5817, 26435]"
117987,"[78103, 10498, 817, 6065, 97606, 60403, 22612, 86865, 81659, 74474]"
117988,"[45206, 62649, 84589, 81132, 51496, 13095, 77643, 26022, 89999, 88208]"
117989,"[46188, 101750, 95003, 65904, 94992, 49957, 60905, 38630, 35059, 29670]"
117990,"[49909, 732, 28391, 52931, 93171, 74483, 27748, 2442, 72091, 2493]"
117991,"[87550, 30027, 28979, 56028, 56526, 60628, 64626, 55186, 46744, 96247]"
117992,"[16937, 12277, 35669, 94151, 60701, 55251, 10000, 905, 75629, 12659]"
117993,"[103903, 42919, 43037, 42513, 101531, 75395, 57321, 1547, 8520, 87718]"
117994,"[97500, 29164, 74992, 101292, 107426, 82957, 72321, 54962, 11044, 33576]"
117995,"[99784, 51058, 20439, 76673, 47876, 38409, 98807, 48415, 39701, 105289]"
117996,"[44172, 66727, 60228, 30172, 108865, 103180, 100958, 45067, 72972, 8507]"
117997,"[102182, 13446, 4855, 63169, 11108, 56778, 87352, 104374, 26305, 69341]"
117998,"[33714, 19335, 20785, 37299, 79014, 51685, 40168, 14907, 10668, 75667]"
117999,"[17690, 40262, 34614, 108212, 88017, 13507, 83839, 83191, 10780, 28964]"
118000,"[66227, 22692, 6672, 87023, 58937, 25990, 17240, 5335, 56725, 849]"
118001,"[50706, 6572, 101437, 79948, 70733, 87332, 23213, 17183, 11043, 10189]"
118002,"[25500, 39139, 24203, 47020, 34085, 37441, 64214, 3468, 95607, 108577]"
118003,"[6574, 14291, 43143, 49339, 27520, 74443, 95306, 83192, 91889, 103249]"
118004,"[23748, 18914, 43277, 18103, 55418, 43687, 107064, 89383, 29808, 94940]"
118005,"[16771, 80041, 8997, 5306, 92609, 35485, 77172, 52276, 62361, 32562]"
118006,"[43979, 95423, 48603, 47647, 25810, 6812, 71816, 26414, 46522, 63864]"
118007,"[36454, 99297, 98464, 23795, 25776, 98094, 6407, 6869, 99787, 104790]"
118008,"[21757, 33941, 90629, 44504, 57956, 98674, 97761, 99855, 103552, 18276]"
118009,"[42363, 85161, 17386, 31093, 95120, 10577, 78912, 55760, 32192, 35486]"
118010,"[71890, 79132, 59523, 8937, 87215, 17955, 74127, 75904, 58326, 51968]"
118011,"[99848, 40834, 20866, 106730, 6950, 56790, 82237, 90156, 22797, 107368]"
118012,"[17891, 4389, 7738, 68317, 24239, 53997, 85695, 108390, 4815, 62420]"
118013,"[42664, 70624, 60385, 84867, 47121, 39066, 44041, 75813, 83279, 31445]"
118014,"[92134, 18021, 20582, 33715, 34077, 50371, 70515, 6067, 13283, 39666]"
118015,"[16408, 35381, 105120, 46559, 27984, 35549, 70472, 54188, 30193, 20502]"
118016,"[39887, 41908, 58437, 82530, 53912, 58064, 17708, 41148, 59935, 96756]"
118017,"[57181, 17935, 46652, 50333, 53317, 18129, 35762, 66578, 40244, 55588]"
118018,"[18114, 31400, 62408, 1440, 71054, 90252, 78641, 73102, 40147, 25904]"
118019,"[14105, 98021, 95348, 59687, 6175, 51073, 71215, 22060, 2120, 15531]"
118020,"[77444, 17344, 105365, 4884, 90611, 51152, 77706, 57675, 104847, 30125]"
118021,"[63490, 69342, 13696, 81715, 31936, 26274, 21117, 97329, 30546, 100759]"
118022,"[105955, 84780, 82039, 11178, 38270, 105316, 76667, 53641, 50916, 39947]"
118023,"[51549, 49882, 98335, 48675, 102396, 38424, 54466, 60725, 68038, 33292]"
118024,"[53936, 92354, 79065, 85567, 91322, 34914, 26850, 66158, 107332, 58504]"
118025,"[1567, 58781, 85896, 15169, 34424, 81409, 97771, 108890, 83438, 64198]"
118026,"[89017, 95641, 91983, 68154, 40550, 68855, 107414, 92154, 32901, 104314]"
118027,"[17668, 85036, 78551, 4947, 60477, 65688, 75213, 101763, 13681, 19983]"
118028,"[8189, 2209, 2198, 12876, 18786, 45841, 72406, 11223, 7542, 53881]"
118029,"[108522, 60102, 38855, 55490, 94940, 57392, 14715, 94523, 76767, 78596]"
118030,"[92729, 51756, 18111, 53103, 3063, 15116, 91329, 98112, 107374, 13255]"
118031,"[90422, 5663, 4637, 46454, 64624, 24400, 105077, 97030, 102493, 79755]"
118032,"[2018, 103590, 1929, 79946, 55596, 72395, 74481, 89432, 40632, 87819]"
118033,"[86846, 70652, 4101, 43883, 46360, 1443, 17268, 108271, 71827, 26959]"
118034,"[19199, 54680, 14790, 18989, 47254, 67485, 24488, 45704, 23786, 18660]"
118035,"[74530, 40680, 1483, 81510, 93640, 88794, 7934, 6115, 64277, 23298]"
118036,"[5964, 76799, 32089, 108246, 81026, 76295, 77842, 72749, 29305, 17214]"
118037,"[104100, 26159, 79537, 35922, 98612, 12193, 7629, 41542, 67843, 44095]"
118038,"[36306, 57441, 70795, 32166, 30581, 35461, 539, 71635, 104300, 89157]"
118039,"[39836, 9046, 80378, 35075, 50982, 2339, 99396, 33695, 89403, 76747]"
118040,"[96656, 91264, 88754, 59342, 60438, 72511, 8552, 15285, 2586, 72780]"
118041,"[40696, 70547, 104444, 51722, 4813, 7953, 63543, 55151, 102333, 33180]"
118042,"[80811, 78630, 87150, 71048, 37031, 39507, 64022, 94108, 95220, 23430]"
118043,"[20833, 43951, 11774, 49330, 13086, 96770, 35378, 23028, 21099, 5660]"
118044,"[95932, 98096, 7270, 21105, 104629, 18001, 49250, 25344, 57405, 69176]"
118045,"[52717, 21833, 100115, 46336, 15079, 66254, 70734, 105958, 73374, 11364]"
118046,"[102468, 109204, 47690, 42564, 38561, 63577, 76344, 7669, 100609, 48916]"
118047,"[19753, 66496, 32402, 61172, 97532, 59233, 79376, 27349, 100027, 58186]"
118048,"[15534, 107645, 8090, 25769, 90058, 86446, 17384, 91448, 65476, 58275]"
118049,"[22786, 7248, 92073, 33334, 39691, 42849, 59715, 61726, 96409, 84154]"
118050,"[99712, 52673, 89663, 12758, 35806, 12474, 105588, 32910, 55616, 21671]"
118051,"[64886, 7623, 74509, 88671, 104957, 15751, 34551, 55391, 76066, 94017]"
118052,"[80177, 61680, 62445, 18681, 41774, 35536, 37339, 53811, 85556, 38644]"
118053,"[28154, 6985, 43064, 82341, 9239, 73562, 34047, 18025, 74249, 94841]"
118054,"[43539, 26347, 12980, 38744, 40227, 68504, 21292, 15664, 79738, 58444]"
118055,"[11475, 75580, 14985, 94065, 96854, 8135, 83496, 6360, 85105, 15070]"
118056,"[66972, 12498, 71948, 49545, 14121, 70556, 66812, 81467, 44919, 104643]"
118057,"[27156, 55538, 90738, 64546, 7721, 71594, 109312, 42559, 5047, 38035]"
118058,"[52128, 77316, 97744, 4137, 26732, 74604, 106613, 1849, 16511, 101232]"
118059,"[75919, 100729, 79070, 84522, 9746, 96330, 45498, 100067, 13641, 97714]"
118060,"[16055, 24962, 66239, 89492, 102221, 76127, 8995, 33207, 56128, 83706]"
118061,"[92108, 55613, 67366, 30800, 1622, 108363, 53181, 106302, 77016, 37281]"
118062,"[40170, 54918, 64997, 97831, 30329, 29067, 104831, 35460, 60082, 16384]"
118063,"[95155, 19755, 86237, 22975, 19614, 61114, 22196, 60131, 13188, 41336]"
118064,"[29342, 12084, 54633, 21266, 48464, 8565, 22191, 15308, 88908, 69647]"
118065,"[99942, 101278, 55984, 19346, 55935, 9286, 24171, 32530, 24504, 6398]"
118066,"[35753, 89623, 92795, 25564, 79088, 73925, 98851, 100351, 7246, 93732]"
118067,"[63480, 74018, 33812, 53851, 4713, 62164, 78820, 88597, 7804, 79767]"
118068,"[17309, 91762, 45166, 106971, 39657, 18138, 19795, 25078, 66376, 15317]"
118069,"[55621, 49448, 52437, 39837, 106612, 82697, 66589, 38692, 5882, 76492]"
118070,"[9892, 101859, 7477, 13921, 33658, 58121, 27998, 56835, 11287, 31447]"
118071,"[3627, 27966, 27040, 23367, 6538, 11236, 78355, 104939, 83943, 54179]"
118072,"[79510, 36717, 33620, 93769, 54312, 90021, 2353, 65646, 8275, 7278]"
118073,"[3275, 67586, 79315, 98059, 1197, 18718, 76060, 18754, 105360, 24515]"
118074,"[11669, 46446, 58392, 29599, 39619, 8423, 54740, 34639, 31526, 80711]"
118075,"[85857, 56489, 73517, 92443, 44642, 107237, 94015, 108827, 28173, 13707]"
118076,"[50700, 51801, 10150, 75629, 81745, 90643, 24362, 61195, 3339, 82575]"
118077,"[16893, 9386, 14250, 82797, 21298, 89610, 65621, 16867, 28330, 38861]"
118078,"[72835, 88101, 73674, 90731, 17657, 88932, 99863, 28946, 3998, 15148]"
118079,"[32900, 39723, 18139, 11952, 80222, 47559, 65426, 37721, 27449, 90677]"
118080,"[71393, 31979, 23350, 57222, 71508, 88804, 54485, 88643, 64349, 23326]"
118081,"[73940, 5379, 40170, 41499, 106747, 69450, 17308, 30022, 58581, 64997]"
118082,"[26940, 20038, 33318, 24081, 77854, 98468, 60313, 46880, 93927, 61693]"
118083,"[60613, 89207, 59291, 90145, 47829, 78631, 55506, 44502, 34998, 105307]"
118084,"[34835, 4837, 67448, 102786, 73681, 90732, 88334, 64384, 27890, 6643]"
118085,"[75070, 49430, 106259, 38958, 103054, 27058, 64378, 107299, 81206, 98839]"
118086,"[45276, 28502, 54500, 40623, 39441, 61053, 16836, 94074, 30821, 2679]"
118087,"[31532, 80945, 95821, 55142, 87655, 36727, 89244, 18814, 89137, 100256]"
118088,"[10084, 82802, 109194, 105032, 62777, 594, 38108, 3198, 61235, 87424]"
118089,"[4856, 80962, 26856, 44687, 98950, 29416, 13410, 87740, 102689, 97361]"
118090,"[48689, 74752, 51042, 40779, 68170, 108007, 86491, 71749, 45085, 13200]"
118091,"[35589, 14462, 42303, 63938, 76320, 334, 82145, 103865, 98855, 88975]"
118092,"[50123, 62172, 47421, 85694, 75711, 85990, 58587, 69653, 102533, 67605]"
118093,"[107694, 10640, 5720, 50414, 102249, 29423, 101814, 27240, 13938, 79287]"
118094,"[99673, 56520, 8031, 105459, 51468, 33893, 15696, 108046, 6728, 29719]"
118095,"[19720, 1712, 83782, 27631, 94442, 7724, 16276, 84760, 87860, 75085]"
118096,"[2549, 39783, 7724, 65995, 32097, 91479, 67212, 52390, 27533, 96855]"
118097,"[34476, 94558, 89530, 106232, 13564, 9313, 99523, 60467, 64055, 10701]"
118098,"[19492, 72612, 34591, 5905, 17840, 17807, 2104, 25553, 79805, 82343]"
118099,"[97262, 74617, 90215, 1333, 73653, 50224, 61189, 31707, 69823, 49173]"
118100,"[32393, 24355, 65286, 83672, 84807, 46208, 68887, 29027, 36721, 76926]"
118101,"[35052, 61394, 41178, 21808, 102270, 53372, 6422, 91563, 76822, 18650]"
118102,"[40444, 81886, 54110, 1506, 36583, 25431, 7015, 99710, 61783, 35152]"
118103,"[16817, 19407, 35683, 34254, 78695, 16119, 26178, 38516, 84255, 62649]"
118104,"[72874, 37779, 6988, 67729, 108763, 69033, 25076, 20781, 15704, 68156]"
118105,"[45539, 104249, 60916, 106941, 33499, 96239, 106339, 82740, 90303, 100444]"
118106,"[94487, 39197, 6357, 23072, 37195, 103654, 80320, 91337, 16720, 80954]"
118107,"[45303, 17304, 38219, 6021, 86443, 48322, 40066, 104500, 38154, 108456]"
118108,"[52972, 98927, 25568, 64879, 55218, 108101, 9791, 19643, 34969, 69266]"
118109,"[7326, 3722, 53477, 77771, 85182, 74201, 55364, 54331, 80368, 22140]"
118110,"[51804, 2594, 682, 99390, 105419, 31800, 105579, 5947, 33709, 562]"
118111,"[83760, 65679, 3604, 53414, 99241, 51856, 41238, 90347, 39979, 86666]"
118112,"[98498, 3462, 81030, 46511, 78452, 93293, 49744, 74396, 1147, 73456]"
118113,"[27191, 5945, 80482, 5698, 6336, 15888, 102457, 36918, 96739, 23467]"
118114,"[74162, 96967, 42528, 48192, 63184, 67511, 66334, 5681, 59402, 20561]"
118115,"[6968, 70189, 92647, 25994, 56022, 62968, 55197, 25622, 38910, 2741]"
118116,"[42986, 13042, 16916, 53269, 84156, 18007, 5229, 10926, 31328, 45377]"
118117,"[94099, 90978, 85244, 93099, 74752, 10598, 55594, 100706, 82807, 94554]"
118118,"[25223, 26566, 64814, 10649, 26763, 76917, 13582, 38515, 18601, 14323]"
118119,"[97776, 98180, 89805, 93179, 47580, 9963, 13542, 8878, 23567, 44027]"
118120,"[61459, 44103, 12039, 10235, 108866, 98789, 8093, 47133, 105218, 59735]"
118121,"[11467, 66524, 28695, 87856, 19159, 91122, 50869, 39982, 79922, 42269]"
118122,"[99857, 74225, 96575, 41375, 80231, 101529, 64919, 15866, 85361, 37112]"
118123,"[20803, 22797, 631, 103274, 54989, 44683, 46399, 97731, 8775, 97664]"
118124,"[104474, 100448, 10644, 39062, 24678, 44895, 39590, 62071, 18486, 47575]"
118125,"[42245, 12692, 106374, 31424, 39230, 44464, 63069, 96570, 11691, 96613]"
118126,"[42392, 25067, 72773, 71389, 37471, 68974, 34514, 63972, 50658, 68853]"
118127,"[42008, 88047, 16558, 65638, 37315, 108808, 63234, 38379, 31396, 30736]"
118128,"[75062, 67219, 80805, 96245, 94499, 38412, 62894, 85927, 102653, 17241]"
118129,"[74563, 49615, 84610, 104837, 60326, 70623, 98359, 100256, 89137, 16240]"
118130,"[55012, 54243, 83091, 13507, 17690, 78424, 95298, 43562, 20690, 47563]"
118131,"[85815, 27889, 90576, 50782, 43585, 25753, 71923, 63179, 72368, 42610]"
118132,"[6771, 56719, 90843, 83530, 8133, 86907, 2489, 1568, 86459, 30491]"
118133,"[73852, 55087, 43603, 107333, 60067, 85779, 73571, 44645, 46296, 91191]"
118134,"[68680, 44482, 68996, 79456, 52145, 77505, 15054, 84874, 102832, 67618]"
118135,"[10777, 63975, 57836, 72139, 39624, 29848, 15703, 26082, 57960, 63373]"
118136,"[44560, 48497, 19148, 29389, 108925, 69961, 101649, 33516, 90613, 85795]"
118137,"[21184, 101137, 16053, 72689, 106147, 10758, 107656, 11005, 46535, 69962]"
118138,"[25670, 30205, 78457, 96630, 45712, 84872, 2712, 104062, 63465, 37274]"
118139,"[63005, 91683, 11689, 70183, 43432, 2666, 50739, 99162, 85227, 25870]"
118140,"[80293, 97366, 84437, 8505, 44399, 85625, 46111, 104656, 57157, 103668]"
118141,"[77416, 32488, 42294, 78845, 69753, 103482, 55507, 99720, 43478, 95505]"
118142,"[60890, 28531, 32101, 36553, 60012, 73331, 3621, 88771, 12862, 3633]"
118143,"[55091, 23141, 47168, 109447, 41457, 79481, 108118, 84588, 11796, 46136]"
118144,"[98045, 99864, 68908, 3343, 28095, 104037, 106984, 67721, 54559, 68745]"
118145,"[13388, 54834, 44801, 7017, 51290, 83009, 72956, 67637, 14844, 68669]"
118146,"[93146, 46501, 89798, 31907, 59742, 83793, 81364, 807, 11428, 26985]"
118147,"[63279, 20365, 11386, 20101, 41037, 54078, 53982, 23333, 37543, 48134]"
118148,"[30320, 24200, 19368, 45717, 49154, 53551, 86324, 109650, 58909, 36145]"
118149,"[33096, 85888, 104290, 15008, 17328, 100986, 35928, 4357, 28021, 97151]"
118150,"[21551, 87308, 57494, 80259, 54786, 98719, 67519, 38616, 77923, 41990]"
118151,"[74012, 12504, 5280, 103725, 60606, 28134, 94733, 58448, 48018, 17196]"
118152,"[5039, 27235, 66532, 10923, 11038, 9013, 87927, 69851, 10242, 54503]"
118153,"[6996, 93489, 20299, 29248, 83157, 71074, 91671, 24713, 22706, 97056]"
118154,"[68800, 24479, 88151, 22751, 88201, 6613, 62435, 855, 19841, 83663]"
118155,"[90640, 71207, 58146, 78569, 62617, 53736, 99476, 59382, 13941, 78969]"
118156,"[108085, 39275, 67529, 50767, 55195, 52532, 42720, 81809, 82390, 27738]"
118157,"[76600, 31085, 52866, 99852, 25283, 75048, 12686, 884, 8705, 67091]"
118158,"[81109, 3847, 6518, 31302, 27242, 108197, 31359, 51396, 80881, 101285]"
118159,"[26031, 38264, 42492, 70645, 9186, 83708, 63775, 108798, 63874, 50199]"
118160,"[42600, 25848, 51461, 90759, 75036, 41679, 18377, 5930, 96747, 38179]"
118161,"[11216, 45118, 73487, 104772, 89609, 92888, 109547, 66012, 90783, 38049]"
118162,"[61025, 4700, 15792, 33229, 32454, 70304, 38493, 4595, 88446, 98957]"
118163,"[52889, 87472, 43682, 60557, 11105, 10030, 78577, 83765, 28366, 81460]"
118164,"[55515, 107494, 22237, 102035, 76943, 90518, 93801, 59441, 72523, 104283]"
118165,"[95610, 69564, 73013, 69077, 104872, 47327, 46784, 11748, 22724, 87417]"
118166,"[82063, 72391, 45077, 60287, 46373, 63112, 104808, 99715, 82458, 68008]"
118167,"[73508, 99896, 21155, 37855, 18032, 74313, 75051, 36911, 6658, 80300]"
118168,"[57046, 6331, 36557, 107874, 13748, 61429, 81595, 75209, 99438, 21065]"
118169,"[58661, 4385, 76100, 16956, 71280, 15391, 45033, 44611, 72676, 47734]"
118170,"[55210, 106936, 26723, 683, 100007, 28786, 70643, 81283, 101151, 38504]"
118171,"[19929, 39854, 64048, 23976, 64820, 47385, 19598, 23329, 8947, 15503]"
118172,"[85089, 90524, 49574, 105041, 43118, 82084, 14950, 96668, 42435, 85662]"
118173,"[49990, 98196, 82246, 94507, 99379, 47147, 35108, 27915, 90933, 58724]"
118174,"[25156, 96770, 93992, 81380, 78775, 71360, 105039, 46317, 73371, 106680]"
118175,"[22919, 74277, 89150, 857, 32955, 47919, 21203, 61594, 1682, 12873]"
118176,"[46938, 25776, 83374, 6869, 87810, 104790, 23795, 81801, 14706, 74295]"
118177,"[10529, 75422, 83284, 76047, 29889, 87796, 85342, 108972, 749, 51071]"
118178,"[82630, 62289, 53632, 2435, 51659, 24798, 61836, 2658, 79681, 72660]"
118179,"[68732, 83765, 87472, 67656, 86754, 13831, 13824, 39199, 68918, 10030]"
118180,"[72919, 106273, 19250, 96472, 87234, 49843, 43032, 11205, 96669, 74802]"
118181,"[20600, 87907, 100313, 28941, 26112, 14112, 68589, 15760, 6318, 100042]"
118182,"[70567, 91823, 1099, 15071, 69504, 18331, 69252, 14137, 76562, 104936]"
118183,"[80237, 102399, 67730, 79884, 57164, 6340, 4100, 71287, 43046, 5623]"
118184,"[30239, 67734, 32814, 106435, 33878, 49652, 44120, 80552, 83130, 93652]"
118185,"[106726, 90229, 68238, 59386, 8915, 13248, 6653, 34520, 89267, 88536]"
118186,"[66192, 47564, 57453, 19934, 99329, 99133, 92790, 89775, 40824, 72616]"
118187,"[28952, 41602, 95560, 34990, 61126, 82729, 85635, 80888, 90286, 88737]"
118188,"[37943, 77747, 15530, 28600, 6752, 69915, 14538, 109083, 14031, 6819]"
118189,"[79564, 58025, 12849, 105330, 94802, 106425, 47561, 108121, 73659, 22569]"
118190,"[18962, 1764, 9347, 64179, 49751, 24091, 80607, 27822, 31064, 12271]"
118191,"[43892, 37850, 73239, 41619, 19956, 72840, 24177, 57454, 48845, 8167]"
118192,"[15827, 3777, 26142, 38708, 10111, 107093, 16881, 76854, 49329, 72353]"
118193,"[24901, 69693, 10033, 82936, 42868, 90040, 45136, 67785, 50747, 13044]"
118194,"[83302, 76341, 29139, 27432, 88019, 76942, 70266, 37792, 62004, 80429]"
118195,"[38780, 49318, 34951, 84976, 47288, 58530, 109349, 94763, 8958, 107090]"
118196,"[30168, 106641, 58616, 60383, 13019, 14389, 29228, 4413, 8577, 88183]"
118197,"[74256, 70227, 73553, 3734, 20968, 73911, 92889, 11369, 106208, 108524]"
118198,"[27370, 90812, 19019, 78391, 78994, 76188, 75434, 107993, 83940, 85608]"
118199,"[38409, 51058, 55735, 95549, 99784, 39701, 20439, 72244, 76673, 7064]"
118200,"[46611, 108340, 61626, 67689, 75106, 86731, 6359, 81852, 97207, 49605]"
118201,"[51156, 54385, 3630, 106553, 32420, 54737, 25690, 74298, 86256, 17159]"
118202,"[52513, 17570, 61396, 48388, 30955, 99769, 40776, 43841, 13675, 81851]"
118203,"[20271, 95871, 83446, 89751, 76671, 21732, 86788, 63649, 36429, 108417]"
118204,"[44678, 31540, 11136, 53859, 68961, 1554, 33062, 29559, 8116, 591]"
118205,"[79059, 98520, 74410, 109217, 4866, 27787, 102363, 58274, 36428, 15698]"
118206,"[29155, 102855, 93482, 86702, 84501, 3384, 46308, 107087, 93528, 92591]"
118207,"[105239, 27779, 18074, 106162, 72340, 40818, 68035, 15039, 51407, 57444]"
118208,"[61471, 96959, 20244, 43103, 73175, 48540, 55810, 97108, 97888, 10243]"
118209,"[27065, 37957, 57052, 103678, 54536, 52598, 37006, 86457, 52548, 37286]"
118210,"[55336, 91339, 22474, 55440, 73903, 20843, 14213, 78011, 69846, 52992]"
118211,"[60379, 63775, 108798, 40831, 94006, 26031, 25275, 73739, 107719, 9071]"
118212,"[105478, 47669, 20557, 79921, 83965, 49757, 3374, 75256, 7336, 89978]"
118213,"[61964, 64684, 40464, 20128, 3626, 81846, 97061, 107421, 53967, 71806]"
118214,"[95559, 69943, 80979, 23720, 60350, 33814, 77828, 95806, 68573, 73875]"
118215,"[49402, 41996, 47586, 71347, 55266, 74029, 91857, 55273, 38876, 12600]"
118216,"[63700, 21691, 23215, 101132, 15418, 73958, 96705, 99487, 76873, 83840]"
118217,"[78964, 33589, 36492, 49424, 7840, 24984, 80587, 74080, 15249, 40823]"
118218,"[89646, 16373, 56827, 74555, 40518, 67309, 73299, 13218, 92630, 72500]"
118219,"[49415, 90055, 48937, 71380, 69968, 37081, 40614, 30627, 11652, 14731]"
118220,"[22371, 65699, 23166, 89852, 107861, 17089, 103413, 66608, 96325, 75933]"
118221,"[28081, 104885, 90398, 103682, 51838, 99753, 106981, 47685, 63232, 50062]"
118222,"[60375, 92300, 30546, 61430, 89596, 99966, 105716, 85126, 26274, 84025]"
118223,"[73487, 62651, 77629, 82129, 66012, 71930, 32172, 109276, 54117, 95816]"
118224,"[41774, 41581, 48583, 33729, 34083, 57176, 35192, 90772, 80177, 96413]"
118225,"[49016, 73409, 95419, 52727, 42471, 65176, 79679, 36590, 31069, 81644]"
118226,"[57208, 57891, 100062, 91675, 106087, 96590, 59279, 104983, 51394, 36371]"
118227,"[84985, 30656, 73024, 8206, 88100, 41870, 6809, 92030, 60423, 94555]"
118228,"[93997, 7295, 61441, 7944, 106581, 30572, 1890, 86794, 53089, 92498]"
118229,"[23613, 3978, 8416, 90964, 48584, 77200, 63223, 108725, 49331, 13786]"
118230,"[35190, 89621, 109336, 1556, 66298, 5170, 108509, 99212, 21627, 29289]"
118231,"[89592, 87584, 72579, 81628, 30041, 44465, 11612, 106986, 82845, 63662]"
118232,"[1514, 108333, 1489, 63666, 105290, 22122, 57620, 73162, 95959, 96244]"
118233,"[34148, 4398, 2220, 63166, 23621, 65680, 103040, 47097, 20319, 51568]"
118234,"[38304, 25549, 3708, 37923, 51666, 10517, 63454, 30693, 45512, 20501]"
118235,"[81658, 27020, 100361, 67979, 93433, 33643, 20553, 97269, 62490, 108695]"
118236,"[9981, 45923, 91879, 2676, 20853, 72717, 49600, 97247, 72952, 38827]"
118237,"[6454, 32210, 92436, 97573, 34407, 30865, 78981, 94748, 28575, 58055]"
118238,"[72559, 28785, 24079, 53523, 50354, 12888, 80956, 17330, 32419, 11332]"
118239,"[99313, 109618, 69057, 67822, 19472, 24023, 5024, 34850, 58350, 6725]"
118240,"[58457, 82727, 72116, 35229, 84213, 3115, 104489, 37998, 15668, 23316]"
118241,"[53592, 45839, 45225, 63721, 36847, 38609, 27962, 59219, 12248, 353]"
118242,"[68843, 27964, 32074, 41478, 31879, 29854, 85676, 82427, 11781, 98685]"
118243,"[54884, 33387, 103202, 103745, 37401, 53902, 59800, 101726, 36348, 109312]"
118244,"[61122, 75534, 52406, 85598, 78810, 44996, 12932, 75448, 30637, 94474]"
118245,"[58482, 31925, 71581, 91967, 96576, 73505, 58900, 77197, 78445, 11429]"
118246,"[47741, 26485, 52328, 108758, 46729, 1590, 51069, 11062, 55055, 43252]"
118247,"[20558, 104162, 52695, 34902, 51241, 107699, 9961, 49825, 80372, 56662]"
118248,"[67899, 46901, 68715, 37486, 66291, 107107, 89682, 41947, 7307, 67032]"
118249,"[35422, 88169, 88422, 42352, 20593, 94318, 101317, 23216, 93966, 19108]"
118250,"[37607, 23661, 91556, 73465, 88989, 77298, 47453, 49270, 68704, 80643]"
118251,"[98304, 67792, 25963, 90511, 40291, 34642, 41431, 53363, 99084, 27862]"
118252,"[67077, 58521, 30500, 6612, 64281, 60248, 72971, 59670, 31908, 109109]"
118253,"[40958, 50834, 96656, 52180, 35872, 64636, 67539, 35201, 101239, 62218]"
118254,"[20643, 14592, 81860, 52882, 109721, 50160, 92117, 32490, 102330, 75068]"
118255,"[51416, 101798, 10435, 57104, 78839, 41488, 99685, 56704, 35736, 50402]"
118256,"[36967, 105958, 92990, 77583, 66575, 3584, 29457, 45351, 69505, 75934]"
118257,"[40036, 49000, 30432, 56125, 74614, 97397, 30605, 7613, 29316, 43181]"
118258,"[23893, 106985, 17899, 14012, 72731, 50985, 41116, 14691, 11700, 99817]"
118259,"[101155, 59184, 103488, 42203, 2062, 7354, 104718, 38542, 37511, 25204]"
118260,"[68827, 30149, 87830, 66810, 52776, 46663, 32388, 108841, 1040, 78497]"
118261,"[59759, 53150, 57156, 91189, 93828, 29480, 27288, 92913, 31558, 64966]"
118262,"[34712, 36602, 24344, 38063, 109322, 58981, 51207, 86152, 49602, 13528]"
118263,"[84046, 1487, 66158, 21794, 53795, 79065, 7628, 33876, 97213, 67853]"
118264,"[88084, 24959, 6535, 49860, 79853, 107665, 59923, 62081, 90785, 61906]"
118265,"[50962, 12631, 13795, 60122, 41483, 27859, 109470, 73583, 42015, 5895]"
118266,"[34515, 37457, 20272, 49867, 50991, 99865, 88055, 46854, 22847, 28766]"
118267,"[69532, 45976, 13497, 66217, 60573, 71580, 56565, 68517, 24716, 73687]"
118268,"[28698, 31490, 64881, 90777, 56229, 108195, 54050, 24093, 6566, 92643]"
118269,"[6861, 68528, 54832, 29217, 50848, 82660, 29102, 69626, 58363, 62733]"
118270,"[35702, 96149, 30664, 8654, 58400, 100530, 107874, 5864, 105097, 42899]"
118271,"[83513, 17510, 48616, 81451, 42323, 17921, 67693, 16046, 34900, 97752]"
118272,"[87639, 41683, 13758, 57890, 19240, 49908, 86816, 102841, 80016, 106699]"
118273,"[32808, 28992, 37345, 31268, 30228, 90087, 102306, 57558, 109502, 86392]"
118274,"[24680, 23823, 12469, 96555, 18649, 72686, 24156, 88711, 37453, 47695]"
118275,"[4970, 26243, 99217, 85349, 15893, 3130, 33670, 4209, 4390, 14489]"
118276,"[71978, 85375, 53842, 89078, 62895, 90728, 75876, 58570, 97121, 65431]"
118277,"[8559, 51836, 77913, 35698, 66014, 32947, 71162, 43628, 71721, 104868]"
118278,"[16891, 59481, 92160, 82060, 81920, 16354, 58366, 85070, 90186, 76698]"
118279,"[59063, 7919, 24574, 82061, 52060, 22489, 64464, 83984, 53615, 61743]"
118280,"[78412, 20944, 3441, 56072, 36220, 7145, 106933, 69076, 107291, 53204]"
118281,"[77440, 19862, 46532, 10895, 64091, 54410, 34163, 53761, 60710, 27353]"
118282,"[11387, 34394, 44579, 87384, 52101, 30237, 87885, 94900, 60183, 105926]"
118283,"[100361, 93433, 67979, 95943, 109589, 13525, 42527, 81400, 6200, 81658]"
118284,"[48376, 95298, 7775, 10780, 88710, 40856, 83091, 33772, 45848, 55852]"
118285,"[14657, 16006, 88325, 53150, 6477, 16901, 7994, 54986, 33037, 72342]"
118286,"[64369, 5851, 81639, 101831, 38350, 88148, 88686, 5477, 101099, 58342]"
118287,"[41493, 81323, 94773, 99919, 24885, 14895, 103765, 77764, 31436, 48231]"
118288,"[69543, 15841, 81840, 77410, 72255, 101195, 67935, 105715, 85029, 81271]"
118289,"[17919, 100499, 81093, 54461, 55463, 2626, 72210, 80398, 76882, 1877]"
118290,"[83961, 66687, 93492, 35272, 87554, 45930, 62962, 92885, 26149, 100986]"
118291,"[84873, 80008, 60340, 55785, 32350, 26039, 54342, 29510, 69444, 4786]"
118292,"[74859, 73243, 28798, 103575, 40521, 92087, 41312, 39146, 24777, 91090]"
118293,"[104359, 52560, 15772, 66803, 80095, 64163, 46110, 95821, 98221, 95239]"
118294,"[83959, 59091, 24721, 55466, 62334, 90847, 98646, 87106, 85163, 9216]"
118295,"[10519, 102843, 4190, 94030, 47237, 98267, 23986, 36390, 1622, 21181]"
118296,"[90560, 79945, 59012, 24071, 27484, 89227, 4931, 6573, 46130, 26382]"
118297,"[102601, 109553, 79958, 108707, 80300, 35129, 12378, 67321, 44907, 108878]"
118298,"[38443, 38867, 78689, 46540, 27292, 8297, 57854, 82123, 101199, 52020]"
118299,"[87413, 87520, 57303, 75059, 55694, 63813, 2873, 82805, 74942, 90927]"
118300,"[108872, 95135, 66450, 103404, 12727, 46280, 45662, 101025, 41545, 57950]"
118301,"[26631, 108407, 26901, 79380, 104980, 9835, 6043, 50064, 32842, 5884]"
118302,"[26212, 19564, 48707, 6784, 83123, 23839, 107917, 50514, 78355, 86039]"
118303,"[39490, 17752, 81885, 84492, 96452, 88033, 88226, 1869, 46735, 39916]"
118304,"[103007, 43288, 93766, 78439, 25179, 54457, 26809, 106198, 35845, 102651]"
118305,"[25741, 24210, 37879, 65117, 34327, 50285, 50089, 335, 744, 33740]"
118306,"[104724, 90358, 42764, 74512, 54442, 101476, 106666, 87228, 99192, 82546]"
118307,"[36023, 108878, 48928, 85797, 61825, 36911, 10651, 89579, 4672, 23797]"
118308,"[30081, 101836, 57386, 17645, 98354, 55196, 97500, 51318, 105099, 40797]"
118309,"[27691, 28594, 59169, 56233, 87170, 42573, 351, 38634, 34588, 89988]"
118310,"[2471, 8703, 8330, 19919, 92476, 48384, 22007, 102879, 37698, 18564]"
118311,"[32161, 11650, 32071, 107350, 95138, 70251, 55049, 56634, 34102, 15858]"
118312,"[9257, 75055, 38088, 65823, 47058, 72539, 87383, 62872, 11616, 66595]"
118313,"[94766, 9318, 40304, 54677, 98933, 73936, 35984, 16892, 75099, 11747]"
118314,"[37255, 99706, 84407, 53784, 84999, 102606, 62084, 37651, 106428, 68064]"
118315,"[13707, 97541, 104389, 87945, 95866, 40567, 40919, 107140, 2459, 14876]"
118316,"[17953, 1741, 12241, 30897, 20154, 34838, 47712, 7455, 15593, 108858]"
118317,"[10904, 104681, 5552, 99546, 48747, 6630, 61876, 47922, 27328, 25795]"
118318,"[76870, 32118, 27975, 30486, 4639, 13155, 56650, 89191, 68517, 101354]"
118319,"[80983, 101492, 86024, 23639, 69246, 5157, 17673, 108413, 68793, 19394]"
118320,"[102523, 102222, 74103, 92739, 94482, 90286, 12281, 54037, 6341, 92735]"
118321,"[1860, 105503, 8083, 100803, 14849, 69115, 85542, 13005, 20727, 2991]"
118322,"[86620, 62862, 31618, 80629, 40616, 39602, 79041, 74184, 162, 97996]"
118323,"[57624, 41359, 93493, 62919, 91747, 108411, 70318, 56121, 40069, 94134]"
118324,"[87121, 106225, 6546, 19744, 2879, 57371, 64680, 100683, 97438, 24281]"
118325,"[85540, 9257, 32572, 73130, 19305, 47267, 97076, 34751, 42592, 10513]"
118326,"[45224, 11992, 56566, 34767, 101951, 75792, 1098, 84404, 3173, 105610]"
118327,"[3443, 14507, 31641, 74126, 29774, 71039, 84232, 42042, 15429, 57618]"
118328,"[85592, 44900, 72950, 54649, 30581, 57403, 12137, 75280, 25730, 94798]"
118329,"[56208, 62141, 7411, 70943, 97200, 66372, 90009, 95776, 80594, 78438]"
118330,"[92681, 99117, 80682, 50521, 45676, 75597, 31508, 52115, 14441, 101729]"
118331,"[37666, 15822, 40650, 11974, 59278, 17093, 18410, 108736, 24206, 27611]"
118332,"[16065, 91851, 10739, 100571, 27411, 61361, 65833, 95838, 22145, 55882]"
118333,"[52532, 43065, 39275, 18769, 108085, 82390, 78359, 33934, 48247, 45663]"
118334,"[34372, 68555, 78793, 60256, 4337, 83001, 7304, 10320, 306, 13986]"
118335,"[9414, 14489, 89217, 18556, 8644, 8569, 81539, 81333, 5393, 109580]"
118336,"[65240, 41201, 102286, 9454, 12190, 25065, 63290, 36351, 102065, 39838]"
118337,"[38469, 92309, 99317, 78797, 33273, 107800, 80006, 4884, 105365, 18598]"
118338,"[27084, 85705, 46773, 43590, 8629, 52776, 68529, 68827, 107778, 19600]"
118339,"[17426, 8427, 3395, 11753, 66035, 27603, 109105, 482, 86711, 75832]"
118340,"[69500, 102502, 81764, 47039, 30669, 34495, 90298, 46705, 10825, 13139]"
118341,"[99445, 23824, 59317, 88591, 63094, 69854, 73660, 12738, 39416, 19473]"
118342,"[47780, 30565, 31506, 37227, 68634, 91467, 50314, 29585, 10811, 66137]"
118343,"[16765, 47463, 10763, 50677, 45956, 22859, 100470, 52687, 45194, 104793]"
118344,"[104459, 22354, 27745, 31148, 56360, 71199, 83909, 62874, 86286, 1742]"
118345,"[98674, 32733, 101580, 18276, 35961, 49593, 4369, 103068, 5819, 9976]"
118346,"[89269, 52928, 72757, 34151, 87254, 24643, 3727, 28875, 94972, 72058]"
118347,"[53323, 88702, 19996, 75004, 66219, 89012, 68229, 33249, 107318, 34136]"
118348,"[59820, 52969, 32905, 22758, 40997, 36623, 89978, 18497, 47457, 109328]"
118349,"[8845, 29806, 48496, 58654, 25999, 31097, 79401, 76279, 23113, 25302]"
118350,"[101868, 98264, 28760, 460, 40022, 23376, 13929, 93017, 32689, 59180]"
118351,"[53064, 72691, 23835, 98803, 20900, 45095, 48319, 1905, 22185, 77491]"
118352,"[96014, 21788, 20621, 68078, 43195, 49966, 34320, 9956, 106097, 42354]"
118353,"[100493, 615, 53028, 38806, 23608, 106086, 32288, 11153, 53569, 18387]"
118354,"[90739, 45239, 27968, 96439, 54036, 63046, 88905, 47460, 95286, 40653]"
118355,"[83087, 67474, 65542, 91263, 33775, 66994, 36311, 5554, 81518, 23077]"
118356,"[55392, 29051, 69118, 67609, 47723, 37868, 14857, 71868, 64595, 106299]"
118357,"[102229, 83870, 52977, 97001, 44554, 70206, 8443, 47149, 101893, 35866]"
118358,"[82917, 13030, 26899, 55656, 97419, 35067, 60252, 91989, 26429, 51449]"
118359,"[51334, 60208, 56430, 63877, 30764, 19962, 14363, 97131, 62860, 42089]"
118360,"[104171, 8810, 19953, 64219, 59912, 9755, 55476, 61295, 104274, 92774]"
118361,"[90152, 15190, 70665, 30005, 85715, 33736, 13115, 56823, 79866, 57598]"
118362,"[73174, 34234, 66313, 10910, 45725, 32539, 73092, 106427, 22077, 60341]"
118363,"[317, 9659, 59459, 68297, 68477, 12074, 27790, 49102, 17971, 81880]"
118364,"[14550, 57750, 46858, 3009, 57030, 89159, 16255, 10953, 105555, 32218]"
118365,"[27785, 19360, 62290, 59241, 104695, 17398, 8053, 47361, 58830, 19370]"
118366,"[93192, 21025, 44843, 49099, 81894, 73205, 46076, 13444, 81714, 69312]"
118367,"[5874, 75901, 9893, 47475, 39336, 71114, 75632, 60622, 109726, 16933]"
118368,"[72527, 58542, 78483, 80161, 62724, 90648, 52135, 22029, 45393, 52575]"
118369,"[70119, 75128, 52543, 39880, 80858, 64249, 102162, 34060, 74919, 95688]"
118370,"[77978, 74661, 16339, 104201, 64316, 96842, 97493, 63412, 11510, 33549]"
118371,"[39215, 26195, 37797, 102671, 72779, 87588, 45687, 4635, 103701, 65550]"
118372,"[83175, 60756, 80637, 14483, 21509, 55252, 28855, 105871, 103647, 55271]"
118373,"[85282, 964, 62451, 19838, 26738, 35749, 73624, 1450, 35396, 11320]"
118374,"[19138, 1819, 26797, 75244, 56635, 17176, 19280, 109605, 43087, 32830]"
118375,"[31449, 82187, 20778, 55749, 51675, 2280, 59147, 42706, 89264, 94094]"
118376,"[15951, 90062, 103187, 28702, 23288, 27341, 90344, 55936, 24448, 12161]"
118377,"[91840, 1626, 871, 38759, 48481, 89444, 78553, 41557, 85657, 26254]"
118378,"[30474, 24623, 9145, 49591, 87090, 18166, 39866, 73771, 105457, 20772]"
118379,"[75830, 27991, 85828, 20134, 20705, 1135, 53473, 23719, 80377, 24649]"
118380,"[21734, 90439, 20059, 58318, 18832, 102991, 100504, 42232, 38755, 63021]"
118381,"[94568, 14438, 58162, 72522, 32333, 83992, 18321, 15413, 29394, 68673]"
118382,"[104337, 100035, 98362, 71765, 39376, 19909, 28059, 54944, 34329, 100353]"
118383,"[52203, 97880, 70092, 34218, 82657, 62809, 44242, 19663, 32691, 92612]"
118384,"[88652, 28630, 43287, 18340, 2456, 66383, 80619, 96089, 62221, 54735]"
118385,"[2714, 10240, 66947, 63204, 28723, 29651, 68627, 50611, 65029, 2898]"
118386,"[34432, 37475, 97657, 37103, 28288, 104809, 5408, 75972, 75808, 72701]"
118387,"[85486, 69192, 52398, 37700, 13552, 102648, 90569, 77937, 80605, 35582]"
118388,"[102536, 94409, 102551, 104515, 11892, 91311, 54529, 10055, 107257, 57833]"
118389,"[26585, 78386, 79067, 25475, 48475, 67019, 46141, 80377, 76661, 33443]"
118390,"[10483, 38738, 35534, 43498, 81947, 105729, 49092, 99500, 91523, 57246]"
118391,"[11041, 2490, 99791, 59798, 17388, 1767, 93585, 8475, 48297, 21906]"
118392,"[23924, 92680, 7136, 28624, 12704, 9658, 66151, 48478, 12982, 74465]"
118393,"[15708, 13439, 40254, 32550, 44900, 80120, 39457, 54649, 13305, 373]"
118394,"[78844, 35327, 28601, 104038, 63331, 83053, 53069, 71449, 79432, 81312]"
118395,"[61944, 42561, 47771, 13577, 37898, 43962, 107518, 36394, 46116, 35491]"
118396,"[81058, 41585, 2416, 52330, 77714, 78234, 101134, 108669, 39111, 75977]"
118397,"[88651, 89616, 87741, 18406, 13105, 35002, 82296, 83224, 7965, 85276]"
118398,"[96851, 18444, 35576, 95215, 70922, 26307, 27113, 11819, 33000, 104280]"
118399,"[69909, 24226, 23162, 43425, 53461, 97769, 13832, 25468, 53349, 53816]"
118400,"[21007, 65720, 21068, 41605, 43000, 70246, 71958, 76545, 63260, 91331]"
118401,"[100974, 88869, 35492, 29573, 26223, 92174, 75103, 90457, 95858, 109480]"
118402,"[65099, 7885, 17008, 36700, 51610, 11392, 26202, 12852, 40485, 82153]"
118403,"[68463, 56864, 43975, 88766, 90205, 8940, 77024, 12670, 11234, 7478]"
118404,"[62964, 64813, 104371, 30063, 19217, 94240, 58054, 47620, 15139, 34078]"
118405,"[18796, 83228, 16065, 10739, 63785, 69008, 91327, 22145, 27793, 92324]"
118406,"[47238, 47903, 21017, 66472, 55565, 48439, 45597, 2495, 63607, 7141]"
118407,"[68659, 103753, 85148, 102647, 82889, 22411, 81313, 46479, 35008, 17701]"
118408,"[35295, 57207, 25612, 72668, 41352, 41256, 105891, 20361, 73913, 37041]"
118409,"[28502, 16269, 34948, 27065, 60653, 12514, 12330, 39441, 77941, 73128]"
118410,"[74414, 48491, 13106, 3006, 102794, 91047, 107892, 78358, 13293, 66390]"
118411,"[392, 100262, 98811, 91660, 45053, 19852, 73343, 18382, 28246, 80724]"
118412,"[31838, 108304, 21836, 109252, 16341, 50386, 98613, 98611, 100412, 27054]"
118413,"[46842, 97507, 6523, 80847, 37931, 26910, 32578, 77243, 51791, 88239]"
118414,"[65058, 9429, 6493, 2916, 98843, 10398, 32349, 19907, 107406, 60115]"
118415,"[101116, 40384, 91724, 103230, 101906, 35788, 106064, 80405, 26299, 108531]"
118416,"[80587, 40819, 95981, 24984, 15249, 60796, 36492, 33589, 95601, 66611]"
118417,"[3455, 16191, 68524, 63006, 75679, 55910, 5713, 29372, 39232, 89009]"
118418,"[2380, 49176, 89197, 105337, 19855, 62635, 20345, 91424, 49289, 14008]"
118419,"[811, 76364, 87826, 23342, 26792, 95611, 66608, 107171, 50392, 61018]"
118420,"[6628, 37415, 82714, 3596, 69391, 36233, 33413, 20071, 87781, 104114]"
118421,"[40296, 23857, 76259, 108715, 78287, 39562, 38912, 22175, 25234, 27179]"
118422,"[105448, 8630, 13795, 10223, 29007, 20373, 38458, 103446, 107939, 42506]"
118423,"[70351, 54323, 904, 73246, 36831, 69988, 40606, 47322, 101755, 50399]"
118424,"[34749, 2212, 83690, 49949, 15748, 70155, 49734, 38290, 68211, 68268]"
118425,"[85612, 79872, 21419, 39044, 33978, 69625, 57303, 100611, 75099, 40405]"
118426,"[18598, 8543, 36895, 5920, 28718, 102457, 36868, 60576, 48666, 102668]"
118427,"[84788, 92465, 97364, 104985, 51055, 60712, 103677, 54232, 6182, 71083]"
118428,"[68979, 64013, 32070, 82266, 62444, 105207, 78778, 71725, 16752, 30342]"
118429,"[95182, 71804, 10967, 56789, 10715, 7571, 8384, 84758, 96565, 84227]"
118430,"[47065, 48005, 62470, 4990, 12411, 42319, 43694, 40127, 57401, 37042]"
118431,"[98915, 26493, 86167, 34685, 35073, 13652, 24785, 102927, 3602, 69299]"
118432,"[38478, 70840, 102601, 109056, 63949, 4360, 44971, 66050, 11839, 91600]"
118433,"[88231, 107469, 21991, 37848, 45645, 52733, 107097, 11664, 54189, 78409]"
118434,"[17689, 68479, 51013, 63919, 26294, 4230, 76255, 2546, 66569, 65872]"
118435,"[94434, 51811, 89962, 4196, 63303, 25984, 98585, 57569, 90760, 91477]"
118436,"[69413, 79579, 4090, 83588, 95697, 36044, 85620, 69887, 33241, 95682]"
118437,"[73692, 107453, 46485, 76531, 10510, 81397, 10214, 5041, 98922, 93371]"
118438,"[41901, 87978, 102563, 73802, 67877, 97916, 1464, 91756, 49049, 28431]"
118439,"[23486, 44599, 68144, 37443, 3842, 55704, 64650, 63821, 83116, 60138]"
118440,"[36641, 29172, 68868, 91396, 40654, 69935, 42713, 82534, 26383, 58067]"
118441,"[14038, 98246, 11016, 21185, 106382, 29814, 92574, 22242, 77925, 7466]"
118442,"[103866, 97206, 100910, 76633, 90883, 102655, 64155, 2157, 30216, 17192]"
118443,"[41658, 62670, 26032, 57077, 11960, 25001, 80143, 94469, 78374, 35308]"
118444,"[66856, 14251, 25265, 105712, 48286, 2393, 90095, 48406, 79206, 100559]"
118445,"[19709, 53438, 72750, 8420, 32621, 60151, 47232, 8692, 75667, 62958]"
118446,"[76217, 40730, 58242, 49265, 64611, 771, 7172, 66141, 100669, 17069]"
118447,"[65839, 78851, 23236, 32904, 80055, 33799, 77027, 11138, 349, 24586]"
118448,"[64791, 72992, 6370, 83581, 42456, 105715, 100277, 77577, 98885, 106111]"
118449,"[70151, 106110, 62815, 80495, 2840, 107091, 43837, 90288, 72891, 92766]"
118450,"[21689, 79187, 7997, 68877, 26072, 79484, 68840, 35945, 71615, 33542]"
118451,"[94182, 106727, 57224, 79980, 12898, 24775, 105569, 18393, 63718, 74567]"
118452,"[29015, 40713, 51909, 42355, 19037, 25034, 67917, 52886, 67354, 84678]"
118453,"[31554, 43909, 91044, 69421, 40386, 108031, 12960, 29118, 66618, 36736]"
118454,"[54189, 63636, 18437, 11664, 88237, 60173, 46106, 48347, 10692, 4710]"
118455,"[1639, 94372, 85959, 78196, 78527, 9925, 91453, 38044, 75881, 75441]"
118456,"[103619, 68547, 23318, 72306, 82896, 8772, 75386, 19765, 68478, 1311]"
118457,"[82861, 100855, 49767, 51510, 81159, 46843, 95719, 14265, 49518, 97599]"
118458,"[26266, 3759, 3885, 97636, 56557, 76002, 9399, 36035, 54768, 66014]"
118459,"[31296, 69368, 6366, 97522, 18543, 17938, 22531, 89908, 58872, 47006]"
118460,"[69984, 50088, 22058, 47326, 36723, 15000, 38613, 4821, 11248, 68060]"
118461,"[52509, 105298, 29011, 7776, 99897, 25454, 82912, 3718, 36880, 42295]"
118462,"[50142, 40428, 78036, 61011, 47755, 80011, 8727, 36449, 92674, 60990]"
118463,"[58974, 78976, 11983, 15361, 106122, 39745, 52641, 20751, 94124, 64676]"
118464,"[29196, 50412, 109471, 21763, 17982, 27268, 88761, 24595, 72101, 12367]"
118465,"[1512, 93491, 4463, 63082, 67009, 92594, 58153, 46117, 42024, 64960]"
118466,"[43141, 94083, 34227, 38008, 33167, 51219, 72849, 104562, 6444, 108]"
118467,"[55027, 26408, 33692, 24425, 74789, 39420, 61953, 10439, 10034, 78983]"
118468,"[94613, 73013, 69077, 78259, 22273, 95610, 63711, 97340, 100426, 33236]"
118469,"[75655, 16395, 86328, 39689, 73476, 102504, 97295, 83147, 48724, 89814]"
118470,"[109765, 27063, 91833, 10344, 52453, 74388, 35342, 28909, 37159, 6614]"
118471,"[66680, 81095, 37511, 53233, 90967, 38820, 11927, 84121, 77919, 60697]"
118472,"[96955, 53879, 59732, 104796, 39204, 38451, 8586, 41078, 3686, 23790]"
118473,"[83095, 8229, 38156, 71413, 81421, 13052, 48298, 45164, 78883, 14798]"
118474,"[41628, 4192, 82131, 29506, 82942, 11781, 14893, 33305, 57850, 86507]"
118475,"[47864, 101265, 62105, 33790, 10552, 72390, 34084, 34238, 12431, 24588]"
118476,"[93664, 35246, 11901, 33485, 56085, 102884, 40814, 64149, 84391, 95727]"
118477,"[72757, 12545, 53927, 100380, 15209, 25651, 92282, 66468, 59903, 15163]"
118478,"[31425, 83623, 6396, 83744, 107537, 42420, 52930, 18548, 9298, 45220]"
118479,"[74214, 98020, 39751, 77807, 15272, 108378, 11642, 63471, 63872, 33842]"
118480,"[107814, 30718, 15055, 36324, 56248, 16477, 52811, 33225, 102314, 75700]"
118481,"[19418, 81569, 10026, 38482, 77659, 43584, 102129, 98220, 7563, 78856]"
118482,"[49631, 34375, 35539, 25831, 11773, 86843, 54745, 8634, 73483, 77189]"
118483,"[38928, 5837, 83143, 74727, 33912, 29865, 57025, 68175, 80276, 94234]"
118484,"[92510, 1229, 86472, 95759, 109508, 65597, 55450, 104360, 59842, 30583]"
118485,"[20145, 52651, 4323, 61389, 99890, 54916, 62305, 104889, 73549, 46348]"
118486,"[24349, 88170, 37617, 32185, 17063, 48321, 83271, 60742, 53869, 28068]"
118487,"[83884, 76626, 26566, 108763, 20781, 10649, 26763, 102999, 88992, 12749]"
118488,"[85878, 9197, 42750, 31712, 63692, 14748, 7518, 107598, 15309, 72398]"
118489,"[89029, 58904, 35034, 63601, 39807, 107575, 51888, 90940, 4896, 12665]"
118490,"[33075, 20623, 3110, 91142, 24169, 16101, 4945, 24670, 60526, 26601]"
118491,"[64121, 99600, 91301, 107664, 8752, 1532, 63372, 19474, 56046, 21722]"
118492,"[48225, 89487, 26029, 12101, 56376, 18714, 38398, 45200, 57088, 91345]"
118493,"[67368, 24318, 48639, 107790, 81958, 40580, 8736, 45504, 33855, 99473]"
118494,"[47988, 104979, 5488, 28481, 9430, 18212, 55114, 74444, 49657, 92548]"
118495,"[33172, 76703, 101985, 61488, 26694, 32132, 88948, 51763, 74580, 48267]"
118496,"[2757, 106088, 108590, 14391, 87766, 60089, 29833, 79505, 67067, 1285]"
118497,"[44085, 27109, 46884, 25639, 57518, 6091, 65951, 19473, 41019, 91831]"
118498,"[59344, 3419, 64953, 36505, 14363, 68693, 105132, 56647, 68498, 33965]"
118499,"[74658, 6706, 50655, 50368, 108552, 61973, 61814, 7504, 20298, 35498]"
118500,"[56049, 52589, 57419, 92324, 66760, 82465, 19601, 53813, 62269, 21870]"
118501,"[18926, 67640, 95383, 45744, 88724, 71538, 46352, 13947, 103403, 28838]"
118502,"[97491, 22392, 87264, 9831, 30685, 37258, 18541, 64506, 72428, 86310]"
118503,"[20120, 101031, 34103, 81271, 100518, 84845, 8133, 86907, 80684, 41779]"
118504,"[57028, 15576, 39856, 74593, 33010, 9846, 82962, 942, 7072, 16154]"
118505,"[95586, 107864, 3853, 72411, 101276, 82923, 63582, 31537, 77002, 69951]"
118506,"[87838, 15296, 92077, 44054, 79675, 81214, 99220, 19545, 56553, 42751]"
118507,"[86569, 76990, 27888, 103603, 107843, 41836, 26003, 79442, 33163, 35290]"
118508,"[25888, 71566, 100147, 108947, 9560, 16181, 106265, 96260, 109669, 32562]"
118509,"[62170, 42996, 8754, 60134, 87048, 51580, 62046, 105071, 18560, 988]"
118510,"[83338, 659, 87027, 84638, 40167, 72044, 63445, 99817, 11700, 67958]"
118511,"[49145, 15863, 89096, 45847, 50310, 62061, 103822, 57621, 7711, 50685]"
118512,"[56262, 50487, 102030, 37705, 76346, 50305, 60814, 100656, 30916, 98691]"
118513,"[55499, 29666, 78183, 22411, 24382, 2371, 100855, 47602, 73797, 81961]"
118514,"[106663, 87571, 13191, 13882, 54559, 27979, 50531, 19698, 68745, 1855]"
118515,"[73995, 96, 17191, 75930, 21251, 101909, 28107, 40741, 61879, 43653]"
118516,"[72988, 103536, 57490, 94260, 26187, 53465, 49301, 93654, 20283, 82790]"
118517,"[48980, 49384, 16473, 103314, 5474, 84157, 12790, 38613, 15000, 36723]"
118518,"[90430, 9529, 78482, 59800, 40727, 55233, 75013, 6134, 103745, 100806]"
118519,"[50064, 103283, 18306, 10154, 26335, 21761, 54501, 73153, 8669, 9125]"
118520,"[31503, 79385, 94620, 2937, 29470, 23348, 61325, 75160, 59701, 11561]"
118521,"[101486, 47487, 66768, 23649, 76342, 85457, 19717, 62820, 82612, 42110]"
118522,"[101795, 29169, 5309, 102038, 35225, 7022, 55868, 51571, 44879, 4324]"
118523,"[61500, 50134, 67098, 109424, 38371, 5251, 98425, 64590, 94824, 9784]"
118524,"[79917, 35324, 76651, 97072, 10387, 89382, 2024, 84613, 103593, 16167]"
118525,"[71426, 29528, 14435, 46393, 24295, 38667, 105402, 86729, 5468, 24412]"
118526,"[90307, 41883, 43991, 54318, 103007, 80245, 51807, 88163, 92810, 108251]"
118527,"[38263, 5237, 60517, 14325, 44474, 82853, 80032, 8925, 89233, 85612]"
118528,"[12578, 60860, 29245, 40727, 34647, 13890, 12576, 14923, 11403, 97063]"
118529,"[17865, 13876, 94115, 44439, 30683, 38272, 68968, 25618, 104379, 9101]"
118530,"[96953, 47408, 90728, 80389, 10183, 26682, 89078, 60055, 94051, 46919]"
118531,"[82541, 84598, 68758, 39867, 107299, 5144, 57135, 70606, 20056, 57242]"
118532,"[58628, 18368, 13658, 80492, 36131, 8949, 35590, 85712, 108191, 35074]"
118533,"[456, 10751, 3255, 70622, 101598, 76762, 11910, 70896, 81546, 33791]"
118534,"[85368, 16943, 14632, 32587, 58168, 7520, 64246, 77113, 14916, 46795]"
118535,"[21162, 94866, 42643, 70040, 107161, 36206, 23974, 31919, 102380, 56795]"
118536,"[32234, 27208, 23410, 38373, 89756, 28911, 60615, 36504, 108445, 28689]"
118537,"[54170, 107150, 33098, 9767, 86759, 35670, 75851, 81084, 54344, 6200]"
118538,"[29667, 108294, 1331, 39872, 102636, 79285, 71380, 24794, 49415, 1899]"
118539,"[74520, 30783, 34802, 54663, 79264, 5475, 7271, 55272, 63482, 98286]"
118540,"[29034, 57639, 80776, 102111, 72319, 28860, 51632, 7756, 9155, 44188]"
118541,"[91645, 60781, 72903, 99760, 17805, 96245, 80805, 20592, 60575, 66964]"
118542,"[47012, 67926, 82198, 107748, 72403, 16307, 15820, 76935, 59307, 45129]"
118543,"[79985, 52760, 71328, 7364, 37655, 34859, 30929, 21353, 14166, 26686]"
118544,"[85144, 3276, 79434, 34962, 47018, 65038, 19460, 62372, 40783, 97529]"
118545,"[82806, 100184, 79231, 86577, 23696, 55072, 80700, 89862, 95313, 51770]"
118546,"[63730, 48191, 19519, 98148, 17370, 79343, 99441, 85870, 7369, 18745]"
118547,"[100749, 21622, 90176, 60617, 33474, 22909, 78809, 80027, 97230, 59937]"
118548,"[25174, 88090, 106622, 88252, 86301, 71236, 4064, 46835, 67981, 36669]"
118549,"[87447, 6113, 85750, 8058, 15005, 75277, 7923, 105416, 96008, 68418]"
118550,"[107123, 96294, 6541, 53693, 86036, 105313, 86230, 64251, 88097, 99920]"
118551,"[97497, 96174, 1735, 64789, 52863, 56883, 28088, 86145, 105712, 20172]"
118552,"[97175, 36049, 95125, 10842, 28251, 60942, 74899, 66318, 59586, 56959]"
118553,"[4600, 58598, 98779, 94933, 97240, 89291, 53882, 53450, 25680, 48444]"
118554,"[85407, 64864, 33041, 22202, 107550, 66798, 43917, 34141, 40920, 44235]"
118555,"[16621, 21666, 45242, 36999, 4557, 96446, 60124, 72541, 65356, 21489]"
118556,"[7543, 58117, 106604, 52475, 9986, 2943, 87351, 19627, 36658, 13737]"
118557,"[57761, 4256, 36475, 57249, 95569, 98092, 29306, 89905, 93897, 40578]"
118558,"[83326, 98269, 77145, 91457, 95201, 7760, 108970, 55200, 28558, 19562]"
118559,"[6100, 82654, 24658, 64330, 14145, 43559, 24831, 48242, 41271, 39601]"
118560,"[79952, 62899, 38869, 97368, 35005, 32659, 47227, 101618, 63910, 12977]"
118561,"[27062, 87681, 31534, 84474, 23116, 22511, 68967, 90492, 48537, 44270]"
118562,"[22757, 80085, 18504, 104116, 38461, 106307, 54029, 51576, 79581, 47894]"
118563,"[58087, 28955, 42148, 64724, 62867, 1865, 97557, 30111, 29996, 62210]"
118564,"[60596, 27582, 5413, 96405, 14639, 68722, 97975, 87245, 101960, 19574]"
118565,"[9559, 56428, 95069, 58861, 36961, 29437, 26185, 14313, 95700, 108035]"
118566,"[28116, 85177, 90753, 20342, 68267, 94203, 107798, 36467, 53040, 36367]"
118567,"[98039, 9760, 18282, 68560, 56848, 33341, 25351, 14588, 49558, 5353]"
118568,"[83923, 44016, 56621, 33452, 23362, 71211, 5413, 86278, 76256, 74742]"
118569,"[23915, 39630, 95210, 17998, 47253, 58383, 87701, 14150, 30012, 58233]"
118570,"[94719, 38071, 20454, 58247, 43793, 578, 73543, 69970, 41531, 26076]"
118571,"[84204, 9494, 8546, 44375, 102399, 80237, 39862, 99727, 97318, 86355]"
118572,"[91224, 68803, 18133, 86392, 56354, 30228, 82137, 28541, 35111, 101866]"
118573,"[109099, 8633, 97604, 80287, 5380, 60199, 12616, 58189, 93542, 77063]"
118574,"[6467, 56836, 38294, 56290, 36351, 85115, 35801, 47295, 82888, 93516]"
118575,"[90880, 77743, 105313, 88822, 45892, 17552, 17679, 67842, 58711, 87428]"
118576,"[107616, 21807, 73214, 43402, 36954, 85912, 85818, 22702, 8913, 47999]"
118577,"[6538, 104939, 3627, 27966, 105209, 99163, 52247, 11224, 103977, 62921]"
118578,"[35239, 69519, 9376, 101355, 9441, 100886, 85064, 86217, 59906, 99019]"
118579,"[58271, 33694, 73136, 9661, 8334, 95295, 79444, 96523, 16847, 86377]"
118580,"[70466, 40365, 61496, 87248, 56976, 19640, 82608, 41736, 40069, 49197]"
118581,"[27597, 49893, 24995, 3084, 32673, 61101, 82226, 50805, 17503, 69509]"
118582,"[72706, 13827, 57674, 9701, 29598, 47830, 36169, 9046, 3709, 91018]"
118583,"[18804, 61913, 67553, 51525, 22420, 78461, 4121, 76890, 8389, 51474]"
118584,"[63333, 3845, 19577, 63641, 105399, 4139, 50049, 10179, 72977, 70391]"
118585,"[74020, 59608, 60911, 81320, 67859, 42412, 46534, 98849, 77921, 39348]"
118586,"[7034, 11503, 95894, 55315, 12511, 92653, 70701, 56820, 28371, 79347]"
118587,"[53886, 51256, 79399, 37646, 66564, 27347, 1523, 22968, 3489, 68204]"
118588,"[74209, 10708, 9162, 34333, 47166, 35869, 58531, 71153, 32779, 107634]"
118589,"[45792, 57037, 9591, 18381, 19567, 30426, 109770, 49666, 27654, 103853]"
118590,"[74847, 82662, 21613, 70683, 69713, 73055, 18447, 82263, 69813, 85654]"
118591,"[29133, 84447, 26117, 48751, 26408, 41807, 46121, 65643, 33012, 95575]"
118592,"[68205, 9440, 22367, 97178, 45056, 86898, 65662, 23520, 22037, 105276]"
118593,"[52928, 42920, 59903, 39104, 4001, 76328, 48633, 87578, 105526, 50867]"
118594,"[60804, 38867, 26482, 109261, 20848, 36007, 40060, 68844, 58445, 36122]"
118595,"[61360, 93979, 16635, 103972, 70785, 59865, 14456, 34421, 45718, 8430]"
118596,"[106720, 57643, 24456, 5858, 63419, 100735, 48757, 79456, 6288, 80104]"
118597,"[36754, 28932, 56400, 7221, 104650, 3545, 80852, 7579, 41536, 78595]"
118598,"[101659, 12113, 67419, 92511, 27846, 83986, 84414, 38574, 103467, 23124]"
118599,"[32407, 45361, 68113, 91052, 96147, 79687, 78202, 61817, 34882, 82931]"
118600,"[95379, 105642, 95042, 7141, 6861, 68528, 84734, 47792, 90251, 100331]"
118601,"[58466, 8303, 87492, 63185, 19806, 47555, 2482, 85234, 20335, 53692]"
118602,"[63916, 75165, 30176, 16737, 75590, 83026, 28588, 58247, 5999, 35886]"
118603,"[57402, 42298, 54328, 89725, 3636, 91072, 89184, 79719, 18641, 66815]"
118604,"[90221, 53417, 75326, 84914, 65140, 77499, 51210, 21438, 99135, 89922]"
118605,"[7965, 13105, 26928, 44295, 81080, 3393, 94745, 24293, 82180, 47558]"
118606,"[71404, 63163, 26442, 78107, 12938, 101646, 68566, 27464, 31401, 43686]"
118607,"[26397, 32547, 18254, 38327, 109744, 13775, 106107, 27479, 78754, 87758]"
118608,"[70456, 31613, 37327, 81054, 22526, 48548, 77050, 992, 13989, 93164]"
118609,"[55334, 84925, 9810, 26346, 99662, 2978, 99345, 28788, 102116, 88279]"
118610,"[37721, 27538, 97129, 51405, 80666, 32900, 22237, 85466, 93115, 6897]"
118611,"[18852, 52206, 30573, 86779, 98749, 72069, 43372, 106348, 48917, 62137]"
118612,"[7378, 94034, 98727, 66055, 29206, 14860, 66559, 71678, 33917, 109232]"
118613,"[11375, 63353, 108088, 87064, 85082, 16546, 95043, 21403, 48037, 64540]"
118614,"[40433, 23482, 85567, 79065, 77323, 22985, 7628, 80894, 79203, 65207]"
118615,"[16709, 4737, 22534, 63337, 76683, 95425, 76741, 42601, 109082, 53468]"
118616,"[42359, 57586, 81940, 43648, 43170, 30753, 30508, 73607, 43159, 58473]"
118617,"[104271, 30133, 66665, 78610, 108383, 106104, 55629, 78581, 26339, 96083]"
118618,"[83999, 84591, 31008, 44267, 67576, 70258, 107096, 30248, 26775, 76901]"
118619,"[40041, 62200, 87221, 46016, 9686, 7550, 89592, 3142, 53089, 68888]"
118620,"[50089, 335, 84307, 37976, 93872, 25741, 24210, 34327, 70743, 95853]"
118621,"[59185, 99634, 29962, 31869, 79218, 68859, 61675, 10112, 39634, 26595]"
118622,"[15885, 82415, 51425, 75305, 9444, 51835, 59008, 62787, 50192, 63911]"
118623,"[87385, 48180, 27919, 60406, 39573, 61262, 60127, 63810, 86122, 63497]"
118624,"[14902, 47765, 99518, 40175, 2145, 275, 54570, 38861, 28330, 70045]"
118625,"[90194, 29655, 47543, 94727, 4665, 26321, 24293, 66331, 65901, 100714]"
118626,"[8609, 30658, 104415, 72682, 99062, 79364, 84217, 91888, 62516, 65820]"
118627,"[11929, 74468, 53299, 91844, 98959, 53335, 72760, 19746, 58330, 89644]"
118628,"[46612, 28539, 9287, 33941, 6080, 12778, 90629, 11337, 89612, 49599]"
118629,"[34217, 39944, 28855, 101847, 51299, 104095, 75969, 49711, 21509, 105674]"
118630,"[76502, 102138, 69905, 48402, 52566, 13739, 76674, 10920, 87906, 78397]"
118631,"[48810, 20239, 100981, 41123, 109419, 6803, 69018, 102727, 108040, 61686]"
118632,"[2652, 35881, 35964, 9804, 41338, 8365, 85425, 96230, 33766, 85412]"
118633,"[89977, 35261, 107443, 38694, 7769, 31543, 17820, 28668, 42881, 35571]"
118634,"[17952, 99615, 18308, 18232, 70414, 10860, 81222, 19372, 36650, 13243]"
118635,"[22185, 56703, 62266, 36538, 33097, 25131, 93655, 62508, 23119, 64158]"
118636,"[16588, 16282, 34977, 14299, 25133, 42001, 30117, 48002, 45478, 96064]"
118637,"[105821, 42045, 48663, 94912, 51465, 75795, 78686, 79573, 44636, 12037]"
118638,"[99169, 89040, 27706, 50730, 48197, 109243, 79554, 102283, 61433, 59454]"
118639,"[81513, 108765, 32718, 31659, 52326, 53016, 18212, 78288, 84744, 91710]"
118640,"[64630, 77771, 99440, 85960, 41221, 97208, 49766, 10895, 56374, 53761]"
118641,"[3012, 53355, 13056, 107646, 79610, 40352, 83776, 101077, 92339, 65752]"
118642,"[93648, 88792, 84725, 45457, 20213, 94762, 83281, 77537, 109216, 81953]"
118643,"[72519, 36295, 43936, 56114, 25756, 57122, 46776, 20273, 39468, 13481]"
118644,"[31424, 77405, 32600, 69162, 85356, 104288, 85344, 96570, 63069, 96072]"
118645,"[32082, 101722, 628, 31555, 36330, 7252, 23395, 25777, 287, 18064]"
118646,"[19981, 58064, 18270, 75296, 47499, 82530, 14229, 9064, 895, 77379]"
118647,"[67491, 71618, 8741, 100215, 66903, 20005, 84945, 26512, 78329, 70313]"
118648,"[88377, 86010, 18037, 34757, 49006, 3167, 13777, 80519, 69749, 3313]"
118649,"[54635, 39912, 71332, 75786, 82997, 34696, 39944, 31123, 29238, 51257]"
118650,"[30168, 106641, 58616, 60383, 13019, 14389, 29228, 4413, 8577, 88183]"
118651,"[79569, 38128, 44306, 81858, 65169, 98931, 71785, 73014, 65161, 87421]"
118652,"[102946, 34382, 66043, 66305, 38934, 945, 3257, 30791, 40506, 22942]"
118653,"[23629, 46437, 21993, 80714, 90761, 105936, 22129, 80392, 64258, 59022]"
118654,"[17219, 54825, 102218, 72863, 43259, 69948, 99387, 78078, 31644, 101562]"
118655,"[37450, 81073, 59723, 99234, 103702, 81977, 41898, 82926, 71348, 79754]"
118656,"[87575, 102870, 104081, 6102, 11221, 27766, 52986, 72929, 45769, 64325]"
118657,"[84438, 32754, 75108, 36324, 96151, 34820, 92365, 59305, 67064, 24887]"
118658,"[39062, 47969, 59741, 92128, 73398, 14081, 18486, 48567, 70558, 4943]"
118659,"[28629, 48923, 76562, 86712, 31970, 13276, 3824, 67088, 23372, 96327]"
118660,"[47575, 35132, 106449, 53618, 74090, 8851, 10644, 69570, 102864, 43908]"
118661,"[5783, 70569, 67508, 79335, 55248, 69381, 15515, 92510, 29153, 92249]"
118662,"[99611, 80454, 105144, 88139, 105106, 88445, 33492, 53911, 46303, 75877]"
118663,"[52141, 52147, 72277, 13538, 46396, 56104, 50606, 76789, 74867, 77656]"
118664,"[95801, 68579, 15887, 73574, 77998, 62325, 94275, 44852, 56950, 8376]"
118665,"[40633, 82516, 99194, 57684, 33010, 84822, 61516, 57388, 52493, 64757]"
118666,"[61519, 23769, 83298, 27424, 63499, 23411, 41525, 46402, 23772, 93862]"
118667,"[88076, 69141, 108267, 64681, 78713, 25480, 94421, 16454, 58576, 38630]"
118668,"[66506, 63813, 60438, 19082, 23615, 87526, 77058, 17507, 68273, 3848]"
118669,"[98437, 47911, 75016, 45416, 70359, 106433, 51631, 105196, 63139, 28447]"
118670,"[15762, 94047, 101628, 78955, 74398, 61177, 67269, 40636, 81662, 74247]"
118671,"[48240, 51309, 38533, 45619, 74865, 12276, 99128, 86977, 46299, 17292]"
118672,"[70547, 95686, 20041, 106932, 91185, 66482, 4447, 2728, 4813, 35031]"
118673,"[12014, 41404, 64427, 8533, 76810, 41708, 23980, 42423, 42747, 75588]"
118674,"[53282, 11632, 52393, 67296, 30531, 54705, 20661, 44711, 86870, 25687]"
118675,"[40756, 93730, 4271, 51089, 6134, 99650, 72012, 66290, 19668, 74612]"
118676,"[88952, 107608, 4868, 20770, 74420, 86122, 78492, 85008, 39573, 12777]"
118677,"[75235, 47468, 39790, 70221, 23500, 37762, 91434, 78564, 49404, 62165]"
118678,"[20152, 39584, 33357, 45435, 63053, 25747, 51950, 109161, 59288, 20406]"
118679,"[87216, 59563, 16939, 3086, 103017, 17722, 96538, 56551, 60715, 45558]"
118680,"[3782, 6415, 12483, 94413, 82059, 61318, 85619, 63139, 77969, 27312]"
118681,"[34782, 60939, 62446, 81192, 72614, 50580, 60948, 109692, 58370, 62751]"
118682,"[27818, 44549, 15684, 21548, 58791, 65793, 52215, 61428, 71884, 44931]"
118683,"[2623, 84701, 18798, 6059, 84814, 55738, 37996, 107442, 43012, 104256]"
118684,"[72401, 15483, 107907, 73374, 11364, 100996, 73071, 77064, 71221, 67209]"
118685,"[98729, 76424, 18068, 60216, 25666, 107037, 27140, 97703, 80972, 37829]"
118686,"[96240, 93721, 66235, 18255, 25936, 8733, 69524, 86983, 31439, 72987]"
118687,"[78040, 94273, 34864, 59177, 84879, 40152, 16264, 66922, 72803, 102873]"
118688,"[87002, 75687, 107730, 99419, 68963, 37090, 102068, 1926, 98423, 22692]"
118689,"[73490, 53109, 66494, 3122, 41581, 49043, 101050, 46316, 52745, 26432]"
118690,"[57795, 87877, 29893, 107935, 6420, 83707, 89630, 60491, 42226, 103878]"
118691,"[54352, 83094, 97144, 39703, 4020, 25785, 73115, 40702, 95735, 6050]"
118692,"[13177, 62957, 69186, 22639, 68877, 71045, 76042, 22069, 97296, 79187]"
118693,"[91425, 102865, 74270, 15602, 65621, 38861, 28330, 61186, 94288, 82797]"
118694,"[84152, 4409, 25976, 19399, 105558, 93729, 16396, 55834, 93820, 37533]"
118695,"[75814, 40986, 25712, 98984, 40054, 74155, 70160, 105465, 47459, 98054]"
118696,"[77265, 17511, 37413, 9999, 69065, 64028, 92763, 80630, 26630, 105255]"
118697,"[54310, 63206, 95391, 1702, 14140, 13068, 75127, 49484, 101836, 107208]"
118698,"[62569, 8469, 74068, 103743, 3814, 31196, 74172, 10184, 4177, 87968]"
118699,"[44014, 77065, 63103, 108202, 49464, 35719, 55827, 98565, 89657, 35542]"
118700,"[41924, 75143, 9280, 46706, 5973, 90081, 28901, 57098, 69159, 45728]"
118701,"[33114, 53888, 53116, 92913, 27288, 107053, 5150, 7975, 72342, 72585]"
118702,"[64145, 100968, 46098, 79213, 30967, 89329, 11193, 70660, 15842, 5002]"
118703,"[80030, 17509, 39295, 108736, 90612, 44760, 79001, 28709, 18410, 17093]"
118704,"[83456, 95678, 15033, 76859, 5580, 21914, 40779, 19487, 7287, 59107]"
118705,"[28957, 61933, 66909, 101872, 93562, 59759, 92805, 9423, 107767, 71402]"
118706,"[103745, 59800, 21463, 109312, 22467, 13945, 54884, 74461, 3779, 100495]"
118707,"[1094, 66444, 39148, 104828, 61597, 94472, 87301, 47230, 61744, 77948]"
118708,"[15519, 96925, 4714, 29608, 31385, 63428, 29312, 51266, 72453, 16204]"
118709,"[60340, 83388, 29510, 96364, 80008, 93492, 66687, 41066, 85571, 69444]"
118710,"[54740, 26397, 27479, 86978, 79501, 56110, 78599, 80711, 107931, 109353]"
118711,"[81206, 103457, 98839, 13205, 45567, 27058, 27903, 73084, 38958, 60826]"
118712,"[86190, 36253, 94788, 63067, 76173, 67978, 11582, 69412, 47677, 71409]"
118713,"[14182, 32014, 63056, 20825, 103541, 109115, 31662, 63937, 78698, 73551]"
118714,"[54313, 101507, 28453, 25062, 53391, 11093, 71223, 67243, 52570, 3879]"
118715,"[81086, 96104, 48412, 52321, 31499, 100902, 32497, 84537, 80282, 69240]"
118716,"[52330, 41253, 7589, 79498, 83495, 75977, 49372, 40163, 66929, 91588]"
118717,"[59132, 73850, 102228, 70366, 62487, 39539, 109601, 97821, 73119, 29435]"
118718,"[54101, 74566, 87786, 106977, 23579, 34726, 84213, 100468, 17903, 100413]"
118719,"[74674, 94883, 7283, 18440, 48284, 26098, 69029, 96499, 89853, 90617]"
118720,"[4256, 43144, 9421, 107652, 9146, 101719, 62865, 55291, 39609, 74963]"
118721,"[28538, 103851, 44124, 24068, 95629, 73435, 101206, 52898, 32583, 6500]"
118722,"[55640, 71772, 34892, 13325, 1822, 102310, 69130, 101140, 80100, 44357]"
118723,"[32707, 15386, 29069, 45552, 77411, 62889, 45956, 38909, 109734, 10819]"
118724,"[28707, 67523, 22928, 101110, 87863, 62632, 34169, 51104, 66877, 99484]"
118725,"[101387, 104870, 103402, 80537, 98051, 26352, 6352, 66083, 98205, 51802]"
118726,"[13359, 1982, 55200, 83326, 59836, 2249, 7208, 29082, 75903, 30465]"
118727,"[72798, 35103, 62479, 46477, 49809, 106025, 54628, 7601, 96210, 89033]"
118728,"[106841, 10933, 100282, 97871, 72756, 11036, 57951, 17918, 21848, 93858]"
118729,"[68866, 31255, 51542, 69193, 11690, 49594, 76992, 38146, 103806, 61490]"
118730,"[60736, 74762, 87409, 4962, 88901, 43061, 87312, 85057, 29740, 41434]"
118731,"[93813, 37030, 50284, 96274, 10271, 62222, 65693, 18003, 52145, 23741]"
118732,"[38685, 99124, 108862, 88423, 49494, 43897, 7235, 23751, 99349, 30700]"
118733,"[74583, 11187, 89396, 53736, 97954, 107533, 103194, 53330, 34274, 30464]"
118734,"[9372, 88828, 56344, 49900, 21189, 91183, 26379, 48045, 107940, 95966]"
118735,"[21437, 81201, 107443, 88078, 69108, 95674, 86131, 31181, 32344, 64088]"
118736,"[103675, 51181, 2585, 26533, 8969, 17239, 11987, 76352, 20584, 82970]"
118737,"[11846, 94615, 64889, 92131, 70143, 27511, 36860, 55915, 84164, 95740]"
118738,"[40771, 100100, 35898, 9738, 48903, 109050, 47321, 107069, 77726, 57647]"
118739,"[76766, 77561, 51639, 82479, 72832, 37924, 78279, 14099, 61942, 18608]"
118740,"[72360, 19657, 90749, 24356, 89399, 80603, 45335, 83405, 98626, 58762]"
118741,"[6796, 4969, 38336, 74869, 14348, 64565, 103441, 72103, 84241, 8067]"
118742,"[24499, 13509, 16432, 11641, 21132, 21371, 107401, 85306, 61589, 50589]"
118743,"[73621, 52518, 98591, 63611, 54813, 4363, 89096, 95565, 65111, 11545]"
118744,"[13243, 105541, 21106, 17438, 86290, 24563, 18308, 81222, 70523, 63997]"
118745,"[43979, 95423, 26414, 10355, 48603, 64047, 69675, 25810, 62085, 8324]"
118746,"[26739, 55589, 68890, 93907, 78002, 4105, 76678, 4371, 76069, 30266]"
118747,"[15395, 26823, 60487, 43890, 71355, 70219, 84648, 41968, 72724, 61022]"
118748,"[20234, 52490, 53481, 39517, 65515, 108274, 22422, 103144, 105200, 107974]"
118749,"[40763, 87820, 30279, 74929, 50252, 178, 82686, 21779, 46849, 83655]"
118750,"[75795, 82171, 80928, 76947, 51465, 36455, 1517, 105317, 73860, 65309]"
118751,"[45406, 62481, 27387, 109066, 86008, 89238, 3427, 61943, 33517, 21442]"
118752,"[17936, 68544, 102630, 44290, 47089, 68864, 64234, 13463, 98207, 36133]"
118753,"[47177, 44934, 103231, 5233, 54358, 1874, 48022, 6218, 62451, 55255]"
118754,"[92234, 66613, 64252, 15325, 65686, 43415, 2910, 44355, 34656, 89931]"
118755,"[46470, 18051, 60413, 99229, 84663, 89778, 33291, 42325, 27234, 65273]"
118756,"[4935, 21789, 56660, 52621, 55542, 86306, 53305, 66331, 65856, 97141]"
118757,"[4494, 4148, 29214, 84540, 21401, 75584, 66354, 70880, 39847, 87622]"
118758,"[16495, 90847, 108500, 76257, 105903, 28325, 21767, 17363, 18154, 44444]"
118759,"[55763, 17005, 71888, 3412, 63833, 13389, 32057, 40275, 67229, 11770]"
118760,"[49350, 23730, 109744, 99329, 3534, 11331, 76359, 62433, 34539, 74575]"
118761,"[20463, 53302, 13130, 62944, 103407, 66912, 67725, 71760, 48342, 16011]"
118762,"[106564, 40034, 86961, 81416, 37684, 39749, 85484, 5073, 91171, 108798]"
118763,"[104387, 101430, 54634, 91630, 77069, 98499, 15660, 57854, 59412, 10687]"
118764,"[55564, 108652, 7208, 1982, 4591, 13359, 87883, 23263, 27463, 105031]"
118765,"[77923, 86388, 21551, 86672, 80330, 57552, 37044, 63425, 49201, 92256]"
118766,"[74032, 6034, 30890, 44616, 86675, 56197, 122, 86659, 50810, 83879]"
118767,"[105201, 35067, 68032, 85248, 32331, 14681, 87684, 56413, 103772, 73528]"
118768,"[44869, 103147, 22586, 65186, 9680, 31275, 59707, 56522, 77886, 15099]"
118769,"[109715, 5141, 41969, 52527, 37393, 37200, 31896, 15027, 47696, 9974]"
118770,"[58227, 37124, 75748, 99455, 77198, 16054, 33223, 91413, 104414, 86295]"
118771,"[84566, 71188, 88848, 51523, 49821, 71649, 67918, 61937, 4716, 43110]"
118772,"[101089, 55780, 59855, 9144, 55620, 89460, 56138, 73671, 10157, 22293]"
118773,"[87875, 54808, 68865, 108960, 94782, 54551, 76248, 16827, 15494, 59444]"
118774,"[17706, 37973, 20150, 37876, 26923, 17743, 21305, 29838, 56558, 102117]"
118775,"[75500, 33169, 26951, 48040, 22205, 108739, 51090, 52420, 58120, 92622]"
118776,"[70110, 98977, 99958, 70854, 59161, 106887, 67108, 86809, 21854, 31753]"
118777,"[20904, 75963, 99200, 98461, 21674, 95379, 47219, 36866, 89455, 66150]"
118778,"[41682, 6634, 8950, 50496, 93625, 49773, 95405, 31770, 11260, 77010]"
118779,"[54944, 32645, 100353, 39228, 37424, 27743, 26120, 7429, 34445, 88273]"
118780,"[47745, 64650, 44949, 91508, 100022, 35707, 9307, 61232, 7140, 106947]"
118781,"[60992, 60940, 30959, 66032, 89853, 79314, 103648, 73266, 1245, 77119]"
118782,"[12974, 17916, 84189, 20720, 76421, 74238, 16568, 24087, 82644, 32615]"
118783,"[107821, 45833, 10257, 56087, 78828, 48427, 88214, 50467, 11356, 50135]"
118784,"[54159, 84612, 64648, 97856, 95810, 57180, 27122, 45726, 59188, 7405]"
118785,"[107036, 75244, 28064, 89030, 1819, 15650, 32830, 83861, 70390, 65311]"
118786,"[89780, 4287, 76685, 100158, 12555, 26112, 6318, 38222, 91738, 16445]"
118787,"[14915, 39393, 64986, 60934, 27866, 40359, 74009, 96160, 81605, 36147]"
118788,"[30529, 20472, 30455, 34037, 10772, 10469, 66193, 66330, 48351, 22715]"
118789,"[93698, 62367, 89458, 88501, 1265, 16048, 15774, 92384, 45233, 82072]"
118790,"[42469, 35137, 25634, 80408, 92600, 75688, 99204, 92929, 8810, 64219]"
118791,"[51775, 33228, 20942, 60955, 70340, 43282, 84577, 3330, 67496, 35011]"
118792,"[18871, 36694, 46790, 12390, 28808, 89172, 93847, 101799, 30226, 95378]"
118793,"[91271, 87199, 95196, 28547, 33199, 247, 34175, 98791, 52311, 21573]"
118794,"[108228, 29074, 7405, 41258, 36660, 84251, 21641, 52607, 51311, 27811]"
118795,"[18996, 84172, 77304, 37765, 86, 21077, 29848, 74905, 14529, 64057]"
118796,"[36754, 59295, 28932, 105838, 109185, 62028, 80852, 39981, 24342, 41536]"
118797,"[106198, 22383, 88033, 41883, 90307, 98208, 25179, 12225, 53018, 92810]"
118798,"[86282, 19845, 56175, 1795, 38078, 43438, 108654, 16866, 99614, 18894]"
118799,"[56037, 95921, 8986, 22431, 90364, 97156, 25788, 55674, 104688, 26746]"
118800,"[22792, 44129, 13222, 19269, 12621, 35258, 37671, 35466, 92824, 79031]"
118801,"[55686, 58784, 102673, 82369, 43763, 74116, 16643, 62068, 5754, 93063]"
118802,"[42996, 76970, 25878, 62170, 18584, 6595, 46714, 101423, 107109, 45046]"
118803,"[80611, 56227, 4564, 15041, 30949, 103794, 83826, 27617, 63870, 47340]"
118804,"[71863, 98, 54685, 36587, 100040, 3431, 45386, 73502, 88699, 68444]"
118805,"[7611, 84890, 43315, 77924, 40626, 1777, 17470, 106960, 51381, 76370]"
118806,"[99779, 92782, 41477, 38853, 3932, 585, 106085, 63905, 68349, 79308]"
118807,"[86285, 64954, 67346, 88995, 11938, 89954, 34029, 94545, 23657, 26188]"
118808,"[37876, 41593, 71467, 37973, 72814, 48956, 50719, 55347, 7693, 17743]"
118809,"[40439, 107118, 81311, 55065, 104704, 14390, 77750, 30318, 85231, 76339]"
118810,"[91638, 52855, 70584, 96147, 41607, 64589, 3463, 62396, 6932, 62403]"
118811,"[38994, 65737, 40542, 99622, 40899, 65162, 45444, 108221, 75656, 50054]"
118812,"[46178, 67947, 87268, 80777, 12087, 30092, 29524, 102184, 96488, 59115]"
118813,"[94828, 45751, 65385, 36671, 23076, 11258, 32276, 28153, 6547, 81426]"
118814,"[62835, 34769, 78972, 92980, 57813, 97006, 69949, 20180, 92049, 59835]"
118815,"[72936, 10640, 73105, 23832, 33505, 74084, 48026, 102249, 85325, 98543]"
118816,"[107646, 22304, 25108, 19949, 29355, 26807, 48664, 87795, 84410, 8951]"
118817,"[88506, 99067, 57950, 106014, 41480, 108872, 90167, 49688, 54886, 69300]"
118818,"[13779, 104756, 37593, 88894, 38972, 26375, 67459, 103155, 5704, 7084]"
118819,"[69308, 76451, 33439, 43036, 49788, 1172, 40462, 33777, 1362, 37171]"
118820,"[37481, 10076, 101767, 24100, 84155, 65937, 41752, 61729, 5760, 25266]"
118821,"[51252, 37892, 86251, 104332, 4879, 77443, 60290, 101793, 57626, 108902]"
118822,"[34894, 18725, 18950, 107983, 49923, 71025, 75501, 91664, 105046, 92493]"
118823,"[56927, 97417, 19463, 32100, 14204, 47234, 37247, 10005, 109136, 23789]"
118824,"[52216, 98135, 22075, 79667, 78307, 2905, 36241, 95596, 26396, 6446]"
118825,"[33571, 33318, 100032, 77854, 1332, 14648, 58749, 4846, 97522, 76555]"
118826,"[102534, 72683, 20825, 71813, 10276, 104525, 68520, 98238, 11836, 34051]"
118827,"[49966, 98899, 8909, 22271, 65187, 43195, 68078, 70912, 55559, 99524]"
118828,"[22307, 94035, 53390, 10058, 48893, 66220, 59682, 79907, 51285, 10718]"
118829,"[72857, 26195, 37797, 9882, 99231, 3624, 84560, 63953, 54002, 81351]"
118830,"[75303, 47721, 109410, 96075, 66032, 62265, 64094, 89013, 20360, 9908]"
118831,"[79268, 47642, 63004, 55770, 20857, 73923, 30375, 41693, 29136, 4676]"
118832,"[68856, 15641, 35868, 20197, 24204, 3272, 55789, 95725, 41045, 7335]"
118833,"[11351, 102573, 44794, 24922, 40959, 72772, 43449, 67773, 90935, 7850]"
118834,"[11180, 68146, 20304, 19605, 72567, 107620, 6939, 21639, 67667, 40862]"
118835,"[70027, 81327, 108632, 5930, 98396, 7386, 94073, 67735, 61177, 103892]"
118836,"[88078, 44544, 104634, 102053, 64968, 107604, 81201, 81511, 69953, 21437]"
118837,"[61836, 24798, 37977, 4925, 82630, 44602, 80683, 74778, 108013, 61107]"
118838,"[36297, 83838, 75994, 84586, 94294, 31971, 62650, 11722, 101824, 8758]"
118839,"[107289, 40718, 37782, 16043, 69346, 52679, 90569, 81771, 96187, 101662]"
118840,"[34482, 8575, 95818, 53136, 49948, 64006, 27525, 58587, 69653, 59353]"
118841,"[25572, 62977, 64353, 36356, 89810, 11079, 57892, 1986, 102145, 49857]"
118842,"[98067, 6326, 68360, 100418, 99276, 43989, 62831, 100999, 37579, 2230]"
118843,"[74003, 1826, 2436, 98453, 60646, 54641, 38589, 72711, 90361, 37360]"
118844,"[89807, 63930, 44125, 28217, 5356, 40805, 14195, 99338, 14217, 68095]"
118845,"[60021, 11841, 47850, 35672, 2130, 56383, 108142, 69602, 62852, 77834]"
118846,"[100506, 97659, 15907, 81782, 13990, 31785, 36239, 28694, 108278, 45609]"
118847,"[100071, 63536, 93089, 51984, 49654, 29725, 38640, 89296, 87370, 51897]"
118848,"[92063, 59522, 24637, 59414, 77156, 41590, 38703, 95536, 93579, 12462]"
118849,"[68884, 69744, 82005, 97945, 44658, 83786, 34030, 61794, 81509, 98377]"
118850,"[19928, 105143, 83539, 58416, 82576, 21237, 81875, 59994, 95224, 56787]"
118851,"[80392, 64258, 9802, 53115, 31883, 20333, 7458, 8979, 85327, 60618]"
118852,"[26585, 76661, 82072, 14741, 25475, 67019, 91424, 103732, 42993, 70627]"
118853,"[2215, 52705, 39358, 108783, 41995, 63018, 93464, 102321, 57656, 5517]"
118854,"[67861, 68023, 68435, 97162, 91197, 102877, 61523, 13114, 77120, 29004]"
118855,"[98183, 89759, 7433, 82995, 85939, 17619, 38709, 77555, 17687, 49785]"
118856,"[35970, 8088, 11911, 26841, 34307, 4552, 55074, 68999, 90555, 47983]"
118857,"[64430, 57927, 79063, 75242, 56817, 47283, 104965, 48195, 77741, 35990]"
118858,"[71717, 38874, 54005, 95614, 91320, 97613, 108104, 108965, 101652, 30359]"
118859,"[9686, 19993, 73711, 53427, 58219, 33107, 91129, 98923, 100515, 37601]"
118860,"[47839, 99096, 49202, 77404, 101017, 18939, 55701, 67134, 74262, 70017]"
118861,"[52443, 11987, 54695, 37724, 58610, 27765, 2585, 51181, 31993, 413]"
118862,"[78575, 50296, 31725, 97788, 96081, 71417, 98997, 46262, 53825, 79859]"
118863,"[83920, 54113, 31337, 58068, 87149, 97214, 67209, 78641, 63464, 18461]"
118864,"[64830, 24325, 65583, 33626, 16320, 105571, 27028, 28274, 76158, 59594]"
118865,"[98102, 39361, 51029, 82879, 3472, 36193, 23587, 63157, 28350, 54059]"
118866,"[80346, 94722, 86211, 59265, 22438, 103023, 36737, 90209, 75049, 95561]"
118867,"[78551, 106618, 3904, 72733, 65688, 957, 49341, 25493, 4947, 72076]"
118868,"[32666, 74449, 65230, 59737, 61983, 66461, 27478, 46831, 86015, 58974]"
118869,"[41443, 63408, 101444, 109050, 65252, 71169, 108504, 101948, 25896, 64170]"
118870,"[14095, 10266, 102631, 68527, 96918, 36403, 42364, 13038, 22118, 81113]"
118871,"[29697, 60877, 20794, 51810, 97556, 10071, 16052, 52661, 85651, 1463]"
118872,"[74501, 20883, 55460, 69392, 48719, 13870, 11048, 106076, 84949, 4775]"
118873,"[67857, 97008, 76197, 90435, 27215, 43568, 98467, 74560, 81889, 9274]"
118874,"[2385, 26263, 15364, 39797, 27123, 103494, 64705, 82919, 86158, 107239]"
118875,"[83463, 87224, 41062, 22505, 695, 89238, 11804, 68468, 90719, 3427]"
118876,"[9665, 67677, 13605, 67597, 59105, 16235, 21943, 103253, 40604, 93061]"
118877,"[55765, 88775, 16993, 93366, 90621, 7731, 101147, 99576, 83620, 95706]"
118878,"[29374, 75772, 8045, 37852, 65337, 47752, 50093, 1310, 103926, 26765]"
118879,"[66095, 48787, 109111, 26984, 18824, 43650, 102783, 38699, 81722, 104653]"
118880,"[72859, 45426, 101069, 60220, 23163, 57639, 102111, 19164, 99208, 58883]"
118881,"[56987, 87355, 78292, 16907, 90776, 95376, 75057, 47818, 28562, 59816]"
118882,"[83495, 39111, 97992, 17630, 71979, 33302, 33427, 68251, 21513, 81365]"
118883,"[104728, 37369, 96158, 50593, 6923, 53833, 66616, 32329, 32815, 40192]"
118884,"[68790, 53165, 64282, 33077, 33372, 16157, 69538, 66795, 46593, 107924]"
118885,"[84542, 71121, 33375, 11037, 100850, 83377, 84659, 64390, 79087, 74995]"
118886,"[7200, 69591, 30179, 78032, 27414, 97749, 99321, 84984, 36518, 77716]"
118887,"[92805, 52739, 89748, 17156, 101171, 43943, 48360, 1746, 94538, 61933]"
118888,"[102217, 105420, 61577, 42735, 77272, 2099, 30530, 10300, 76768, 85273]"
118889,"[93401, 91090, 26169, 25322, 85405, 95956, 74859, 40361, 55188, 34752]"
118890,"[84772, 15989, 9980, 76469, 28796, 61513, 25972, 45611, 17954, 72251]"
118891,"[91331, 69772, 104570, 38884, 70382, 43000, 47905, 87959, 36304, 76545]"
118892,"[64306, 10254, 46062, 40914, 102546, 86972, 29207, 25875, 99809, 58091]"
118893,"[96090, 55112, 40408, 72475, 106960, 61526, 2734, 18005, 62623, 64482]"
118894,"[89279, 10505, 13280, 12548, 93863, 87102, 86444, 96994, 104215, 50878]"
118895,"[34803, 57660, 98373, 92018, 49406, 82835, 7648, 23631, 85389, 53334]"
118896,"[10355, 70001, 3986, 26414, 60603, 545, 713, 63864, 43979, 95423]"
118897,"[100607, 71474, 11609, 101013, 12358, 75350, 46908, 105525, 65291, 95313]"
118898,"[38690, 33174, 99987, 21607, 104585, 100825, 75136, 71034, 90394, 80284]"
118899,"[72629, 105261, 5702, 30523, 56133, 79113, 32765, 9098, 67975, 62720]"
118900,"[10606, 6778, 94616, 68875, 78104, 86148, 62208, 60568, 80727, 57186]"
118901,"[78285, 103583, 35701, 59754, 96967, 49617, 108044, 32494, 35553, 313]"
118902,"[100575, 11032, 10329, 67161, 13716, 104392, 50, 92642, 8758, 13399]"
118903,"[99466, 51541, 20243, 29890, 30995, 88906, 11371, 105907, 32066, 64623]"
118904,"[38405, 79534, 52976, 107549, 82642, 103409, 38983, 109175, 91279, 100094]"
118905,"[84765, 10217, 43517, 8340, 74779, 101488, 22279, 106623, 14699, 52329]"
118906,"[61493, 19441, 4738, 100354, 12575, 96503, 91165, 93965, 3102, 44311]"
118907,"[82092, 36155, 18602, 31770, 56803, 27219, 23101, 88167, 74740, 40294]"
118908,"[15944, 70909, 59356, 47178, 104995, 52085, 18251, 75594, 62817, 74027]"
118909,"[91224, 68803, 18133, 82137, 76807, 30228, 9571, 73240, 28541, 101866]"
118910,"[50423, 12293, 4367, 105425, 20761, 72377, 34524, 93698, 19508, 34026]"
118911,"[97219, 77428, 21162, 70040, 107161, 97520, 78781, 10528, 15330, 19291]"
118912,"[68316, 99190, 77902, 12049, 70277, 28193, 56640, 69706, 84853, 3817]"
118913,"[19500, 77383, 56767, 4686, 6830, 96252, 73839, 98083, 18873, 51691]"
118914,"[53087, 41721, 46078, 58055, 48505, 22831, 33621, 79730, 23419, 74434]"
118915,"[94601, 60335, 45271, 100824, 85468, 45624, 41037, 2499, 3267, 33709]"
118916,"[26606, 88894, 23501, 42249, 50780, 33854, 27664, 28852, 25957, 54135]"
118917,"[49305, 91809, 60986, 18735, 104803, 14081, 21795, 108138, 84109, 89785]"
118918,"[23887, 38817, 82276, 97010, 94498, 44515, 13936, 75608, 35757, 107483]"
118919,"[19141, 7693, 72814, 79644, 49376, 55809, 60736, 90385, 41594, 17960]"
118920,"[75175, 88830, 54235, 84988, 75271, 59261, 109250, 98039, 60076, 44461]"
118921,"[301, 72418, 20001, 63637, 96113, 109749, 54891, 69239, 90506, 1585]"
118922,"[93208, 35652, 17024, 14364, 38085, 38143, 34398, 91415, 68466, 4102]"
118923,"[69211, 67770, 82468, 11397, 84935, 28212, 78522, 24397, 38126, 46318]"
118924,"[15178, 82824, 99131, 64426, 40135, 42775, 108894, 43342, 38836, 27021]"
118925,"[34149, 43713, 98023, 1081, 7699, 105438, 11003, 18402, 62824, 54773]"
118926,"[19184, 80913, 65336, 41418, 64199, 49756, 8613, 92150, 58589, 56565]"
118927,"[109460, 42833, 82332, 102006, 94117, 52163, 52412, 52555, 78509, 59506]"
118928,"[84820, 13246, 88145, 33386, 10492, 41297, 87292, 49174, 99701, 65516]"
118929,"[31813, 101508, 87745, 35994, 34802, 30783, 25175, 37727, 45302, 52280]"
118930,"[5252, 74383, 44796, 68770, 71524, 98175, 294, 100152, 67433, 54426]"
118931,"[13300, 95391, 105918, 41432, 39512, 106421, 18067, 18476, 19970, 89304]"
118932,"[33176, 28145, 23960, 47174, 13638, 18205, 11762, 54807, 33556, 79846]"
118933,"[2321, 62196, 2264, 66296, 42266, 72417, 34232, 7943, 38654, 73893]"
118934,"[108844, 74920, 495, 30901, 24854, 103147, 24973, 35399, 12143, 90088]"
118935,"[4890, 92133, 90489, 68875, 94565, 94308, 64208, 101426, 45777, 14326]"
118936,"[2034, 16951, 56243, 10169, 76792, 104753, 105374, 21306, 96096, 28707]"
118937,"[71252, 32633, 10177, 63373, 95987, 70653, 97765, 37561, 91235, 67795]"
118938,"[22969, 95272, 23235, 108262, 71151, 56073, 26558, 14484, 102280, 91751]"
118939,"[3351, 77957, 94288, 28330, 38861, 107127, 18072, 5508, 28593, 82797]"
118940,"[93010, 6708, 24302, 103544, 44803, 27266, 8338, 103841, 94441, 88802]"
118941,"[104473, 82083, 58954, 56462, 76577, 4593, 35228, 68253, 9852, 65881]"
118942,"[99039, 77869, 16819, 29538, 77367, 43552, 71081, 100941, 27050, 65661]"
118943,"[89782, 35226, 95788, 94730, 40948, 23215, 61416, 45577, 15498, 100102]"
118944,"[93013, 26628, 108257, 91298, 5465, 97696, 54639, 92578, 33585, 61765]"
118945,"[22688, 36649, 76388, 78303, 97255, 99366, 21348, 68789, 72539, 70512]"
118946,"[35772, 109131, 63380, 44003, 44208, 86293, 68630, 100796, 45486, 74763]"
118947,"[57096, 30866, 76334, 45596, 40445, 105441, 57905, 88428, 62711, 11104]"
118948,"[57861, 73878, 68128, 15509, 107947, 102625, 108627, 96468, 56936, 21645]"
118949,"[107776, 20510, 103201, 40107, 75567, 90699, 2465, 66333, 26138, 100291]"
118950,"[31530, 239, 63856, 18143, 16754, 68214, 57212, 103270, 11804, 100171]"
118951,"[19463, 19847, 14204, 37247, 35039, 52975, 36532, 48603, 62549, 34866]"
118952,"[27495, 69127, 108372, 101890, 99839, 81656, 71523, 85018, 22579, 56071]"
118953,"[59957, 8181, 3775, 10204, 43119, 48017, 79277, 94144, 53574, 41637]"
118954,"[24262, 27048, 35478, 59194, 2453, 43311, 11589, 108408, 1391, 23882]"
118955,"[39056, 54606, 96547, 53615, 61131, 85851, 78400, 93547, 101021, 101248]"
118956,"[21931, 72258, 74056, 54704, 102803, 27345, 105721, 27382, 47003, 34754]"
118957,"[48737, 85285, 17964, 88618, 38934, 86924, 30403, 54574, 20422, 17926]"
118958,"[72847, 642, 70961, 99846, 59622, 79632, 64860, 77462, 84861, 105504]"
118959,"[81414, 27660, 10060, 91096, 87375, 49174, 92164, 88035, 67171, 11476]"
118960,"[72734, 83778, 42368, 73066, 21528, 24069, 32247, 96018, 48815, 80562]"
118961,"[17890, 67477, 58987, 74192, 13842, 83406, 80559, 69776, 47648, 8394]"
118962,"[23645, 7062, 77054, 25649, 35737, 11689, 46979, 27195, 70183, 67078]"
118963,"[48650, 71544, 76165, 87757, 40860, 48365, 101052, 99636, 81199, 91035]"
118964,"[95610, 21498, 92421, 71095, 43399, 91820, 8982, 104872, 87853, 104614]"
118965,"[36974, 62290, 34676, 100808, 18836, 83050, 97747, 6180, 8322, 38237]"
118966,"[20670, 25952, 97530, 67673, 73301, 35465, 11199, 19729, 102970, 99305]"
118967,"[57430, 85561, 13244, 33477, 27598, 81407, 27405, 58887, 45683, 28213]"
118968,"[471, 48306, 105112, 100040, 21563, 25967, 88878, 63349, 58649, 66879]"
118969,"[52964, 61719, 60416, 61257, 13009, 82986, 24549, 21294, 80903, 68383]"
118970,"[77610, 55967, 35021, 69974, 2003, 79590, 58573, 61966, 61364, 18176]"
118971,"[79051, 95915, 89398, 5195, 27961, 76577, 103033, 60078, 99338, 60983]"
118972,"[23120, 55125, 58269, 108432, 109519, 63664, 5096, 50317, 84893, 99022]"
118973,"[93511, 96329, 77257, 89569, 14498, 38592, 18809, 90742, 15458, 100508]"
118974,"[2758, 59729, 70613, 35401, 11329, 104285, 45068, 35718, 59343, 28888]"
118975,"[80648, 42942, 106085, 58039, 90072, 40190, 300, 68663, 48614, 79937]"
118976,"[72782, 67121, 91461, 60572, 49967, 80868, 47877, 29208, 57714, 98324]"
118977,"[107579, 24074, 92393, 92010, 6076, 18290, 51253, 103605, 36608, 73691]"
118978,"[56944, 54063, 16948, 79999, 32843, 14762, 9594, 34316, 27344, 31229]"
118979,"[18250, 76554, 41661, 15743, 108698, 53653, 72325, 95704, 777, 7873]"
118980,"[109334, 30206, 57696, 92435, 26064, 77187, 44628, 35819, 42646, 105781]"
118981,"[96, 47603, 38225, 20545, 43812, 39031, 83038, 78703, 58103, 74646]"
118982,"[86515, 74487, 90556, 47284, 77026, 102603, 94093, 74233, 33653, 95912]"
118983,"[34707, 56592, 79488, 35889, 53553, 49275, 37164, 73452, 40693, 51829]"
118984,"[89531, 68083, 74820, 9597, 29286, 64044, 34541, 105647, 15074, 91580]"
118985,"[98433, 76538, 62689, 45970, 75273, 2012, 104888, 97034, 108932, 27943]"
118986,"[61454, 82194, 98098, 76234, 68274, 71570, 101744, 68214, 13418, 73973]"
118987,"[61130, 77340, 60254, 31609, 14180, 65886, 49982, 61448, 67099, 27760]"
118988,"[52527, 45539, 47863, 95086, 60204, 33888, 23034, 15027, 42095, 47696]"
118989,"[43382, 77912, 96579, 78802, 32371, 12333, 102674, 102736, 104405, 66096]"
118990,"[74331, 40199, 62400, 89025, 104078, 71641, 38547, 60680, 58147, 104216]"
118991,"[72453, 89538, 15247, 4714, 18194, 56058, 73598, 4809, 16204, 97621]"
118992,"[25917, 36164, 100751, 30353, 55066, 89385, 82256, 39184, 26292, 57012]"
118993,"[69424, 38223, 16538, 31688, 13289, 22562, 12554, 2709, 29780, 73237]"
118994,"[52866, 76600, 37199, 108902, 25283, 54840, 97338, 278, 67091, 33629]"
118995,"[27972, 102443, 9028, 38632, 10336, 23652, 19507, 66235, 82635, 41438]"
118996,"[27599, 38336, 64565, 15042, 84241, 103441, 86631, 20673, 88058, 4969]"
118997,"[19527, 30442, 93424, 22515, 71466, 38999, 91572, 21470, 77895, 48040]"
118998,"[89418, 845, 8661, 47508, 97523, 24843, 54244, 101682, 26315, 8177]"
118999,"[99009, 31887, 32467, 72614, 27525, 62110, 7828, 60939, 107400, 62446]"
119000,"[89212, 85534, 40603, 38774, 50372, 96492, 23126, 85129, 105935, 62609]"
119001,"[106494, 83495, 79498, 39111, 91588, 64356, 92049, 75977, 88782, 93270]"
119002,"[41169, 109400, 61550, 72636, 34934, 22306, 5029, 63793, 25615, 104496]"
119003,"[87090, 9145, 30474, 106476, 98379, 100274, 49591, 20768, 18166, 45208]"
119004,"[49102, 11427, 59459, 64502, 7946, 27686, 15845, 22962, 56109, 12074]"
119005,"[97884, 33495, 57570, 16278, 41687, 30599, 19548, 29567, 44292, 33967]"
119006,"[65844, 31723, 81075, 104802, 54140, 88696, 39166, 72927, 100362, 50102]"
119007,"[15372, 61969, 82889, 81313, 68659, 28075, 53059, 54716, 103753, 85148]"
119008,"[46870, 33120, 62363, 99470, 33558, 18125, 78133, 13814, 87492, 100212]"
119009,"[85130, 105509, 66616, 53542, 37732, 16789, 92273, 12515, 98759, 2766]"
119010,"[36265, 36969, 2544, 108889, 101593, 74673, 5184, 108505, 33281, 79474]"
119011,"[47961, 107247, 89711, 97889, 27157, 24801, 93629, 106563, 88085, 47441]"
119012,"[38709, 82995, 85939, 108161, 66789, 17739, 10101, 75690, 32728, 50584]"
119013,"[36960, 24010, 23765, 13992, 34100, 29684, 60306, 51991, 47495, 41574]"
119014,"[60748, 1178, 36296, 69967, 3826, 44072, 67537, 107560, 4140, 38239]"
119015,"[79047, 68417, 87807, 9795, 30121, 68780, 39134, 55266, 72615, 36178]"
119016,"[65867, 80564, 18626, 45305, 81393, 33629, 8410, 75209, 27916, 88736]"
119017,"[36814, 78958, 12800, 15261, 28026, 28738, 2990, 106211, 102317, 39306]"
119018,"[66584, 72569, 43798, 8103, 105406, 37702, 97259, 105591, 44233, 106287]"
119019,"[93168, 22300, 95727, 82394, 102326, 53740, 65201, 72697, 54739, 74117]"
119020,"[52696, 99263, 1239, 71476, 68178, 72899, 59076, 50060, 65735, 65664]"
119021,"[52653, 48274, 46816, 98193, 82374, 88775, 56933, 20327, 108247, 12677]"
119022,"[12435, 23634, 70215, 37768, 68346, 66971, 36662, 37193, 77535, 25301]"
119023,"[45114, 40044, 14846, 37278, 93947, 31427, 67960, 71634, 5821, 91060]"
119024,"[26339, 96083, 46461, 20864, 63979, 2025, 94800, 48843, 48273, 8126]"
119025,"[5062, 34083, 4852, 35192, 32585, 46302, 52148, 35124, 49043, 57176]"
119026,"[15122, 71208, 58926, 102756, 2958, 60243, 104359, 9847, 66594, 28773]"
119027,"[71544, 93889, 26739, 61977, 3077, 75707, 88798, 76165, 42496, 78633]"
119028,"[52495, 75634, 101389, 58024, 39339, 23981, 109473, 92779, 91635, 12875]"
119029,"[9190, 69622, 57255, 36979, 47704, 249, 89895, 61700, 95471, 22284]"
119030,"[79125, 103161, 22862, 89827, 65680, 13317, 94829, 69295, 20405, 62213]"
119031,"[77654, 89048, 63789, 60808, 79889, 36622, 6639, 747, 13854, 96892]"
119032,"[58842, 99615, 29989, 63892, 8936, 93319, 10860, 8249, 12805, 18308]"
119033,"[29124, 21815, 103538, 67412, 93672, 103575, 75540, 40521, 72720, 83500]"
119034,"[91448, 86909, 99714, 25418, 58972, 21947, 4952, 46315, 17384, 61149]"
119035,"[95897, 10491, 29498, 47411, 714, 17290, 63340, 4209, 44395, 78933]"
119036,"[72952, 49038, 5867, 7866, 51473, 47916, 100898, 20853, 78347, 39591]"
119037,"[4504, 93645, 68987, 34647, 12976, 5953, 15514, 30341, 52152, 105051]"
119038,"[96608, 15915, 31384, 6068, 85157, 5101, 92775, 2450, 33510, 88414]"
119039,"[14837, 5226, 98080, 734, 106220, 32983, 107169, 45057, 49058, 96099]"
119040,"[10531, 74678, 81933, 50672, 31345, 8483, 59886, 78862, 23008, 4374]"
119041,"[1238, 105651, 10710, 100872, 45766, 12593, 91897, 8690, 103110, 46021]"
119042,"[39753, 101511, 98295, 30664, 101634, 51612, 89705, 46203, 74694, 61773]"
119043,"[11432, 74268, 24157, 100090, 94926, 46467, 71406, 47411, 8583, 16431]"
119044,"[1353, 22168, 75955, 44276, 46093, 85733, 21358, 75983, 69026, 63141]"
119045,"[87394, 77744, 72950, 31423, 62088, 22848, 89157, 39871, 34672, 11232]"
119046,"[92401, 83078, 3889, 76445, 40405, 95931, 46488, 105325, 54893, 99386]"
119047,"[26483, 40393, 74051, 92056, 51887, 50905, 107065, 40115, 20578, 102708]"
119048,"[41675, 46422, 22775, 106005, 3645, 77371, 96047, 102788, 17894, 52109]"
119049,"[33560, 108709, 73509, 103593, 52235, 54659, 95371, 59578, 82828, 41351]"
119050,"[38327, 16311, 44734, 3534, 39789, 109744, 87979, 30218, 11331, 76359]"
119051,"[64283, 2483, 91275, 78062, 4767, 94992, 56149, 30264, 75589, 28992]"
119052,"[6978, 35929, 63394, 98361, 62102, 94390, 40805, 73059, 40440, 91354]"
119053,"[36599, 28332, 74081, 32523, 109681, 69699, 54338, 102866, 79981, 14269]"
119054,"[65318, 52175, 23176, 28605, 54554, 39992, 39327, 10623, 92733, 71931]"
119055,"[66777, 90500, 56652, 47314, 18024, 74262, 89161, 61229, 76146, 35690]"
119056,"[5902, 57314, 38553, 96191, 34102, 93816, 89603, 10378, 79329, 16372]"
119057,"[80760, 102937, 16068, 109289, 71995, 10906, 98251, 106617, 82293, 12935]"
119058,"[69611, 107077, 36842, 84161, 49297, 26528, 98099, 54778, 40774, 108078]"
119059,"[45474, 31317, 90597, 91286, 69945, 38866, 101669, 89869, 20006, 72638]"
119060,"[73307, 106028, 28682, 93216, 33450, 99062, 75008, 107780, 47960, 19100]"
119061,"[70351, 101755, 69988, 33945, 58782, 54323, 75627, 904, 58319, 63489]"
119062,"[43280, 82141, 54246, 17580, 5983, 36594, 61074, 47458, 104660, 62883]"
119063,"[15522, 77978, 22673, 23922, 104201, 94816, 64316, 33549, 97493, 74661]"
119064,"[2103, 11254, 5513, 91324, 23066, 47589, 16786, 16504, 48147, 35167]"
119065,"[2169, 49499, 85246, 43414, 99882, 39133, 58860, 9307, 38420, 97082]"
119066,"[29865, 53735, 49806, 58427, 8399, 44142, 5837, 83143, 74727, 33912]"
119067,"[40122, 71241, 53458, 43938, 24326, 3661, 33636, 107170, 38689, 104103]"
119068,"[63929, 60032, 18476, 23217, 75056, 18850, 49725, 78962, 78861, 56514]"
119069,"[59843, 68813, 19238, 3616, 1934, 23986, 6743, 61883, 41087, 84649]"
119070,"[94058, 82298, 72744, 57048, 101536, 38825, 45442, 16047, 70069, 20758]"
119071,"[71666, 71313, 83205, 22805, 85032, 51945, 44972, 74904, 38503, 5476]"
119072,"[25007, 81709, 39533, 94073, 79615, 22316, 34625, 56090, 69027, 83912]"
119073,"[9112, 47150, 4542, 78627, 53712, 89216, 72066, 5260, 57082, 28847]"
119074,"[96420, 67510, 34836, 103285, 35581, 62931, 49626, 66381, 83064, 78250]"
119075,"[99377, 21290, 1253, 38954, 69562, 41994, 16528, 56537, 34428, 4]"
119076,"[86742, 89069, 38748, 103153, 46785, 86759, 35474, 68446, 10968, 103303]"
119077,"[83703, 52667, 42205, 100193, 22248, 50529, 86963, 19979, 33412, 11806]"
119078,"[99874, 101292, 22513, 82957, 54962, 72321, 99066, 33576, 73461, 10159]"
119079,"[47403, 43300, 36081, 93767, 879, 56042, 77434, 70411, 49660, 83331]"
119080,"[28498, 62201, 92186, 75428, 39180, 78615, 17414, 90653, 25812, 78653]"
119081,"[6126, 30267, 31628, 5730, 72233, 102936, 60479, 15871, 85771, 52465]"
119082,"[100507, 50129, 41104, 61100, 32418, 81188, 79720, 4589, 64896, 108078]"
119083,"[22891, 96697, 59901, 1403, 103285, 22434, 97850, 24469, 67026, 95688]"
119084,"[58455, 109306, 3293, 108375, 45261, 80197, 2994, 38512, 109588, 49930]"
119085,"[27541, 88184, 52202, 96800, 28308, 26039, 42108, 22987, 109161, 69950]"
119086,"[86256, 38064, 51156, 54737, 57769, 90907, 100107, 52337, 106553, 101651]"
119087,"[98602, 63005, 91683, 31444, 86806, 10713, 2942, 53884, 51507, 37824]"
119088,"[108046, 42174, 17349, 99673, 8831, 98600, 29719, 7288, 40329, 43989]"
119089,"[2697, 72017, 77863, 79198, 31730, 9509, 29552, 88875, 10709, 82423]"
119090,"[102924, 104110, 41892, 53807, 85514, 43745, 94937, 92502, 54552, 12117]"
119091,"[21137, 65717, 68550, 53863, 109390, 81586, 100768, 94241, 28127, 17861]"
119092,"[92834, 93605, 99411, 97393, 10774, 95124, 89644, 39127, 1362, 8231]"
119093,"[34092, 30370, 67651, 55969, 9390, 101261, 91139, 107173, 100322, 34709]"
119094,"[6229, 100788, 106019, 41053, 94550, 85963, 86578, 61133, 57099, 37058]"
119095,"[16307, 47012, 51859, 14760, 67788, 83887, 43819, 81817, 62408, 17011]"
119096,"[85562, 5984, 60777, 29546, 68160, 90240, 23958, 27189, 29336, 50615]"
119097,"[12775, 104368, 96492, 23126, 50372, 104416, 89212, 60354, 27309, 28140]"
119098,"[95742, 59286, 96332, 89199, 15714, 39711, 14590, 29639, 53714, 48443]"
119099,"[43122, 95318, 51523, 88848, 92040, 49821, 18491, 99867, 3060, 81033]"
119100,"[22158, 3940, 104146, 88909, 30092, 82804, 75281, 34710, 96243, 90632]"
119101,"[10555, 84218, 78159, 77517, 20881, 77273, 68352, 89330, 60167, 73208]"
119102,"[78415, 55895, 23653, 45558, 79136, 2830, 83278, 80640, 41869, 51385]"
119103,"[33743, 17620, 90400, 75610, 53125, 41124, 32106, 91742, 29646, 61694]"
119104,"[85192, 7264, 10989, 5217, 41406, 32971, 21668, 35917, 22705, 56169]"
119105,"[50897, 49382, 79702, 72296, 47946, 7182, 65219, 30960, 9961, 49825]"
119106,"[67081, 8222, 51710, 25713, 75437, 57135, 90519, 74485, 36533, 106791]"
119107,"[64445, 19915, 64934, 86752, 215, 50965, 54958, 16011, 39047, 102096]"
119108,"[18944, 42680, 81458, 98206, 30485, 59389, 100581, 2978, 106907, 89932]"
119109,"[21005, 80454, 109579, 105144, 54118, 28889, 62583, 105106, 37296, 38279]"
119110,"[38966, 53748, 94116, 79345, 73547, 75226, 36552, 83627, 11887, 61433]"
119111,"[71581, 13179, 66387, 39691, 7954, 61448, 60230, 9935, 76789, 78445]"
119112,"[105563, 68126, 75912, 399, 98742, 96573, 93647, 48678, 27448, 26528]"
119113,"[76433, 69111, 24473, 101315, 1259, 18286, 86740, 34961, 2228, 83665]"
119114,"[104449, 17068, 103771, 107181, 79713, 85533, 102632, 423, 76601, 23669]"
119115,"[21352, 77672, 106906, 36959, 94943, 88245, 105886, 57150, 108506, 87160]"
119116,"[4187, 44606, 47321, 59230, 84828, 77726, 66716, 15297, 83114, 109652]"
119117,"[90118, 96663, 107460, 74953, 55127, 77285, 98847, 89100, 27267, 60723]"
119118,"[46766, 57947, 55842, 65687, 3515, 31409, 98714, 78225, 30678, 97303]"
119119,"[32417, 24175, 41117, 67761, 68563, 28190, 36548, 42314, 15812, 53959]"
119120,"[59369, 74633, 35897, 107858, 3380, 51095, 91053, 48329, 3582, 95905]"
119121,"[8832, 42311, 39937, 97110, 31182, 45512, 40309, 14277, 55082, 6991]"
119122,"[23222, 39131, 26692, 21820, 3135, 98532, 291, 41689, 55618, 103954]"
119123,"[109067, 60564, 108061, 99963, 92416, 63550, 21915, 43305, 96140, 39341]"
119124,"[41282, 49378, 106580, 95607, 108042, 3399, 66646, 109712, 17313, 100758]"
119125,"[84127, 37358, 7183, 91824, 22868, 10655, 31360, 90213, 36822, 61247]"
119126,"[85274, 66263, 76061, 3083, 7273, 64382, 51602, 63543, 98386, 87515]"
119127,"[2209, 2198, 4472, 7542, 8189, 11223, 55108, 27854, 7635, 108578]"
119128,"[5688, 109768, 42178, 31094, 83297, 86883, 109367, 85415, 21362, 63956]"
119129,"[106203, 91767, 87045, 8456, 68420, 64497, 61936, 26835, 107051, 1535]"
119130,"[51050, 16563, 37452, 69020, 81109, 87732, 97941, 49866, 14466, 86825]"
119131,"[62496, 46682, 84576, 107510, 82661, 27526, 24518, 89381, 99299, 9232]"
119132,"[44393, 88106, 63612, 99922, 38438, 15100, 96380, 25614, 37427, 49841]"
119133,"[25240, 52458, 104778, 31551, 32472, 67293, 88589, 21210, 80021, 34580]"
119134,"[3852, 5071, 87833, 95927, 93888, 46850, 66521, 10979, 40938, 73569]"
119135,"[56171, 7424, 4477, 76548, 85363, 76519, 92937, 66941, 29473, 62504]"
119136,"[37101, 33553, 63147, 12905, 66110, 1280, 63060, 90055, 92896, 64125]"
119137,"[83369, 10137, 9250, 10828, 26328, 94862, 88950, 46952, 108402, 89131]"
119138,"[8676, 14480, 106859, 20491, 5441, 25224, 9714, 49495, 95072, 20443]"
119139,"[33357, 51950, 25747, 13588, 91899, 37647, 36516, 20152, 24036, 25006]"
119140,"[89481, 52741, 107691, 82059, 47484, 84594, 70100, 24866, 13813, 101504]"
119141,"[82783, 87330, 30378, 14035, 8631, 80169, 78926, 4198, 18271, 41109]"
119142,"[18464, 43419, 37035, 90656, 43897, 74299, 42008, 64523, 8319, 92998]"
119143,"[52400, 24899, 94395, 83913, 33612, 71174, 64807, 50826, 107946, 1665]"
119144,"[26128, 6966, 12933, 40794, 78890, 88163, 73625, 37055, 34733, 107305]"
119145,"[10291, 104102, 59126, 50057, 10270, 67915, 18071, 104721, 45978, 15089]"
119146,"[108057, 7775, 16698, 17598, 10780, 88017, 48376, 74753, 52143, 1200]"
119147,"[74931, 60712, 25899, 12309, 31637, 105370, 52849, 28629, 48617, 33058]"
119148,"[83519, 20495, 106995, 96274, 23919, 23741, 46349, 37030, 74544, 45375]"
119149,"[91302, 38430, 28806, 6509, 21029, 31703, 72074, 7204, 97116, 105309]"
119150,"[49561, 74723, 66658, 67303, 12998, 32140, 83402, 99908, 16679, 81106]"
119151,"[45734, 73440, 57253, 71899, 101590, 51234, 101680, 105722, 69662, 36019]"
119152,"[16811, 25263, 99545, 42361, 20967, 83509, 29584, 81483, 79617, 78442]"
119153,"[14183, 23690, 66629, 33404, 96187, 23860, 20411, 31100, 69643, 108187]"
119154,"[44907, 75962, 86964, 36911, 18032, 2487, 73508, 99896, 75051, 109419]"
119155,"[1729, 6881, 48861, 92962, 11002, 88814, 66546, 100919, 68109, 106809]"
119156,"[48041, 47630, 43608, 43626, 58753, 80574, 103427, 31307, 29387, 85580]"
119157,"[67488, 37758, 87007, 33777, 72856, 13008, 49788, 105384, 31640, 83189]"
119158,"[70934, 64444, 54559, 19210, 53570, 8573, 38656, 64699, 28959, 64556]"
119159,"[44925, 42247, 44192, 68893, 44923, 51486, 83895, 108567, 35696, 85989]"
119160,"[94566, 28181, 30557, 109582, 55118, 3471, 70897, 1747, 47474, 15290]"
119161,"[8914, 23308, 6290, 80473, 86027, 52249, 12289, 24452, 39947, 16858]"
119162,"[68784, 28126, 75877, 35240, 42309, 7683, 89836, 106806, 55431, 38594]"
119163,"[18156, 40248, 93968, 86968, 50086, 102950, 55930, 26382, 28940, 40646]"
119164,"[89362, 79205, 20117, 42095, 7967, 28250, 51273, 98445, 47990, 12634]"
119165,"[68760, 60141, 8085, 19956, 41972, 72840, 25847, 73959, 78378, 77788]"
119166,"[55565, 72518, 66472, 69435, 97168, 50391, 45597, 47238, 16484, 81247]"
119167,"[107788, 71027, 24501, 80396, 103690, 38331, 23045, 23358, 45423, 96730]"
119168,"[106875, 98036, 40591, 85167, 36685, 77615, 24284, 95469, 85523, 21183]"
119169,"[15809, 65967, 28440, 80503, 96493, 50052, 36730, 97406, 65737, 40542]"
119170,"[97769, 78145, 5514, 35953, 28491, 70544, 2484, 39378, 21982, 87714]"
119171,"[55254, 56239, 3332, 22377, 2395, 57785, 25824, 85922, 42320, 85618]"
119172,"[43179, 6431, 86009, 101035, 74094, 92394, 102168, 77783, 87338, 91331]"
119173,"[52051, 46290, 55809, 90385, 94793, 9344, 89848, 15738, 19141, 104302]"
119174,"[92376, 59933, 16335, 45124, 1577, 44718, 15355, 20710, 67234, 97383]"
119175,"[96544, 106485, 10772, 85114, 31569, 72341, 43986, 108157, 100520, 3011]"
119176,"[23025, 39014, 19297, 41720, 104168, 67175, 16298, 23729, 47655, 46127]"
119177,"[105164, 70583, 95603, 7645, 40050, 84412, 33620, 8275, 83713, 53030]"
119178,"[7038, 51675, 76129, 91399, 65810, 41797, 87250, 81533, 23437, 100628]"
119179,"[80898, 46739, 23019, 76580, 2485, 45502, 39732, 65822, 25396, 44348]"
119180,"[84992, 5172, 103424, 77241, 58688, 108083, 18459, 47937, 42985, 19850]"
119181,"[83384, 8210, 109080, 25457, 68971, 65406, 61893, 45080, 61121, 14407]"
119182,"[26336, 57063, 79641, 91044, 103053, 105148, 37844, 24671, 94551, 88086]"
119183,"[50002, 34929, 5250, 61941, 83590, 44238, 95802, 90224, 26135, 2333]"
119184,"[98809, 2956, 81170, 31041, 44095, 18340, 65270, 22908, 50832, 10109]"
119185,"[67699, 86814, 25943, 4856, 46682, 89381, 99299, 80962, 102180, 91882]"
119186,"[30639, 100082, 46831, 23892, 18208, 91011, 16390, 49101, 23491, 77492]"
119187,"[72095, 97703, 80763, 54739, 24352, 8874, 86651, 69876, 109039, 29281]"
119188,"[54053, 27290, 48144, 87712, 58411, 54624, 36266, 27433, 64045, 66481]"
119189,"[89125, 31083, 20872, 95488, 65094, 7500, 90844, 11639, 82085, 29184]"
119190,"[8706, 499, 78254, 26433, 100795, 82685, 21340, 78131, 52295, 104731]"
119191,"[95902, 32416, 108275, 4545, 84839, 39471, 22874, 31601, 71681, 70394]"
119192,"[50672, 50698, 27769, 59886, 106198, 32576, 23008, 60188, 102651, 74678]"
119193,"[79969, 20568, 9032, 107320, 43987, 83561, 64377, 7209, 108006, 76757]"
119194,"[40447, 81637, 104444, 56906, 80784, 23842, 76314, 66927, 2582, 69914]"
119195,"[18777, 46741, 8413, 82139, 9591, 32670, 56993, 94492, 17707, 45964]"
119196,"[101560, 96486, 55566, 8621, 91993, 99982, 28088, 42736, 67724, 40610]"
119197,"[9365, 5374, 5220, 105437, 3010, 34358, 39323, 86374, 84167, 18200]"
119198,"[105952, 66452, 49151, 21359, 83584, 59473, 103467, 79833, 102791, 57957]"
119199,"[78096, 12919, 316, 14192, 106217, 25041, 86934, 73919, 35509, 20282]"
119200,"[10594, 18749, 3467, 45350, 3582, 46039, 95905, 85490, 65409, 87361]"
119201,"[14199, 7081, 81018, 49785, 49042, 56863, 32050, 4632, 89759, 34740]"
119202,"[52408, 106296, 39018, 31535, 63276, 67135, 9771, 53153, 68443, 1727]"
119203,"[97158, 90338, 82663, 9215, 88187, 92353, 82617, 100576, 88822, 45892]"
119204,"[89059, 90532, 23515, 90644, 42866, 85612, 3765, 56994, 62469, 15020]"
119205,"[11122, 86762, 58657, 87984, 49663, 30428, 39270, 68037, 31028, 93914]"
119206,"[100912, 10175, 2158, 68574, 98584, 10268, 70883, 38275, 24048, 79490]"
119207,"[81920, 52188, 30986, 93272, 76698, 90186, 57049, 78733, 65396, 79949]"
119208,"[56074, 63093, 66852, 85561, 107445, 66956, 86876, 36834, 27443, 98856]"
119209,"[89622, 13574, 27836, 106427, 35788, 55269, 109264, 31063, 81548, 59183]"
119210,"[13964, 38894, 19032, 61412, 23943, 6077, 105058, 41872, 89089, 89997]"
119211,"[16127, 14580, 64231, 55418, 61140, 57392, 109059, 31589, 42763, 94940]"
119212,"[28875, 94972, 37874, 40006, 40544, 29641, 27759, 13605, 92204, 2093]"
119213,"[13282, 7172, 48332, 32860, 16288, 21245, 58242, 40730, 85066, 24464]"
119214,"[77843, 88502, 79242, 90197, 56581, 81982, 82885, 59486, 326, 57882]"
119215,"[65431, 85211, 79243, 45013, 93112, 75548, 99262, 40750, 66283, 54666]"
119216,"[7903, 98257, 31585, 95114, 93555, 26398, 11977, 43001, 78502, 34686]"
119217,"[1831, 94295, 25257, 37971, 107393, 65278, 8020, 67794, 82267, 55188]"
119218,"[17807, 60284, 72612, 53941, 19492, 106929, 50220, 79569, 75815, 44112]"
119219,"[64152, 44442, 30210, 56847, 82980, 68310, 61373, 105825, 25397, 82168]"
119220,"[77949, 34654, 39154, 39067, 68982, 26981, 94367, 49696, 107850, 4084]"
119221,"[46268, 39728, 11688, 26686, 76798, 94844, 107527, 101417, 45121, 25399]"
119222,"[62019, 106750, 47606, 6366, 68345, 95754, 34664, 90112, 18543, 17938]"
119223,"[80700, 11609, 35265, 68236, 77690, 48416, 91128, 92806, 104527, 55604]"
119224,"[91910, 97067, 31656, 46338, 76904, 4432, 39834, 67035, 74751, 57842]"
119225,"[44243, 57737, 53899, 22003, 89515, 29695, 87971, 40134, 107557, 83822]"
119226,"[61711, 102526, 45828, 32557, 107380, 7094, 29384, 58509, 71993, 41302]"
119227,"[23375, 2061, 33881, 102490, 88733, 69201, 8762, 34359, 88471, 72531]"
119228,"[90612, 4599, 22225, 79001, 14644, 76247, 1497, 64055, 28830, 78568]"
119229,"[4705, 79767, 41339, 103205, 32012, 90446, 77926, 24063, 70507, 63480]"
119230,"[26204, 91013, 56086, 8896, 18968, 61704, 66700, 70914, 60872, 41275]"
119231,"[18049, 87591, 22322, 55408, 37796, 26812, 97092, 33102, 19988, 108440]"
119232,"[15406, 88743, 95132, 52339, 97548, 12270, 93699, 36185, 60477, 34519]"
119233,"[14525, 46728, 77863, 38218, 9269, 11204, 90321, 52104, 20348, 25754]"
119234,"[106402, 19458, 37700, 85486, 57181, 61967, 18129, 86402, 69192, 62925]"
119235,"[89647, 87837, 81166, 28912, 66156, 6455, 90635, 47389, 45274, 85755]"
119236,"[55598, 25091, 81956, 22727, 103074, 297, 109358, 85408, 78777, 100983]"
119237,"[90062, 23288, 907, 90344, 8978, 27341, 103894, 38583, 99444, 66656]"
119238,"[106009, 15433, 43203, 94979, 98122, 523, 104819, 61287, 34364, 66712]"
119239,"[108484, 81010, 54266, 45248, 19122, 80241, 52127, 28885, 42870, 55129]"
119240,"[86534, 1428, 70870, 97366, 40046, 101553, 97435, 81236, 17005, 2011]"
119241,"[105716, 21311, 106084, 101867, 85280, 92143, 78611, 6551, 31394, 67059]"
119242,"[78022, 104660, 6008, 38360, 65673, 75922, 54164, 93975, 77175, 43280]"
119243,"[39179, 80774, 79942, 86166, 16619, 46563, 76113, 27494, 43886, 8143]"
119244,"[62716, 56042, 5018, 36081, 21728, 68518, 43300, 57252, 100514, 47403]"
119245,"[64033, 65731, 763, 51435, 25461, 106701, 34935, 7024, 55292, 1458]"
119246,"[68165, 37226, 33627, 8373, 36321, 72641, 31818, 45598, 63010, 57566]"
119247,"[1315, 74684, 83442, 50474, 94114, 94026, 38351, 17503, 69509, 49893]"
119248,"[4538, 1810, 50149, 71848, 77917, 97710, 17405, 88094, 49562, 94076]"
119249,"[95687, 25183, 106873, 46502, 80758, 16434, 28733, 46782, 82977, 17536]"
119250,"[94888, 50564, 4331, 31768, 47394, 46147, 22597, 99259, 70867, 14574]"
119251,"[5638, 104429, 101736, 71583, 34172, 82160, 78842, 52411, 43488, 18699]"
119252,"[5804, 92491, 78218, 33257, 39357, 78866, 94860, 50332, 47420, 98618]"
119253,"[45581, 32912, 100427, 26013, 109462, 49864, 51969, 70844, 4715, 36217]"
119254,"[101681, 2413, 99646, 45936, 54760, 51215, 34055, 13071, 107529, 90874]"
119255,"[44480, 27758, 67977, 103737, 59717, 53819, 70972, 100743, 67818, 98864]"
119256,"[54413, 13292, 47901, 22570, 12622, 49569, 92617, 78846, 92342, 40882]"
119257,"[4792, 51297, 90889, 68551, 98174, 48812, 3179, 73946, 72067, 59819]"
119258,"[39034, 49952, 48767, 27700, 106271, 70095, 38737, 4282, 26465, 70643]"
119259,"[89246, 30371, 79577, 26684, 1972, 109391, 91956, 11558, 104383, 89117]"
119260,"[13829, 29556, 4212, 93124, 54361, 108688, 37591, 7907, 71379, 50861]"
119261,"[82783, 32251, 8288, 89409, 43052, 56603, 82937, 107273, 33142, 14035]"
119262,"[66135, 95287, 41234, 25296, 67543, 3705, 66683, 41181, 626, 64828]"
119263,"[53746, 44751, 105455, 91260, 74954, 32142, 56193, 46507, 42633, 73685]"
119264,"[41733, 48553, 69828, 45246, 65629, 85896, 67478, 16502, 104430, 106589]"
119265,"[46095, 56155, 105677, 83827, 92287, 2805, 47, 756, 1894, 19925]"
119266,"[4909, 106708, 92331, 53846, 51684, 27934, 96161, 8426, 653, 8861]"
119267,"[62075, 82651, 76926, 9127, 78604, 70157, 98982, 71798, 60365, 31824]"
119268,"[90389, 20592, 31912, 84030, 45467, 70837, 80049, 103909, 26685, 71491]"
119269,"[109500, 89400, 82440, 31594, 73567, 106522, 24418, 80489, 67574, 69917]"
119270,"[24256, 45283, 106626, 15385, 52078, 97785, 26031, 50199, 47769, 13899]"
119271,"[50013, 109671, 58058, 46803, 42268, 189, 21129, 16056, 92993, 85891]"
119272,"[52079, 32683, 94239, 108827, 102667, 47521, 97805, 69844, 74131, 4354]"
119273,"[94814, 65983, 107990, 108031, 40386, 51130, 106429, 104194, 11954, 10002]"
119274,"[21315, 20857, 30375, 37996, 30107, 106371, 33858, 58324, 84932, 69139]"
119275,"[100121, 60884, 48612, 67163, 88565, 38591, 18639, 42076, 51146, 16512]"
119276,"[46612, 18973, 5648, 54857, 100818, 105084, 67345, 60932, 39431, 92837]"
119277,"[67120, 17306, 47613, 50843, 48294, 88210, 64980, 73823, 59051, 7159]"
119278,"[84605, 18274, 97734, 67605, 72715, 87203, 69814, 93035, 67254, 50123]"
119279,"[20757, 36662, 66971, 68346, 6920, 12435, 93515, 68990, 19134, 87116]"
119280,"[20352, 24573, 77170, 26217, 2725, 34999, 31636, 43730, 60763, 38363]"
119281,"[68967, 1906, 27062, 100210, 87681, 31534, 23116, 10560, 48537, 90492]"
119282,"[57813, 92980, 31952, 59471, 49221, 36083, 78972, 59835, 98087, 52888]"
119283,"[12783, 99516, 98104, 31182, 98245, 40309, 96592, 18751, 88494, 83827]"
119284,"[36610, 43744, 93747, 7567, 33376, 72072, 104284, 64647, 35941, 76687]"
119285,"[47219, 18739, 73460, 85727, 61409, 2495, 34060, 60733, 68662, 26735]"
119286,"[96501, 25296, 19398, 16488, 61961, 51800, 82707, 41571, 98051, 66083]"
119287,"[55393, 41543, 21942, 80755, 35327, 95080, 1084, 5970, 108355, 96400]"
119288,"[87157, 54694, 88144, 23966, 71748, 80836, 86780, 26327, 60593, 71945]"
119289,"[57845, 18081, 98655, 107659, 86613, 103744, 19938, 79393, 36687, 56696]"
119290,"[74732, 105846, 48685, 90450, 74645, 37194, 29706, 35859, 9284, 72787]"
119291,"[23155, 106756, 30582, 65725, 15240, 57522, 74190, 26346, 41518, 100472]"
119292,"[105703, 98117, 14490, 92359, 108265, 1208, 68408, 109146, 78886, 29917]"
119293,"[30722, 108533, 55447, 801, 52232, 15775, 67543, 97934, 33002, 17715]"
119294,"[41265, 34969, 109636, 9564, 26986, 81602, 25568, 81246, 4191, 56152]"
119295,"[62486, 100800, 71266, 47255, 74746, 12161, 45509, 89582, 77439, 4765]"
119296,"[34281, 21782, 48038, 20303, 19881, 27227, 71267, 32410, 42973, 30309]"
119297,"[31563, 43704, 104207, 43472, 1758, 11868, 52808, 50851, 106634, 65696]"
119298,"[106531, 59877, 32549, 101144, 14033, 63756, 66949, 95635, 52541, 3440]"
119299,"[10395, 37204, 64146, 39085, 50080, 76884, 9822, 55401, 41397, 45257]"
119300,"[28521, 88189, 107940, 71357, 91497, 74916, 11806, 55378, 14161, 16642]"
119301,"[100328, 95731, 102831, 78731, 29549, 77893, 36543, 37872, 87630, 55918]"
119302,"[39190, 54590, 59022, 76031, 108576, 103082, 3897, 71342, 40548, 9481]"
119303,"[89923, 75192, 58669, 31908, 51683, 71942, 8598, 51861, 57111, 106850]"
119304,"[48266, 20759, 105182, 5156, 87200, 63783, 64292, 92062, 90683, 108480]"
119305,"[7886, 98178, 16089, 99895, 53921, 99522, 108518, 77947, 49, 86952]"
119306,"[38145, 33093, 25549, 89108, 37203, 32229, 87693, 51745, 10961, 23450]"
119307,"[80203, 59995, 9693, 1874, 28567, 72073, 10069, 40830, 32761, 70307]"
119308,"[9603, 69208, 109751, 77272, 62870, 65307, 80140, 64943, 48868, 72807]"
119309,"[9582, 32135, 65987, 17175, 15126, 63351, 77951, 19380, 96459, 62035]"
119310,"[35799, 28956, 89254, 5697, 38888, 11959, 105447, 36099, 56009, 40220]"
119311,"[45982, 63410, 79331, 37586, 62276, 51101, 1440, 70996, 57658, 100243]"
119312,"[55612, 20433, 54728, 31469, 89234, 48176, 98190, 43805, 55877, 77024]"
119313,"[1470, 36358, 40529, 106703, 37618, 30659, 40766, 34464, 105008, 2575]"
119314,"[74647, 59765, 34154, 78317, 70096, 53548, 30772, 99272, 35904, 65653]"
119315,"[89845, 44774, 70881, 92933, 50680, 74967, 62328, 11000, 35975, 48246]"
119316,"[89683, 74426, 6870, 30824, 18977, 64980, 17667, 20654, 54705, 76636]"
119317,"[3727, 84730, 43631, 100380, 7544, 89269, 52301, 52928, 72757, 34151]"
119318,"[9338, 23776, 44092, 60160, 13570, 92321, 38226, 32087, 39613, 24215]"
119319,"[81997, 89743, 3134, 48841, 39404, 49562, 11764, 4914, 50149, 45007]"
119320,"[56491, 46637, 46224, 98478, 68831, 42987, 61786, 50584, 20008, 70738]"
119321,"[45301, 76598, 75727, 14080, 92598, 4695, 92369, 40474, 54689, 83419]"
119322,"[5754, 74116, 64857, 49290, 58784, 93063, 31084, 62068, 16643, 82369]"
119323,"[50937, 2849, 16660, 84879, 99507, 54637, 72461, 32374, 11687, 76420]"
119324,"[90700, 15806, 25491, 19954, 72483, 63242, 42216, 38832, 70576, 3702]"
119325,"[71961, 70489, 87522, 87670, 100767, 80912, 97993, 49873, 63855, 63356]"
119326,"[22098, 38109, 14705, 67579, 56013, 66146, 17819, 91436, 31313, 30170]"
119327,"[88268, 20876, 92561, 97473, 31806, 97287, 86514, 10495, 61520, 46738]"
119328,"[13096, 90155, 51371, 51474, 18804, 90448, 104861, 78564, 5500, 44844]"
119329,"[65912, 22365, 95834, 8197, 59259, 50364, 73749, 34514, 25899, 44569]"
119330,"[54928, 31817, 13536, 21624, 78535, 59456, 50810, 31740, 66640, 68291]"
119331,"[53398, 69640, 105042, 106769, 43186, 5154, 15124, 95227, 84806, 63032]"
119332,"[19696, 54268, 37264, 18502, 84837, 34181, 99780, 75086, 1606, 99349]"
119333,"[42838, 65465, 93102, 18142, 35494, 22104, 95282, 59738, 42472, 31280]"
119334,"[70151, 90288, 72745, 108434, 97173, 10646, 43837, 85903, 95308, 88514]"
119335,"[96318, 14073, 31882, 13996, 23480, 6683, 39737, 65854, 42304, 60933]"
119336,"[84551, 59662, 25998, 9816, 20337, 38906, 101708, 12744, 57286, 55791]"
119337,"[83392, 39720, 71300, 30461, 45921, 109537, 37342, 81281, 50445, 61958]"
119338,"[54111, 72975, 46925, 4799, 90949, 44205, 40339, 84590, 90475, 74999]"
119339,"[69774, 53767, 49696, 91951, 39067, 81464, 104124, 92560, 84770, 18123]"
119340,"[60845, 65579, 48698, 74261, 79043, 61746, 17924, 56991, 28099, 33557]"
119341,"[83148, 106644, 9331, 10765, 101469, 68286, 4805, 76134, 25231, 67218]"
119342,"[40927, 4554, 87239, 12307, 49031, 100976, 92348, 94677, 20793, 86045]"
119343,"[92734, 22482, 61171, 34724, 66245, 16912, 106911, 41043, 72203, 51398]"
119344,"[60319, 15420, 60346, 63658, 77898, 12949, 86704, 81022, 26492, 9107]"
119345,"[62990, 44441, 32554, 65762, 89312, 43292, 80176, 9167, 78133, 18125]"
119346,"[58816, 86612, 37590, 30549, 72383, 55577, 28139, 66113, 95963, 77562]"
119347,"[101125, 87651, 103467, 84877, 75279, 67419, 102791, 79833, 27846, 56787]"
119348,"[80149, 86463, 57125, 60166, 85934, 108693, 12376, 33286, 5494, 30834]"
119349,"[88212, 8509, 12790, 7613, 31070, 29316, 81934, 30389, 1436, 108326]"
119350,"[4955, 30216, 60536, 94598, 64563, 88125, 78666, 76498, 43646, 81662]"
119351,"[83748, 6513, 44856, 51728, 14732, 43616, 86104, 18178, 68194, 100602]"
119352,"[10037, 83129, 36915, 102281, 3684, 109689, 60, 6851, 91266, 33137]"
119353,"[98503, 7325, 52707, 10834, 72738, 100046, 93949, 88113, 74883, 85209]"
119354,"[50090, 82241, 39677, 45285, 57931, 102880, 64525, 78706, 24396, 7622]"
119355,"[29582, 13371, 15398, 35052, 89181, 12951, 80838, 856, 43654, 41178]"
119356,"[54395, 8094, 16803, 64485, 82456, 51110, 93861, 6285, 84071, 27284]"
119357,"[52638, 67009, 92594, 7393, 23688, 21055, 46867, 4500, 59052, 53634]"
119358,"[33733, 78162, 49201, 80274, 72013, 21338, 18818, 26251, 39811, 87946]"
119359,"[48784, 33438, 98374, 28709, 50543, 54213, 23232, 38753, 71238, 20066]"
119360,"[51625, 67485, 47254, 55894, 43361, 3171, 67305, 100573, 103025, 106621]"
119361,"[13570, 46038, 82078, 9805, 49367, 92216, 84900, 74019, 108283, 5984]"
119362,"[62296, 64313, 84003, 83649, 71640, 14659, 59848, 38541, 7305, 80877]"
119363,"[81072, 26551, 59385, 221, 93197, 35913, 36637, 60214, 95030, 25628]"
119364,"[91906, 91000, 51623, 2159, 88676, 49506, 41758, 52024, 87091, 78874]"
119365,"[93183, 76031, 8368, 103082, 5480, 59992, 33824, 23259, 93172, 96174]"
119366,"[74820, 108717, 21183, 27948, 8963, 83184, 83806, 29138, 13961, 95342]"
119367,"[103850, 104703, 102161, 20813, 11895, 73350, 49207, 93110, 80660, 69356]"
119368,"[89627, 98995, 74937, 31046, 26695, 29717, 105759, 107535, 59295, 62055]"
119369,"[19659, 6623, 1386, 62945, 75031, 2033, 8455, 31491, 54455, 29024]"
119370,"[23440, 92320, 99245, 7559, 80596, 50015, 97787, 16912, 6148, 76128]"
119371,"[25356, 85014, 86085, 91016, 66153, 24986, 97326, 82497, 13834, 68197]"
119372,"[82296, 51600, 87741, 18406, 35427, 759, 53782, 42399, 85762, 88651]"
119373,"[35226, 90477, 310, 19153, 22783, 89782, 53230, 83757, 32006, 82223]"
119374,"[67953, 77588, 55372, 68621, 45093, 42847, 85773, 99115, 84989, 106386]"
119375,"[15591, 60891, 109089, 19726, 18570, 24283, 13211, 4916, 67839, 66542]"
119376,"[30080, 84287, 82402, 8987, 97370, 103751, 32334, 6471, 105818, 4476]"
119377,"[10095, 35125, 84200, 91306, 28413, 105418, 89435, 96017, 80634, 102800]"
119378,"[101849, 36056, 15595, 68881, 92539, 27458, 1510, 90232, 46786, 77368]"
119379,"[15444, 71924, 2716, 109770, 75356, 62729, 45073, 58414, 59522, 51693]"
119380,"[61657, 32123, 22161, 42029, 107675, 84641, 18954, 24542, 41032, 54747]"
119381,"[42262, 102195, 13584, 102031, 92861, 15470, 40755, 53045, 57022, 11626]"
119382,"[103750, 34106, 77193, 93527, 41139, 66096, 5681, 71457, 57709, 4648]"
119383,"[37120, 17497, 62040, 45880, 2331, 73764, 99375, 43344, 32677, 28866]"
119384,"[51199, 6644, 96198, 35803, 81190, 13333, 23133, 51063, 26865, 67165]"
119385,"[36561, 74417, 65842, 84257, 26551, 93637, 4759, 17348, 71268, 78064]"
119386,"[76843, 7873, 53653, 66280, 78747, 10136, 52012, 84434, 81666, 108054]"
119387,"[7225, 62326, 9336, 82586, 109733, 54383, 49524, 18004, 63024, 42770]"
119388,"[73208, 79214, 4393, 77803, 60167, 93017, 91894, 98264, 84218, 109533]"
119389,"[77360, 109344, 86938, 72970, 71154, 68563, 55244, 67859, 73074, 14526]"
119390,"[75075, 47801, 44622, 33919, 2927, 79356, 65376, 16490, 29662, 50122]"
119391,"[62220, 73868, 5364, 67973, 14278, 61713, 81920, 19454, 57049, 28549]"
119392,"[83585, 7246, 106232, 45521, 47068, 93732, 79001, 1651, 67848, 64055]"
119393,"[85049, 22871, 88386, 23139, 21750, 34070, 65651, 107737, 26789, 101310]"
119394,"[92292, 74654, 87663, 1111, 4584, 1815, 30946, 33282, 40844, 7478]"
119395,"[62659, 95427, 44685, 105648, 69978, 1299, 25498, 54223, 99750, 70345]"
119396,"[98167, 37167, 70971, 47343, 103933, 19330, 43834, 49704, 50509, 69637]"
119397,"[82114, 23070, 100149, 14098, 32074, 14397, 14616, 54701, 81200, 106275]"
119398,"[78763, 43510, 70326, 54124, 57651, 53739, 38595, 107397, 26803, 31]"
119399,"[88695, 10499, 23995, 62760, 1707, 46834, 62769, 88135, 4728, 46731]"
119400,"[57183, 18958, 78702, 76768, 65426, 90677, 32900, 97129, 9603, 51405]"
119401,"[77154, 104267, 22945, 53295, 95347, 78098, 100700, 52294, 92487, 66315]"
119402,"[94479, 7295, 39656, 86794, 92498, 103508, 82631, 83352, 59049, 83241]"
119403,"[58423, 104908, 9418, 109091, 13140, 36837, 107570, 61191, 53726, 29198]"
119404,"[103973, 79101, 80067, 97323, 79695, 16618, 103929, 61861, 92187, 56189]"
119405,"[79059, 74410, 103244, 21273, 27960, 39231, 4091, 10305, 109550, 69901]"
119406,"[88444, 21113, 91607, 47576, 43438, 109241, 18894, 85896, 101231, 108654]"
119407,"[5829, 63229, 72842, 90355, 28703, 2309, 13098, 5632, 464, 26481]"
119408,"[93228, 19608, 103738, 39652, 75045, 39756, 8195, 101904, 61329, 4055]"
119409,"[31296, 17938, 18543, 69368, 29981, 58872, 10074, 1432, 44076, 28779]"
119410,"[74666, 6726, 106177, 95877, 58339, 65375, 43250, 69230, 100904, 39592]"
119411,"[101557, 57382, 80944, 7360, 64280, 53189, 71468, 19060, 1745, 2206]"
119412,"[109012, 11591, 43587, 19924, 23577, 93249, 32560, 19335, 93612, 83787]"
119413,"[55783, 105750, 35376, 33401, 45797, 100909, 57430, 106155, 19354, 41031]"
119414,"[47476, 63719, 61269, 13880, 69089, 104576, 73365, 18742, 25533, 10421]"
119415,"[88010, 3048, 61659, 94984, 38492, 73774, 52656, 75996, 109658, 68921]"
119416,"[7184, 21572, 16072, 18116, 10222, 101762, 83801, 46025, 105531, 88425]"
119417,"[18640, 95888, 99814, 54959, 39525, 45452, 58209, 1495, 889, 59629]"
119418,"[90028, 37305, 3497, 71798, 98982, 53547, 23291, 109205, 89979, 43948]"
119419,"[56235, 12581, 106007, 100355, 78538, 102799, 63065, 17636, 8038, 16070]"
119420,"[22409, 79949, 23047, 69688, 91507, 66079, 92785, 40649, 31920, 56593]"
119421,"[58874, 56381, 2937, 79385, 94289, 11891, 31503, 108325, 105883, 1769]"
119422,"[11299, 32060, 10025, 62701, 62207, 91360, 99938, 55183, 55491, 107979]"
119423,"[31503, 61325, 26207, 92533, 94620, 80745, 29470, 31540, 56050, 98044]"
119424,"[95904, 28848, 69763, 7866, 72538, 5867, 29688, 75527, 20853, 70156]"
119425,"[6339, 73890, 54488, 2951, 23590, 43531, 100627, 21313, 35989, 16849]"
119426,"[34671, 14417, 50672, 8907, 35885, 21221, 25208, 34063, 108523, 91301]"
119427,"[33166, 93714, 107987, 97644, 74685, 89987, 18002, 85102, 92456, 94683]"
119428,"[29106, 91164, 33010, 58720, 105214, 62271, 97109, 39088, 15147, 52970]"
119429,"[38502, 40854, 73016, 1546, 8884, 89405, 103063, 59168, 44682, 69862]"
119430,"[24353, 58465, 78981, 19195, 92436, 32210, 94920, 67626, 48505, 52987]"
119431,"[89675, 102540, 54886, 83803, 34310, 25433, 95837, 44106, 12660, 46280]"
119432,"[27331, 92029, 69114, 77457, 23983, 93369, 88610, 89132, 7174, 22621]"
119433,"[35361, 2830, 280, 83990, 11311, 60382, 31284, 99199, 95594, 47192]"
119434,"[35307, 11794, 59235, 62274, 57432, 70935, 78242, 102636, 17137, 66110]"
119435,"[95347, 53295, 63869, 56985, 72735, 75717, 3923, 57858, 72188, 12177]"
119436,"[65296, 62424, 24778, 16839, 97765, 9283, 37561, 29872, 18087, 20659]"
119437,"[38370, 103011, 7432, 19896, 54369, 104960, 19093, 67908, 37485, 97275]"
119438,"[54921, 62229, 18610, 99402, 101276, 83210, 82923, 85603, 95586, 76307]"
119439,"[104165, 33469, 88966, 63615, 107339, 76985, 95195, 94531, 88311, 98158]"
119440,"[37286, 30821, 37957, 23001, 94074, 107573, 60653, 19165, 99761, 68637]"
119441,"[27086, 104426, 48257, 57956, 64148, 8436, 35425, 10919, 1643, 58324]"
119442,"[88889, 58560, 62460, 18636, 54524, 70792, 20065, 83911, 66655, 28644]"
119443,"[44018, 86141, 52606, 101502, 25053, 16545, 40550, 21690, 108021, 46073]"
119444,"[94328, 41020, 1550, 92598, 34158, 42057, 100173, 87423, 96416, 50763]"
119445,"[76009, 76326, 20392, 100705, 39489, 25971, 35315, 81171, 50936, 46670]"
119446,"[101192, 81439, 77238, 51614, 35068, 87587, 50630, 106865, 39736, 16094]"
119447,"[150, 60566, 76466, 91486, 30290, 95054, 33982, 71289, 29795, 96409]"
119448,"[57481, 68666, 57743, 57305, 86400, 102065, 12307, 109163, 21482, 10325]"
119449,"[29978, 78975, 31519, 68599, 85076, 42419, 62916, 91917, 104511, 100505]"
119450,"[6215, 89372, 61495, 106250, 76128, 41293, 81978, 39604, 5544, 71480]"
119451,"[23672, 85118, 38751, 12410, 27819, 67249, 64035, 22435, 76110, 37985]"
119452,"[11624, 102783, 40740, 63261, 7894, 30731, 80078, 90164, 25545, 7771]"
119453,"[579, 97612, 65373, 45399, 17673, 60112, 23639, 35746, 939, 108413]"
119454,"[34815, 84813, 28499, 51619, 62203, 52309, 75492, 74706, 5338, 85168]"
119455,"[28262, 54666, 85563, 71130, 107865, 92059, 98177, 109643, 72405, 102716]"
119456,"[84108, 88129, 9755, 76123, 62045, 21659, 1691, 105064, 95600, 22572]"
119457,"[30573, 98749, 72069, 18852, 71994, 52206, 45408, 58918, 39004, 16737]"
119458,"[407, 17392, 60646, 91446, 44418, 69712, 109482, 109373, 22351, 57788]"
119459,"[92992, 8991, 10781, 105468, 3414, 43226, 52580, 92255, 9734, 49525]"
119460,"[38351, 93264, 19115, 94026, 94114, 109231, 69509, 17503, 4291, 44222]"
119461,"[73108, 53660, 84430, 87869, 91204, 35391, 61842, 104537, 15724, 95384]"
119462,"[36022, 988, 69403, 102954, 25878, 87784, 65339, 102734, 88426, 103304]"
119463,"[15665, 66053, 13055, 14911, 103245, 54833, 49722, 77623, 8993, 28694]"
119464,"[89084, 5213, 75052, 82162, 68215, 59116, 77504, 86959, 93800, 107905]"
119465,"[33147, 81098, 59117, 79571, 22116, 31844, 3250, 35616, 49374, 6416]"
119466,"[58266, 16511, 25518, 3189, 91134, 56461, 4137, 66990, 78619, 12250]"
119467,"[57131, 61820, 78342, 47584, 87540, 83567, 8576, 6287, 58528, 51832]"
119468,"[19751, 101427, 71425, 57388, 37157, 59213, 90030, 78889, 78767, 53699]"
119469,"[87883, 7208, 1982, 29082, 29128, 65927, 15100, 19670, 16178, 99280]"
119470,"[48726, 21180, 26377, 64593, 89582, 109174, 43309, 38789, 60971, 63228]"
119471,"[103028, 38693, 71768, 31348, 107314, 623, 20538, 745, 38766, 63237]"
119472,"[6579, 16661, 80033, 72965, 7532, 2994, 22371, 101485, 23166, 10775]"
119473,"[15192, 19391, 737, 72957, 53578, 85421, 77422, 75363, 15796, 6838]"
119474,"[16382, 29282, 60442, 83933, 39388, 46442, 97861, 28587, 60066, 65554]"
119475,"[44494, 36322, 23086, 94403, 1617, 40318, 55397, 65947, 65022, 67636]"
119476,"[70151, 106110, 62815, 80495, 2840, 107091, 43837, 90288, 72891, 92766]"
119477,"[10465, 40956, 11500, 74862, 45265, 81771, 37425, 91154, 95524, 49658]"
119478,"[43268, 87231, 100213, 74500, 57543, 45783, 40461, 45409, 2060, 109595]"
119479,"[1402, 6751, 5812, 100107, 104488, 10954, 77734, 7319, 13591, 41562]"
119480,"[71838, 102295, 27196, 55404, 69002, 89528, 33105, 31026, 40773, 55887]"
119481,"[2513, 78322, 71936, 45723, 47060, 60814, 72963, 69035, 20192, 66277]"
119482,"[109758, 12684, 99154, 2832, 95284, 56145, 20659, 96133, 13261, 27111]"
119483,"[44714, 11156, 51582, 14165, 81814, 70005, 102997, 79102, 4796, 67207]"
119484,"[41455, 5218, 2970, 88574, 20467, 6105, 58828, 83370, 19396, 9816]"
119485,"[15084, 61090, 76281, 13875, 59479, 64101, 57929, 77295, 78957, 35322]"
119486,"[80293, 84437, 8505, 46111, 81430, 15813, 90193, 91727, 103606, 3739]"
119487,"[84337, 12605, 64717, 44189, 70649, 96757, 98926, 98595, 47303, 7383]"
119488,"[9959, 92657, 1566, 6522, 1979, 6659, 20036, 43925, 82401, 4444]"
119489,"[84547, 23702, 44285, 58022, 108464, 26129, 17177, 90175, 50795, 106066]"
119490,"[107333, 60067, 73571, 65475, 76256, 24297, 103606, 52021, 106123, 66869]"
119491,"[48673, 22435, 21269, 102052, 10482, 56890, 80195, 88838, 77634, 62368]"
119492,"[77630, 63549, 95500, 7599, 55970, 98412, 104551, 77493, 47230, 107412]"
119493,"[96412, 98181, 89361, 80439, 79662, 96601, 3971, 85312, 8605, 69602]"
119494,"[85509, 56045, 16243, 52295, 73789, 89364, 76609, 54269, 41285, 92765]"
119495,"[68619, 80343, 39868, 23675, 36512, 75213, 96758, 21337, 3475, 9890]"
119496,"[16268, 24437, 95184, 64837, 86259, 22026, 20063, 7399, 23763, 96796]"
119497,"[23214, 104786, 101667, 20196, 72874, 83884, 37779, 25076, 108763, 68156]"
119498,"[100777, 59980, 76914, 71914, 83845, 103825, 41878, 42901, 43408, 62737]"
119499,"[3209, 53766, 22047, 79638, 98722, 74196, 42709, 55176, 61278, 42278]"
119500,"[76955, 90908, 7542, 11223, 19079, 89838, 5606, 4576, 10721, 104129]"
119501,"[87747, 40320, 59709, 56893, 90031, 86107, 58564, 9852, 62461, 77300]"
119502,"[17933, 65002, 70295, 73509, 79519, 10212, 33560, 99717, 52235, 10905]"
119503,"[67295, 95445, 107101, 45087, 89814, 39689, 72029, 5753, 4660, 65397]"
119504,"[87827, 15343, 103612, 84394, 31260, 67145, 79641, 69760, 29323, 107002]"
119505,"[100837, 63725, 71661, 73182, 62998, 69085, 46443, 30806, 38699, 104653]"
119506,"[533, 78396, 100764, 12363, 64551, 104318, 25780, 84775, 39734, 43218]"
119507,"[23252, 79718, 90730, 38914, 52484, 101288, 4652, 49631, 70954, 93480]"
119508,"[15986, 85092, 20440, 44913, 107433, 40272, 35528, 68589, 75295, 47687]"
119509,"[85087, 29984, 6496, 96201, 56521, 37783, 11600, 15049, 67683, 90850]"
119510,"[3412, 109207, 91487, 41414, 55763, 17601, 17005, 4386, 13389, 83317]"
119511,"[50275, 50272, 99479, 94893, 103729, 81889, 48501, 106654, 36708, 73891]"
119512,"[52494, 97021, 13152, 104069, 38293, 69393, 109761, 1399, 51326, 108071]"
119513,"[21460, 74049, 16936, 98255, 71690, 34677, 22634, 15406, 101457, 76902]"
119514,"[17272, 69988, 58782, 101755, 6073, 68525, 70351, 64111, 54323, 33945]"
119515,"[14185, 68772, 13766, 37091, 21061, 25290, 24919, 71044, 25754, 20348]"
119516,"[85723, 86364, 49395, 7004, 55773, 29179, 13915, 25571, 86827, 107163]"
119517,"[99679, 42755, 41060, 65154, 105022, 47155, 97761, 94045, 42870, 73701]"
119518,"[107549, 30308, 12702, 26796, 100772, 98226, 99660, 82642, 19968, 5512]"
119519,"[91585, 62947, 1404, 59831, 282, 80170, 96507, 11509, 362, 16100]"
119520,"[49599, 11337, 21233, 92137, 18727, 6080, 105680, 60824, 65279, 65065]"
119521,"[65181, 68542, 34714, 59446, 29542, 79302, 35904, 10533, 47216, 16835]"
119522,"[74421, 22896, 20161, 102241, 8493, 53271, 13700, 53844, 95219, 16039]"
119523,"[41526, 56998, 96499, 48284, 2969, 88863, 14106, 12127, 24743, 14273]"
119524,"[105436, 1692, 4127, 28678, 62652, 66730, 16468, 79230, 1106, 102151]"
119525,"[4648, 93527, 34106, 56718, 7010, 78285, 24858, 87762, 61080, 1025]"
119526,"[82794, 64108, 94605, 92982, 69159, 18154, 41099, 43775, 1281, 30560]"
119527,"[95379, 28312, 725, 91206, 36866, 96886, 84734, 90251, 21674, 58767]"
119528,"[14838, 50867, 96517, 102608, 14343, 35420, 92282, 59105, 42547, 97713]"
119529,"[78619, 83322, 80738, 70923, 25863, 52263, 34564, 62529, 15501, 63720]"
119530,"[13407, 56102, 45720, 80212, 17985, 39040, 56766, 70069, 94058, 21071]"
119531,"[56125, 97397, 43181, 30389, 100556, 1436, 76362, 12790, 31070, 81934]"
119532,"[51799, 96344, 35618, 8656, 41757, 40880, 41978, 45401, 42872, 94138]"
119533,"[37041, 2548, 101032, 76780, 99323, 84458, 22351, 85909, 2436, 17456]"
119534,"[54911, 95709, 109209, 1105, 20999, 38529, 68269, 24806, 39145, 53620]"
119535,"[70024, 11103, 42081, 97485, 69170, 11101, 53013, 27974, 68206, 76982]"
119536,"[40974, 97024, 27574, 106220, 101733, 44059, 16627, 29276, 2742, 41992]"
119537,"[42183, 25266, 75591, 64289, 47761, 53961, 64074, 32354, 106693, 27425]"
119538,"[91383, 61225, 48696, 7217, 10774, 35254, 53077, 9087, 12538, 4379]"
119539,"[86305, 77233, 55309, 52282, 5636, 6404, 46810, 72327, 15447, 11685]"
119540,"[13681, 50247, 101763, 94789, 100531, 28188, 97058, 104007, 54102, 83994]"
119541,"[106399, 83168, 91629, 29152, 17401, 37984, 25838, 89448, 106138, 93303]"
119542,"[13801, 80806, 61321, 8642, 44436, 78259, 106994, 96841, 56519, 31716]"
119543,"[59552, 57672, 98805, 95830, 88462, 28252, 56922, 29063, 100239, 89506]"
119544,"[70291, 36327, 29464, 6512, 31544, 30124, 51684, 16003, 5147, 73072]"
119545,"[7565, 42965, 13574, 57060, 85929, 89622, 55269, 87644, 8537, 64729]"
119546,"[14636, 5895, 34996, 50962, 60122, 41483, 17143, 45590, 94996, 58552]"
119547,"[106612, 5882, 98568, 76438, 55621, 82697, 104080, 49448, 38692, 81537]"
119548,"[18763, 93533, 18665, 105714, 50522, 109320, 13250, 374, 98080, 15430]"
119549,"[66304, 96139, 69263, 38464, 92378, 90617, 73474, 88028, 33071, 40399]"
119550,"[43216, 24330, 28347, 64588, 1846, 45140, 64125, 62274, 97736, 35773]"
119551,"[105364, 32865, 20567, 11251, 79135, 30194, 100783, 83807, 20179, 36119]"
119552,"[82882, 25325, 17546, 31689, 66727, 94127, 9486, 38749, 19228, 26411]"
119553,"[50742, 66232, 56068, 62712, 105770, 98332, 55184, 51824, 26688, 43467]"
119554,"[98319, 69105, 12402, 9858, 73196, 68987, 16409, 15892, 82046, 60685]"
119555,"[38062, 88783, 99137, 73686, 106012, 87094, 98534, 35329, 102320, 74125]"
119556,"[81794, 5509, 18379, 30583, 37747, 10468, 92237, 96336, 97651, 81440]"
119557,"[106151, 39419, 79367, 67540, 70581, 24525, 19224, 104519, 48326, 18506]"
119558,"[36757, 17323, 54815, 87406, 21112, 79210, 75825, 103124, 24942, 80297]"
119559,"[65289, 60113, 88450, 102775, 75042, 81306, 103204, 27057, 44114, 59762]"
119560,"[92160, 74104, 85070, 75029, 32957, 26495, 48952, 16891, 59481, 82060]"
119561,"[45770, 65225, 54461, 105173, 109204, 47690, 44704, 43401, 76344, 32259]"
119562,"[77181, 42680, 21978, 89932, 57678, 84273, 1421, 70395, 18944, 98206]"
119563,"[37438, 69739, 571, 40448, 94246, 105240, 93666, 67171, 11477, 7971]"
119564,"[58218, 55678, 57104, 78839, 33260, 2871, 57703, 102250, 99994, 96435]"
119565,"[13327, 92501, 108559, 79344, 18963, 76436, 29347, 100601, 86959, 83793]"
119566,"[76229, 57839, 62003, 9057, 36289, 36247, 74406, 11373, 47059, 3874]"
119567,"[39803, 91934, 70430, 50313, 52283, 86948, 42180, 57456, 47995, 102808]"
119568,"[4139, 65022, 11581, 105607, 46284, 54923, 70739, 35319, 40318, 105399]"
119569,"[89693, 20235, 56682, 12507, 56307, 29218, 93380, 21960, 53970, 103615]"
119570,"[70881, 50680, 51188, 92933, 89845, 109668, 50058, 83068, 75645, 59990]"
119571,"[86773, 66930, 12875, 56560, 80728, 100871, 29626, 72897, 37847, 42516]"
119572,"[15817, 13214, 71224, 63075, 18266, 30484, 93194, 18606, 71950, 41680]"
119573,"[105676, 18632, 107742, 86972, 57882, 10254, 64306, 46062, 11702, 7063]"
119574,"[26931, 20807, 44507, 93173, 42625, 32374, 14404, 27161, 2109, 1873]"
119575,"[17364, 45132, 10491, 4209, 86384, 12172, 48429, 11345, 17479, 101453]"
119576,"[77806, 69957, 93389, 16384, 13350, 69804, 16463, 108430, 73015, 99521]"
119577,"[39075, 59871, 51166, 2906, 1872, 74781, 39678, 86343, 90912, 12418]"
119578,"[77089, 80817, 82572, 47169, 3033, 67501, 90284, 83320, 72716, 68734]"
119579,"[48808, 4669, 62994, 15988, 81975, 81103, 80382, 59603, 5619, 94553]"
119580,"[108289, 36975, 104251, 25078, 107191, 42796, 91094, 55793, 49731, 68759]"
119581,"[79130, 40559, 22485, 80034, 75799, 7089, 82036, 82870, 23183, 78072]"
119582,"[93587, 96499, 46275, 48284, 35120, 3849, 39676, 105632, 12127, 41526]"
119583,"[26916, 9789, 7835, 45933, 59770, 12417, 39977, 39182, 103470, 97746]"
119584,"[18922, 56498, 39218, 96026, 30682, 35086, 57948, 15450, 82830, 41339]"
119585,"[26393, 74003, 90361, 72711, 37360, 59349, 103435, 24025, 61629, 106088]"
119586,"[23446, 50771, 71029, 63555, 86636, 3921, 4532, 743, 22440, 25406]"
119587,"[98566, 79021, 20562, 91420, 51754, 101059, 81551, 2083, 95909, 25990]"
119588,"[91381, 21888, 1289, 57704, 18746, 40340, 76213, 58668, 12294, 40962]"
119589,"[9566, 60278, 96448, 83059, 45574, 48096, 89325, 23576, 6678, 26994]"
119590,"[101846, 16624, 4366, 6614, 48122, 80606, 16675, 107144, 79871, 91533]"
119591,"[7784, 107728, 27985, 64086, 76934, 48584, 109553, 15313, 67732, 89156]"
119592,"[8304, 10318, 95407, 69033, 75744, 55951, 3547, 88777, 14218, 36284]"
119593,"[51955, 16474, 28093, 52895, 38684, 109603, 55164, 76591, 83308, 22581]"
119594,"[9368, 93498, 96419, 36331, 25144, 56343, 82115, 15073, 35262, 26104]"
119595,"[71180, 94797, 25522, 109764, 49835, 91014, 82533, 21326, 3703, 66353]"
119596,"[103331, 105121, 54742, 106116, 47515, 61096, 56798, 13303, 5654, 920]"
119597,"[46822, 26159, 104100, 36308, 65179, 50877, 45892, 87428, 62059, 75708]"
119598,"[22596, 28858, 54017, 50956, 95981, 2812, 34953, 96224, 81571, 14514]"
119599,"[98347, 56720, 107228, 53376, 21552, 33164, 18353, 93117, 108905, 105002]"
119600,"[67744, 101960, 2862, 97818, 8182, 27858, 27582, 5413, 96405, 106123]"
119601,"[73400, 70560, 29358, 65363, 86810, 21139, 104611, 55548, 81967, 10281]"
119602,"[42193, 93208, 77051, 103802, 17251, 35692, 49575, 73907, 43051, 63580]"
119603,"[106385, 83978, 61601, 64876, 106368, 84768, 73278, 41342, 60147, 72806]"
119604,"[66113, 95963, 72121, 100951, 10416, 51282, 25318, 4020, 77562, 39447]"
119605,"[47954, 49192, 44742, 63753, 1415, 78236, 103700, 14242, 73614, 34851]"
119606,"[1053, 48171, 74937, 98995, 10551, 25608, 10244, 56400, 20826, 62028]"
119607,"[1832, 17472, 73411, 791, 72747, 79468, 61059, 61733, 54827, 33160]"
119608,"[17279, 31810, 95582, 33225, 56730, 96151, 75700, 102314, 79840, 27320]"
119609,"[35939, 28277, 30602, 35194, 90828, 1200, 6356, 33894, 25595, 24414]"
119610,"[16955, 84000, 12212, 661, 95745, 77286, 64742, 78808, 101932, 80236]"
119611,"[21183, 83806, 95469, 36265, 14348, 85167, 24284, 2469, 19783, 108753]"
119612,"[92299, 101477, 36897, 94552, 37518, 91903, 107709, 102623, 16574, 35599]"
119613,"[62403, 17416, 92919, 92231, 71631, 91638, 12525, 46447, 52855, 99250]"
119614,"[75091, 37198, 106908, 12878, 13700, 28019, 2760, 73956, 15622, 55367]"
119615,"[106207, 72944, 40324, 69835, 96272, 88170, 29520, 61837, 24117, 1396]"
119616,"[38895, 99996, 35408, 78359, 14379, 76288, 72622, 15695, 59831, 10960]"
119617,"[87670, 57393, 60889, 56373, 46895, 23119, 49883, 85907, 43466, 67684]"
119618,"[68061, 27849, 56328, 51091, 103862, 107721, 91145, 70708, 39983, 102156]"
119619,"[53699, 33988, 28152, 50545, 16212, 101427, 71152, 38196, 38031, 101254]"
119620,"[40143, 48677, 4074, 3377, 1265, 46141, 20705, 48642, 48475, 92384]"
119621,"[44457, 46933, 66304, 7100, 63390, 37820, 51088, 104962, 73213, 94883]"
119622,"[16608, 108906, 53666, 41521, 48953, 85628, 19365, 75052, 88195, 63562]"
119623,"[24945, 15110, 50568, 108520, 407, 57788, 36479, 23277, 29874, 42623]"
119624,"[11878, 19542, 75290, 105103, 87230, 47534, 38920, 91785, 108921, 39009]"
119625,"[77535, 68990, 93515, 20757, 23634, 71226, 12424, 7525, 63233, 68346]"
119626,"[37431, 25565, 96746, 87463, 92580, 40398, 63889, 62889, 29197, 104793]"
119627,"[5314, 31451, 94254, 6412, 98349, 30983, 63868, 28194, 10202, 1077]"
119628,"[74214, 73593, 82406, 46165, 93878, 25702, 57983, 5770, 63616, 3288]"
119629,"[51196, 44546, 41921, 5777, 97938, 68070, 73738, 37683, 77559, 8914]"
119630,"[60572, 72782, 89261, 91461, 84908, 48536, 57223, 80868, 47877, 525]"
119631,"[74566, 41726, 63214, 7635, 19079, 37998, 2950, 43294, 8189, 7542]"
119632,"[81692, 71379, 3346, 2793, 62010, 24300, 7907, 63389, 79197, 97558]"
119633,"[79728, 33173, 30572, 47488, 40195, 28834, 19429, 95639, 61441, 37309]"
119634,"[36305, 74907, 62290, 104695, 17398, 8053, 47361, 58830, 4675, 104181]"
119635,"[104699, 5463, 19682, 93764, 86603, 41385, 10544, 30191, 18682, 90637]"
119636,"[19872, 58532, 94587, 33884, 6579, 46359, 11749, 60598, 524, 37901]"
119637,"[100127, 89534, 47524, 15525, 15576, 64263, 91164, 28782, 86011, 104056]"
119638,"[20118, 105716, 74267, 47034, 62097, 51431, 108175, 5498, 21311, 24960]"
119639,"[70932, 75572, 47106, 93576, 14646, 80595, 2524, 104673, 38929, 17042]"
119640,"[58910, 105407, 18729, 29383, 76219, 20497, 97489, 91912, 55280, 89512]"
119641,"[80206, 16904, 46439, 95958, 85476, 105193, 60499, 69254, 86070, 23960]"
119642,"[18289, 98041, 60868, 94848, 45832, 74158, 101007, 77294, 53148, 66804]"
119643,"[58302, 17322, 53256, 90026, 109585, 83432, 53933, 14856, 64445, 79883]"
119644,"[74400, 29606, 85156, 79634, 35586, 2207, 92435, 106631, 26064, 37336]"
119645,"[47603, 20545, 19409, 40371, 42798, 74898, 38225, 60051, 39031, 23384]"
119646,"[107663, 67006, 45833, 70370, 11520, 90790, 42088, 56072, 47419, 78412]"
119647,"[66081, 4859, 3657, 39555, 26108, 75909, 14885, 43982, 86168, 92738]"
119648,"[88579, 21675, 25200, 4371, 35303, 86858, 32273, 34112, 93304, 67421]"
119649,"[19064, 105923, 76118, 18184, 44705, 61588, 78107, 107226, 42503, 85230]"
119650,"[61611, 27830, 73462, 89822, 7402, 4151, 21999, 1719, 396, 13726]"
119651,"[47159, 17398, 99884, 100808, 73329, 8053, 62290, 87036, 57868, 104695]"
119652,"[54204, 13131, 75577, 41931, 56219, 85706, 81431, 69708, 55693, 11711]"
119653,"[84253, 6840, 91681, 54385, 69320, 83075, 33319, 74909, 28164, 108684]"
119654,"[81448, 73253, 82470, 74160, 74392, 11208, 3454, 25057, 36111, 92368]"
119655,"[100381, 82961, 11765, 73071, 77064, 94942, 9245, 45830, 24825, 10737]"
119656,"[80014, 74561, 104052, 27861, 31713, 54251, 83156, 101491, 63641, 98475]"
119657,"[67588, 37937, 102863, 13625, 37940, 27010, 101384, 78274, 6469, 18610]"
119658,"[37393, 97978, 109715, 60204, 6700, 46370, 4978, 5900, 101281, 37200]"
119659,"[29220, 93949, 50229, 25529, 50356, 40409, 43071, 69183, 5094, 59156]"
119660,"[20699, 100281, 65201, 73115, 61510, 95727, 36424, 62449, 83094, 82394]"
119661,"[51111, 51493, 3087, 55592, 16963, 39090, 5509, 17078, 27527, 51723]"
119662,"[94118, 62098, 42569, 73958, 1663, 91968, 76331, 79476, 310, 26364]"
119663,"[59438, 106712, 58650, 15640, 30807, 21083, 66878, 56677, 92407, 69832]"
119664,"[29255, 4037, 52151, 47429, 40838, 57596, 85642, 9240, 11717, 32128]"
119665,"[14864, 99553, 90397, 17234, 3519, 9835, 27096, 75539, 72499, 84013]"
119666,"[65647, 7874, 34793, 19549, 50076, 93622, 89769, 96611, 17700, 16091]"
119667,"[41048, 93945, 87103, 3043, 39098, 51767, 48126, 59534, 9433, 62699]"
119668,"[50641, 101921, 38455, 60357, 103251, 10631, 73171, 24651, 36966, 81530]"
119669,"[8732, 108305, 20310, 46742, 47776, 106979, 88132, 22365, 65912, 55854]"
119670,"[30683, 100786, 67942, 86910, 47636, 39263, 96024, 102045, 36579, 68757]"
119671,"[42393, 50848, 99200, 21674, 95379, 36866, 47903, 90251, 22491, 28312]"
119672,"[92406, 74653, 23157, 39592, 15922, 6895, 106182, 17227, 83734, 86139]"
119673,"[49520, 39454, 80859, 76970, 69842, 96279, 95375, 108969, 93827, 87048]"
119674,"[59328, 13444, 10117, 74659, 23861, 16181, 73908, 77172, 72799, 24998]"
119675,"[53233, 84121, 66680, 81095, 48505, 90705, 20829, 6088, 98023, 63413]"
119676,"[108332, 93676, 27027, 43589, 29849, 19586, 78529, 39548, 10331, 97792]"
119677,"[11958, 1628, 81585, 108927, 60651, 99238, 27428, 24757, 10460, 48371]"
119678,"[37495, 28295, 108030, 70479, 47827, 101684, 71002, 15434, 28512, 101324]"
119679,"[66836, 80153, 62011, 107336, 81341, 87994, 79628, 108536, 37533, 71450]"
119680,"[16312, 106804, 59991, 79026, 74025, 52098, 83111, 80249, 21643, 87473]"
119681,"[34751, 101596, 23620, 46220, 64580, 73091, 58901, 51995, 93322, 93853]"
119682,"[66977, 107328, 4202, 77010, 41775, 79008, 102257, 40503, 84462, 96772]"
119683,"[19357, 34739, 64439, 71353, 103687, 6281, 81453, 25421, 4885, 56232]"
119684,"[43384, 56241, 43501, 66441, 46053, 58250, 99305, 109366, 91966, 20878]"
119685,"[96879, 88535, 23273, 68128, 41300, 34065, 89284, 1862, 21520, 88578]"
119686,"[70350, 28651, 50744, 93780, 46983, 65709, 56176, 99678, 103508, 82631]"
119687,"[76125, 59747, 68555, 306, 53770, 13986, 32826, 67281, 26185, 80209]"
119688,"[36686, 54769, 38392, 52812, 95684, 18708, 29311, 96048, 89685, 82771]"
119689,"[42501, 102994, 1591, 50499, 106347, 58071, 87841, 79099, 103550, 76785]"
119690,"[33068, 16977, 3028, 43454, 17317, 51998, 102302, 38753, 96507, 90614]"
119691,"[81517, 15116, 92111, 18111, 96657, 49601, 51180, 96280, 91329, 51756]"
119692,"[86106, 18628, 109579, 87033, 41769, 62583, 28889, 2108, 53122, 65378]"
119693,"[9869, 89998, 89076, 67944, 55344, 12577, 41625, 15888, 90611, 108413]"
119694,"[31964, 21585, 65952, 75877, 35240, 52538, 98686, 84777, 108896, 106806]"
119695,"[102097, 75894, 93710, 73150, 67494, 20936, 47162, 14621, 79578, 89468]"
119696,"[40834, 50114, 82237, 56114, 2352, 47713, 16850, 75442, 14432, 11941]"
119697,"[77951, 31533, 49131, 65987, 32135, 5576, 109013, 63351, 107799, 76089]"
119698,"[104978, 59820, 17855, 61252, 102056, 43647, 3374, 109328, 36511, 89005]"
119699,"[92305, 45523, 62887, 47964, 4888, 59057, 52149, 107274, 89762, 89901]"
119700,"[104230, 64658, 38358, 12018, 94595, 51109, 54198, 90662, 28781, 18100]"
119701,"[97507, 51791, 76488, 25966, 97914, 31430, 37931, 70234, 88239, 72288]"
119702,"[10123, 94735, 15773, 13328, 51969, 86389, 88632, 59215, 73972, 76048]"
119703,"[837, 17741, 21559, 85547, 65790, 16603, 59794, 54786, 97986, 102024]"
119704,"[108464, 75842, 38850, 72630, 76981, 31765, 62963, 15449, 51338, 95104]"
119705,"[60183, 100813, 31872, 102262, 95816, 87458, 1997, 85852, 73487, 34394]"
119706,"[83087, 102186, 33775, 79428, 76491, 37578, 5932, 64285, 71308, 104741]"
119707,"[61576, 46438, 468, 15338, 34179, 104394, 35588, 3197, 78906, 55581]"
119708,"[67917, 29015, 25034, 84678, 45159, 102745, 88479, 82823, 59678, 40713]"
119709,"[19392, 28047, 103143, 60716, 15985, 33952, 38791, 48047, 57899, 32230]"
119710,"[65121, 18392, 71771, 48805, 86823, 48422, 69298, 101227, 52995, 12397]"
119711,"[60973, 15698, 101792, 52992, 1313, 22474, 80814, 37194, 96470, 78011]"
119712,"[37393, 97978, 31896, 40776, 49034, 89179, 26959, 109715, 30475, 60204]"
119713,"[80140, 27449, 4280, 45732, 18978, 48868, 64943, 6731, 85273, 28726]"
119714,"[93057, 81111, 97212, 9698, 23628, 5361, 68020, 98671, 52181, 29422]"
119715,"[43196, 106599, 14752, 32611, 78438, 20777, 103769, 675, 60790, 58177]"
119716,"[69365, 41294, 52692, 427, 10139, 30342, 37593, 104756, 13779, 54750]"
119717,"[371, 2535, 59711, 92180, 91347, 55136, 50030, 99111, 40289, 105951]"
119718,"[46362, 37619, 50370, 45785, 64222, 30409, 18496, 58293, 106012, 64654]"
119719,"[92512, 59519, 99021, 97646, 89562, 72772, 43449, 102573, 37920, 48392]"
119720,"[87012, 77234, 53456, 48278, 17976, 6593, 63213, 39211, 24197, 62554]"
119721,"[45152, 58777, 11128, 61382, 71353, 37825, 24846, 50724, 8200, 69678]"
119722,"[45689, 51128, 92837, 28539, 20471, 32178, 9226, 90629, 12778, 22156]"
119723,"[20038, 26940, 56354, 100032, 77854, 23930, 98468, 46880, 67237, 93970]"
119724,"[17022, 37968, 45860, 86510, 81662, 73306, 50379, 93224, 10878, 44903]"
119725,"[17681, 79810, 57915, 83186, 85926, 11440, 17412, 103159, 29149, 100079]"
119726,"[107702, 73894, 64419, 67380, 15142, 45383, 13900, 37094, 27474, 65316]"
119727,"[71608, 82699, 48889, 50721, 8065, 103393, 41560, 69635, 34212, 30962]"
119728,"[43582, 11950, 98229, 28846, 53368, 88088, 2825, 57285, 60217, 50547]"
119729,"[4658, 35744, 19535, 22399, 99667, 67696, 1401, 18642, 16067, 103376]"
119730,"[80613, 68898, 75174, 15358, 88781, 13932, 71062, 100820, 84054, 106643]"
119731,"[8422, 62841, 50482, 102800, 80634, 22957, 86805, 40093, 54219, 11560]"
119732,"[8784, 64642, 35337, 41304, 94609, 30743, 79771, 60126, 26697, 87750]"
119733,"[28496, 94536, 56369, 101329, 18380, 67717, 28642, 76590, 104410, 32922]"
119734,"[48450, 86083, 19239, 74363, 24935, 106216, 108063, 74455, 31885, 51863]"
119735,"[87667, 74311, 23286, 29121, 19023, 28728, 49960, 69892, 35726, 48272]"
119736,"[98584, 71243, 108985, 80426, 1993, 101012, 43370, 9922, 14725, 33118]"
119737,"[49321, 38115, 73000, 50092, 89075, 93153, 48162, 87176, 64736, 55036]"
119738,"[66052, 62475, 26087, 95504, 30737, 103688, 30882, 41330, 45901, 28573]"
119739,"[104295, 1718, 33117, 67695, 80983, 94597, 24875, 103825, 81750, 43609]"
119740,"[23108, 42772, 56535, 73176, 77889, 32740, 7455, 7303, 15620, 76400]"
119741,"[56780, 95775, 75329, 57115, 48093, 20297, 64948, 56826, 16636, 72708]"
119742,"[64336, 22221, 55251, 61195, 60075, 13551, 70727, 7260, 67361, 12659]"
119743,"[80723, 63499, 36444, 13229, 41525, 64583, 96189, 68902, 91631, 44067]"
119744,"[22510, 84296, 60854, 38120, 8024, 88974, 91721, 19172, 32855, 74379]"
119745,"[44865, 57182, 94345, 24125, 2272, 42013, 37287, 105244, 86841, 65368]"
119746,"[4034, 21657, 103642, 65933, 48653, 85826, 33803, 27513, 102688, 70570]"
119747,"[86334, 73482, 87580, 69098, 80348, 2601, 25751, 30750, 5519, 11894]"
119748,"[65564, 43465, 41024, 98084, 40846, 102510, 50971, 99695, 17888, 65050]"
119749,"[75032, 91207, 2752, 5369, 8315, 47215, 33363, 61537, 17477, 8117]"
119750,"[91755, 89425, 72945, 85383, 42136, 42209, 10736, 72148, 90722, 92215]"
119751,"[42072, 31094, 86672, 38898, 27172, 62853, 19804, 54449, 58694, 68807]"
119752,"[74756, 17454, 23675, 72213, 21337, 95132, 68006, 75526, 5179, 17729]"
119753,"[16561, 42269, 104430, 66344, 82385, 9983, 18806, 74152, 29972, 106185]"
119754,"[74918, 69867, 23148, 45925, 19958, 34703, 67083, 93768, 14919, 9176]"
119755,"[60773, 39267, 84288, 44650, 38389, 31652, 61683, 78531, 81591, 56011]"
119756,"[35303, 96379, 72221, 40631, 4371, 88579, 76069, 86858, 33000, 34112]"
119757,"[37441, 3468, 88696, 65547, 54140, 31723, 24203, 33660, 56209, 39166]"
119758,"[57127, 41578, 21155, 12229, 95249, 82208, 77191, 89156, 13320, 102421]"
119759,"[61204, 12183, 14863, 77035, 20613, 81419, 7430, 32878, 15041, 46527]"
119760,"[18142, 37789, 2287, 82594, 73699, 78319, 15463, 70014, 1698, 6875]"
119761,"[83274, 45049, 2806, 101326, 36825, 60135, 54717, 37256, 95971, 82253]"
119762,"[72895, 120, 106386, 54935, 844, 14723, 54351, 6928, 84735, 106291]"
119763,"[50097, 15540, 89831, 511, 63354, 94040, 45184, 61500, 32956, 48837]"
119764,"[87649, 9979, 59523, 37804, 24402, 87218, 8937, 17955, 74127, 82837]"
119765,"[58183, 99451, 89022, 78354, 68405, 74680, 84454, 108362, 33320, 75980]"
119766,"[25793, 45113, 23431, 21793, 98503, 7325, 36404, 52217, 53063, 99677]"
119767,"[78638, 59123, 50145, 100957, 19282, 108926, 106853, 52299, 35353, 27013]"
119768,"[53398, 63032, 43033, 69640, 3736, 105042, 25674, 106769, 90435, 4313]"
119769,"[102344, 49548, 67993, 47986, 27970, 63904, 103594, 43089, 32098, 8377]"
119770,"[58063, 14786, 98061, 88276, 16588, 26682, 101434, 46919, 95333, 63406]"
119771,"[45452, 2316, 68285, 58209, 34766, 96633, 3886, 17446, 60999, 18640]"
119772,"[11284, 3233, 40443, 46744, 30861, 12526, 87550, 36659, 815, 96791]"
119773,"[23446, 50771, 69922, 8942, 49799, 30840, 81980, 63555, 106704, 93776]"
119774,"[77720, 62200, 87221, 9686, 7550, 40041, 94400, 84226, 94479, 53089]"
119775,"[100396, 92074, 25019, 2874, 57862, 63164, 53540, 2200, 75211, 62118]"
119776,"[98650, 26993, 97653, 18655, 4243, 83836, 101788, 2649, 93328, 70785]"
119777,"[54809, 27987, 78483, 11194, 10001, 109457, 58878, 52135, 21281, 7897]"
119778,"[109630, 62380, 6949, 18199, 85326, 1258, 6640, 25869, 21349, 104339]"
119779,"[59992, 5480, 55566, 99982, 6216, 103662, 13620, 36582, 45372, 75534]"
119780,"[77751, 50822, 76701, 31667, 22962, 21613, 73055, 49102, 40311, 9124]"
119781,"[22101, 62012, 85780, 77523, 77078, 78716, 90304, 76254, 51309, 15553]"
119782,"[89294, 76974, 28749, 21783, 25384, 4874, 97874, 50260, 89652, 31112]"
119783,"[17456, 6954, 88924, 37041, 99323, 2548, 101032, 22351, 84827, 84458]"
119784,"[15254, 49510, 85827, 71935, 48659, 99949, 108327, 613, 59825, 34459]"
119785,"[42277, 68272, 23002, 90853, 107484, 56410, 58788, 54331, 26189, 83850]"
119786,"[18769, 79191, 39275, 27738, 100351, 81809, 24206, 78359, 82390, 6124]"
119787,"[101339, 5564, 42933, 50377, 46498, 32832, 32163, 70202, 40139, 23924]"
119788,"[79130, 75786, 30384, 80034, 66535, 23518, 11341, 96636, 23183, 54635]"
119789,"[51998, 51558, 27115, 76288, 92677, 33664, 34074, 81609, 57603, 73478]"
119790,"[45911, 55057, 29542, 10299, 47277, 32076, 66936, 92619, 59409, 35846]"
119791,"[62012, 85780, 25057, 48940, 102025, 104291, 22101, 12267, 81448, 23716]"
119792,"[31808, 88369, 102431, 94872, 83843, 94033, 60456, 80879, 55013, 14708]"
119793,"[98316, 6310, 24931, 106857, 56356, 86848, 55394, 15266, 92167, 94913]"
119794,"[68562, 36149, 32528, 85340, 26683, 86277, 81329, 42123, 15604, 41081]"
119795,"[96413, 90991, 53097, 76802, 78253, 109040, 49816, 72166, 25052, 30686]"
119796,"[69363, 39751, 77807, 15272, 29519, 63872, 55700, 45107, 46089, 72804]"
119797,"[61265, 21107, 64797, 95957, 95058, 98180, 33138, 17159, 102019, 88327]"
119798,"[57143, 60165, 54046, 34310, 25433, 95135, 12660, 3420, 109120, 63437]"
119799,"[70917, 39666, 107103, 65231, 97389, 11780, 34077, 85958, 84006, 107525]"
119800,"[69531, 2897, 3144, 50920, 98523, 24638, 6350, 29829, 86410, 82096]"
119801,"[72420, 5582, 91806, 89124, 41599, 13643, 88779, 91528, 60540, 18063]"
119802,"[75090, 93420, 88860, 40663, 97467, 16896, 34378, 79937, 89936, 63684]"
119803,"[99456, 39856, 7072, 74593, 57028, 15576, 60820, 20402, 82962, 47623]"
119804,"[101517, 80724, 94975, 103125, 28744, 27512, 76513, 60338, 24932, 63000]"
119805,"[48503, 90469, 34999, 78296, 57820, 25279, 26217, 2725, 109613, 43730]"
119806,"[60102, 92146, 72420, 13434, 69135, 13226, 87453, 51760, 11695, 60049]"
119807,"[94509, 75322, 9503, 66342, 5438, 23363, 67912, 60045, 94803, 1167]"
119808,"[59429, 92960, 6981, 19640, 106768, 41862, 74533, 25950, 45631, 33241]"
119809,"[47289, 77199, 90335, 35279, 95421, 21342, 92784, 3074, 107505, 80332]"
119810,"[57575, 45433, 39973, 82279, 109123, 74667, 90250, 84560, 23130, 26992]"
119811,"[73404, 7514, 59950, 63270, 60841, 11785, 59749, 82295, 36954, 43402]"
119812,"[4269, 85022, 37369, 103962, 18999, 94054, 40192, 72078, 51861, 60248]"
119813,"[43751, 81551, 37172, 20862, 56062, 51754, 78353, 6135, 20675, 12471]"
119814,"[96846, 107417, 89670, 55469, 70442, 69205, 82600, 81424, 85225, 49258]"
119815,"[16114, 103537, 40003, 74078, 103101, 90073, 104470, 106424, 53998, 17424]"
119816,"[43333, 23452, 9158, 79475, 66847, 72098, 12613, 97501, 56343, 76602]"
119817,"[30072, 105375, 42828, 74800, 30115, 17082, 102942, 88536, 70974, 58656]"
119818,"[7204, 9998, 51714, 66213, 14925, 35025, 91302, 4469, 95619, 68912]"
119819,"[1399, 95081, 70316, 109239, 41374, 50984, 24754, 107283, 71438, 52494]"
119820,"[108222, 105026, 62244, 56816, 96257, 74516, 41262, 36588, 75658, 17924]"
119821,"[16833, 64767, 3918, 75261, 14619, 8490, 17706, 2800, 54097, 85838]"
119822,"[66513, 15987, 103632, 89742, 107274, 93528, 41911, 76522, 36802, 74385]"
119823,"[23707, 71887, 9229, 44257, 26962, 23503, 20550, 21958, 56166, 65238]"
119824,"[101254, 31331, 57591, 59213, 28152, 34032, 53699, 61887, 12060, 38510]"
119825,"[5090, 80488, 35418, 89036, 25345, 59641, 37306, 108125, 20357, 69185]"
119826,"[46192, 85057, 71350, 82425, 97560, 108047, 26210, 65116, 46139, 89193]"
119827,"[92170, 74105, 71331, 50305, 107242, 65818, 39949, 31427, 90725, 31246]"
119828,"[76007, 104624, 28578, 88724, 18849, 12360, 25038, 33809, 1377, 15478]"
119829,"[57222, 54485, 88643, 72873, 105910, 17806, 36000, 89744, 37731, 88804]"
119830,"[102828, 55067, 22076, 31557, 20265, 52442, 92375, 74964, 99764, 105162]"
119831,"[50073, 105710, 3132, 3756, 30537, 91640, 98957, 7049, 50274, 94297]"
119832,"[60221, 70000, 26165, 53972, 91134, 29317, 74604, 52384, 18415, 81359]"
119833,"[27017, 108477, 6864, 5554, 82472, 12321, 54797, 7078, 51658, 33775]"
119834,"[100694, 10976, 83812, 25901, 85550, 101017, 61038, 16217, 71022, 69267]"
119835,"[107020, 3980, 10678, 6409, 15481, 16525, 103373, 44057, 65516, 81148]"
119836,"[84805, 18085, 65591, 28532, 73000, 94734, 61980, 80636, 53404, 79213]"
119837,"[62703, 40426, 86994, 78401, 86628, 29480, 50186, 28693, 101822, 62789]"
119838,"[96199, 41807, 108475, 40248, 83718, 34304, 58272, 87359, 101082, 89564]"
119839,"[84299, 23213, 59203, 18518, 38237, 8322, 8053, 105617, 104695, 58830]"
119840,"[73488, 87330, 53120, 71493, 29991, 18091, 86870, 102467, 17255, 82959]"
119841,"[32704, 13729, 85710, 91821, 55651, 20307, 22660, 25650, 11716, 34060]"
119842,"[79607, 28570, 17038, 31959, 106493, 63749, 106519, 17027, 89740, 99367]"
119843,"[86, 57901, 74248, 16545, 22616, 13089, 70920, 33645, 84172, 14457]"
119844,"[93962, 5956, 59923, 5962, 102236, 78127, 92408, 93880, 11644, 4324]"
119845,"[46788, 65265, 77902, 99190, 101602, 20039, 65698, 68316, 43928, 46444]"
119846,"[51552, 82739, 59602, 104010, 72387, 92632, 68343, 56481, 76322, 90823]"
119847,"[86484, 36034, 79908, 45489, 31288, 59884, 89060, 71578, 59301, 20483]"
119848,"[52186, 13777, 58463, 67197, 60018, 92743, 100053, 10645, 34757, 12525]"
119849,"[43107, 29809, 82193, 65403, 38676, 94033, 59453, 26460, 81811, 74106]"
119850,"[98969, 95677, 48075, 72138, 33535, 56313, 18478, 63884, 92274, 12508]"
119851,"[83115, 45849, 101847, 58949, 21096, 11226, 2082, 83391, 23669, 96213]"
119852,"[18201, 109664, 37959, 74207, 105390, 78288, 11086, 71967, 27791, 63634]"
119853,"[104712, 105929, 33690, 11622, 89328, 18275, 4113, 21084, 17336, 12261]"
119854,"[87542, 32201, 109051, 91010, 64398, 43818, 98157, 47364, 4848, 87865]"
119855,"[90648, 76493, 101954, 102521, 67461, 90419, 27357, 104504, 45499, 86856]"
119856,"[39669, 15211, 96867, 259, 96648, 67515, 56163, 23971, 60117, 98438]"
119857,"[106453, 77308, 75832, 79594, 28245, 99626, 67093, 38020, 100838, 66533]"
119858,"[43186, 15124, 95227, 53398, 69640, 105042, 106769, 1170, 55904, 5154]"
119859,"[90356, 24086, 63976, 36654, 1350, 10888, 50401, 44279, 24908, 106595]"
119860,"[76660, 41433, 12740, 20218, 70890, 77708, 55725, 22669, 6897, 45732]"
119861,"[82794, 108868, 1281, 101875, 46943, 64108, 94605, 92297, 92982, 92562]"
119862,"[38193, 20049, 101636, 10858, 39167, 24193, 82227, 102782, 46221, 47725]"
119863,"[58519, 55994, 105763, 102854, 71073, 101965, 46911, 36904, 101957, 66907]"
119864,"[86654, 47687, 48604, 107433, 27789, 94231, 103935, 11334, 44913, 6693]"
119865,"[27228, 81791, 20363, 87063, 86448, 82071, 72694, 62987, 64721, 107636]"
119866,"[75623, 106413, 36675, 83088, 45688, 32446, 105849, 42239, 101473, 59993]"
119867,"[36911, 41132, 55472, 13623, 44907, 11277, 76293, 71691, 75051, 61960]"
119868,"[94834, 36101, 62954, 52399, 50059, 91827, 109673, 53197, 49567, 78576]"
119869,"[14614, 48243, 57615, 91124, 89079, 76356, 48265, 11029, 14274, 69654]"
119870,"[83559, 101968, 80142, 75077, 2363, 48532, 99973, 19016, 61310, 66396]"
119871,"[47461, 98798, 28637, 87217, 61389, 99890, 75834, 96404, 11451, 61722]"
119872,"[30592, 79246, 60139, 29718, 4799, 107412, 24041, 90949, 44205, 7849]"
119873,"[55402, 12528, 10847, 11372, 56474, 13576, 59462, 85097, 40430, 67038]"
119874,"[1057, 84232, 25538, 29345, 17831, 47181, 57618, 57718, 5410, 71039]"
119875,"[8989, 59736, 45772, 67046, 4131, 33287, 84039, 12195, 104159, 71316]"
119876,"[15439, 93828, 100837, 74189, 6477, 6949, 18199, 64966, 4679, 59628]"
119877,"[62439, 23481, 90929, 9236, 77640, 43717, 21029, 103795, 66832, 49649]"
119878,"[26399, 62240, 105928, 43744, 37528, 71816, 35941, 105868, 18868, 93747]"
119879,"[9354, 70525, 14984, 89206, 4338, 88178, 90666, 62427, 36385, 25956]"
119880,"[10200, 47884, 87196, 68565, 49441, 75312, 95191, 85634, 28483, 32487]"
119881,"[57191, 50279, 94225, 32419, 24891, 61206, 34386, 100733, 72559, 12888]"
119882,"[71856, 78507, 70480, 16459, 21934, 94149, 5407, 8429, 39469, 60400]"
119883,"[70513, 72906, 60612, 36371, 25507, 56248, 41475, 26918, 102103, 70690]"
119884,"[99997, 44500, 89577, 78272, 76739, 85796, 69176, 97935, 64639, 100128]"
119885,"[31455, 89437, 42971, 102035, 48175, 17963, 23581, 87730, 16594, 21938]"
119886,"[43526, 12863, 64346, 65915, 76221, 89926, 32737, 58995, 81583, 105545]"
119887,"[34717, 967, 90359, 72411, 108851, 47972, 72994, 1787, 50455, 1803]"
119888,"[43936, 46776, 72519, 38960, 84201, 8468, 26507, 82082, 20544, 2246]"
119889,"[23741, 106995, 83519, 44482, 73580, 78515, 10734, 37030, 45375, 50678]"
119890,"[65435, 41095, 22590, 26724, 73369, 9220, 100720, 16340, 100498, 72656]"
119891,"[68846, 13162, 66715, 38084, 62890, 31141, 39785, 103820, 59352, 42046]"
119892,"[102426, 41123, 23797, 79188, 21145, 95112, 93141, 100981, 102727, 78609]"
119893,"[14814, 84433, 60959, 104279, 3355, 48300, 66674, 49285, 66299, 69275]"
119894,"[99814, 1495, 83278, 80640, 52366, 47081, 68285, 2316, 34766, 86915]"
119895,"[69076, 105949, 44811, 56788, 3041, 7408, 45624, 6315, 94677, 103530]"
119896,"[62868, 78727, 72193, 73889, 30202, 102663, 88368, 4081, 62208, 57717]"
119897,"[108152, 79830, 80871, 9890, 16287, 58623, 95802, 107021, 75125, 81599]"
119898,"[15365, 37706, 43467, 4928, 15643, 50842, 92825, 15132, 70995, 13166]"
119899,"[84664, 75835, 21345, 60582, 45682, 47392, 100258, 30625, 56749, 32757]"
119900,"[6473, 103698, 37728, 49834, 11061, 45799, 75223, 65662, 11168, 2995]"
119901,"[20564, 87355, 80914, 95376, 75058, 101211, 85275, 52523, 69360, 17574]"
119902,"[88393, 20266, 28466, 50094, 89587, 99537, 88168, 12489, 54985, 91182]"
119903,"[66359, 100529, 7639, 643, 59135, 54199, 73494, 29440, 62621, 88582]"
119904,"[16173, 11233, 38031, 45511, 49985, 98266, 102180, 10793, 38510, 82179]"
119905,"[31904, 45089, 80297, 76319, 54815, 37960, 17999, 45790, 67169, 37047]"
119906,"[37516, 12679, 47914, 18835, 5774, 108996, 1682, 2841, 22949, 95019]"
119907,"[99819, 85529, 24027, 35193, 17525, 41995, 57656, 22573, 57055, 106154]"
119908,"[60177, 97607, 103774, 18687, 23148, 45925, 14919, 34703, 61120, 9176]"
119909,"[84793, 65418, 45057, 50522, 93533, 18665, 29966, 8587, 90668, 14837]"
119910,"[41539, 49554, 11848, 19655, 97866, 48401, 20499, 50881, 43762, 69619]"
119911,"[47626, 8036, 53473, 20134, 51679, 45585, 35032, 86550, 24649, 102835]"
119912,"[33859, 62028, 80852, 63360, 56012, 51251, 36679, 56400, 25608, 4937]"
119913,"[92012, 108544, 83096, 27834, 75331, 93601, 49354, 87704, 58260, 102400]"
119914,"[98038, 71150, 59381, 98516, 10612, 26714, 41574, 24912, 101926, 2967]"
119915,"[93848, 95903, 11382, 61874, 68994, 54497, 49898, 68401, 8369, 47692]"
119916,"[96888, 95455, 93661, 51982, 99197, 24512, 23875, 11502, 52487, 94023]"
119917,"[60652, 817, 60403, 72931, 78103, 11250, 22190, 64868, 3844, 78458]"
119918,"[11446, 57784, 82691, 46287, 23320, 88349, 37793, 82950, 15545, 77167]"
119919,"[76329, 5130, 96136, 39675, 93566, 101207, 82736, 5153, 83152, 106]"
119920,"[97662, 67766, 28135, 79497, 19997, 103845, 32939, 100797, 52457, 8199]"
119921,"[82653, 106590, 63920, 86412, 67230, 7976, 77508, 81737, 82192, 86668]"
119922,"[54245, 91137, 7844, 99904, 5950, 14308, 40164, 105683, 103085, 100146]"
119923,"[87215, 58326, 10755, 92769, 79132, 29671, 2772, 14208, 80124, 80324]"
119924,"[106938, 16328, 90853, 65794, 49644, 56410, 15769, 87975, 17877, 108141]"
119925,"[19840, 18428, 61692, 2506, 48830, 4591, 23263, 72116, 7760, 3115]"
119926,"[78367, 13091, 89306, 62760, 42716, 25235, 37916, 13126, 88695, 103930]"
119927,"[31090, 82760, 48052, 33261, 32155, 70433, 11111, 32629, 34872, 33552]"
119928,"[27233, 49985, 73924, 82179, 13611, 61516, 1376, 30444, 94025, 63936]"
119929,"[56473, 67644, 30874, 88987, 76006, 6862, 43191, 13823, 79935, 86504]"
119930,"[79355, 13616, 1733, 5103, 105454, 18832, 66717, 21506, 100934, 79491]"
119931,"[77573, 76667, 105316, 64459, 67190, 24452, 105955, 92626, 95960, 69557]"
119932,"[56095, 5326, 66636, 98095, 70616, 16727, 80047, 13276, 106474, 10680]"
119933,"[106019, 50793, 41053, 11542, 45356, 26629, 15156, 35780, 21146, 95676]"
119934,"[43680, 57792, 84909, 86375, 98473, 43620, 99344, 77765, 90899, 58914]"
119935,"[69856, 14368, 54293, 84978, 67612, 107666, 66999, 101392, 15198, 21803]"
119936,"[8292, 57497, 107099, 32294, 32693, 20486, 86588, 84824, 99064, 23584]"
119937,"[6492, 23195, 108335, 88441, 92992, 6942, 72306, 92255, 9734, 10781]"
119938,"[13336, 32484, 81706, 67755, 103056, 84922, 53078, 98350, 59642, 48981]"
119939,"[61019, 58130, 3078, 88997, 9439, 58072, 4356, 84486, 26830, 97435]"
119940,"[63333, 23913, 65918, 94567, 108241, 94099, 97128, 81519, 98581, 4111]"
119941,"[20632, 81325, 55672, 62164, 88597, 78820, 1939, 74018, 88256, 70507]"
119942,"[5395, 11798, 32762, 84279, 75415, 87525, 83556, 9692, 12430, 1341]"
119943,"[20728, 108838, 42283, 32613, 72911, 16821, 83629, 42865, 75852, 61788]"
119944,"[3337, 77209, 100585, 51341, 6824, 34287, 59859, 4527, 31681, 16122]"
119945,"[87497, 59428, 96473, 102100, 64618, 73894, 91438, 32539, 105265, 55869]"
119946,"[94102, 54062, 88904, 88795, 64232, 10417, 53640, 99312, 48849, 58230]"
119947,"[1493, 57369, 7573, 33284, 78980, 21355, 80602, 104946, 74330, 96725]"
119948,"[17694, 44166, 25295, 221, 3464, 6418, 94284, 98381, 106885, 24924]"
119949,"[36051, 79481, 77545, 40187, 60209, 95395, 108118, 82680, 62275, 104800]"
119950,"[36104, 85674, 121, 1321, 66336, 31412, 58924, 40555, 15150, 28552]"
119951,"[21852, 80223, 81685, 106916, 109690, 90723, 43524, 77398, 38036, 105542]"
119952,"[29475, 10859, 71330, 34599, 39575, 48554, 11433, 84607, 61007, 23877]"
119953,"[32311, 100344, 86295, 34819, 77198, 75748, 99455, 37124, 68508, 71257]"
119954,"[63937, 20825, 14182, 73551, 33052, 56948, 45920, 78053, 73730, 88733]"
119955,"[51752, 98788, 14211, 48116, 17276, 3497, 82589, 59450, 80074, 51410]"
119956,"[43459, 66956, 15920, 86876, 89467, 36834, 63093, 56074, 64730, 33477]"
119957,"[45682, 47392, 57426, 89436, 67400, 84664, 19642, 60582, 32757, 21345]"
119958,"[885, 42615, 48305, 31875, 17169, 28951, 86878, 6328, 68024, 6187]"
119959,"[95718, 54241, 89189, 48388, 67940, 10160, 80977, 77704, 28500, 4146]"
119960,"[4507, 63373, 92699, 64141, 70711, 17639, 47494, 96771, 30231, 15703]"
119961,"[48516, 17712, 30104, 44373, 88663, 99894, 59146, 26282, 54411, 925]"
119962,"[89051, 41893, 84994, 37582, 101085, 60954, 20446, 27422, 50686, 71808]"
119963,"[3272, 22729, 61259, 60669, 67298, 52222, 24204, 38393, 82742, 80827]"
119964,"[32718, 518, 81513, 71383, 5432, 11416, 82582, 15685, 108765, 79305]"
119965,"[17346, 98312, 76370, 53995, 93522, 27428, 35152, 68056, 67172, 71371]"
119966,"[49146, 61514, 32824, 20460, 65, 58291, 40483, 8139, 98147, 77483]"
119967,"[90700, 42216, 5630, 27297, 72483, 91491, 70576, 43309, 18536, 75461]"
119968,"[96198, 67165, 51199, 100333, 6644, 12662, 35803, 81190, 40090, 50681]"
119969,"[28943, 76339, 36491, 103134, 89111, 56531, 57442, 89832, 30148, 16947]"
119970,"[107627, 37716, 43801, 33463, 74895, 92525, 44741, 54872, 64373, 4087]"
119971,"[61868, 92486, 78741, 61197, 31410, 77661, 77022, 10113, 58666, 43960]"
119972,"[66671, 75290, 2661, 38794, 39172, 48331, 105644, 106457, 38920, 91785]"
119973,"[58732, 62330, 49238, 14224, 104011, 42156, 97483, 84496, 49840, 109673]"
119974,"[78986, 94449, 13705, 46039, 29232, 85490, 64475, 6818, 86811, 44145]"
119975,"[12488, 107266, 84167, 67428, 13789, 38151, 81711, 29527, 18342, 57800]"
119976,"[78429, 49522, 47163, 58538, 25990, 59239, 35251, 62080, 67803, 7278]"
119977,"[103477, 33808, 32154, 1249, 86032, 43768, 16188, 79415, 61670, 93991]"
119978,"[9104, 101915, 94439, 50269, 22340, 82431, 41215, 51994, 54169, 94654]"
119979,"[2604, 42820, 98233, 9034, 97379, 80775, 8238, 67780, 19687, 52616]"
119980,"[32067, 47302, 30520, 44782, 11423, 108929, 78729, 28440, 30732, 101956]"
119981,"[34300, 34511, 59384, 41953, 73320, 80262, 39954, 64343, 32777, 16640]"
119982,"[1910, 78717, 46431, 54604, 99754, 44973, 73132, 75414, 94377, 51670]"
119983,"[38567, 47356, 29315, 50538, 92825, 52737, 20315, 4896, 3473, 89029]"
119984,"[15944, 104995, 76109, 16237, 6696, 22505, 105961, 16503, 90894, 59356]"
119985,"[71367, 92960, 39341, 88599, 21682, 107771, 88086, 36427, 30274, 69421]"
119986,"[83830, 25913, 68760, 48605, 42889, 49584, 8479, 77788, 86635, 1661]"
119987,"[1850, 48769, 36180, 80816, 85943, 58809, 38381, 10132, 88909, 59964]"
119988,"[4860, 15667, 15114, 88751, 9696, 102765, 31841, 86980, 61444, 51322]"
119989,"[95546, 82676, 17538, 63453, 26652, 87541, 41689, 31836, 11301, 78124]"
119990,"[99295, 25861, 36315, 104857, 23115, 80394, 50617, 103675, 51181, 2585]"
119991,"[17342, 7634, 67867, 65657, 61872, 46121, 92082, 54885, 55027, 6530]"
119992,"[28180, 43613, 54585, 35242, 65472, 58229, 59672, 7963, 28236, 30792]"
119993,"[92407, 23414, 58650, 103952, 68127, 91813, 94870, 16228, 54648, 93243]"
119994,"[41696, 95243, 99588, 18825, 37107, 46725, 63716, 91788, 99939, 64372]"
119995,"[33622, 96552, 76333, 34931, 45853, 76287, 66486, 47753, 20431, 44727]"
119996,"[68093, 47809, 44039, 24495, 48237, 34241, 15146, 86755, 74838, 68947]"
119997,"[22413, 33956, 23011, 105024, 71614, 35436, 17404, 102821, 97798, 107152]"
119998,"[32223, 11553, 18429, 67900, 51330, 25367, 89477, 18919, 14757, 7716]"
119999,"[88444, 84044, 60964, 8833, 38445, 22244, 101231, 18894, 77815, 56175]"
120000,"[105677, 83827, 65097, 28314, 107503, 46095, 106982, 56155, 756, 2805]"
120001,"[92020, 36716, 105243, 57195, 31224, 62526, 45827, 75512, 65354, 15942]"
120002,"[104929, 37873, 29646, 61694, 99073, 27271, 46144, 18917, 32293, 62783]"
120003,"[10278, 3230, 99140, 63378, 30089, 47028, 56291, 38552, 97982, 102294]"
120004,"[66411, 97362, 100508, 11309, 77257, 51667, 89569, 38499, 38592, 51245]"
120005,"[89854, 21009, 79546, 42473, 88623, 88555, 96707, 41003, 43518, 29578]"
120006,"[16313, 74214, 7082, 74300, 3612, 18639, 73593, 76045, 56151, 80528]"
120007,"[15575, 2424, 82688, 17023, 72172, 97010, 47243, 24646, 109713, 15874]"
120008,"[43897, 64523, 8319, 66226, 18464, 43419, 37035, 85252, 90656, 38685]"
120009,"[76471, 108720, 80304, 73431, 104281, 88534, 15716, 4640, 87307, 65921]"
120010,"[23789, 35039, 48603, 24893, 52009, 63840, 19847, 105928, 26414, 8867]"
120011,"[59279, 57208, 104983, 38344, 70690, 45036, 67645, 72906, 66337, 9710]"
120012,"[29995, 72357, 75559, 25402, 95541, 65300, 57481, 78863, 99449, 105340]"
120013,"[63784, 5490, 4377, 85889, 95230, 68921, 99355, 38492, 60544, 54956]"
120014,"[32780, 92709, 93006, 58007, 42849, 91208, 85258, 90300, 92025, 49131]"
120015,"[105225, 32775, 36512, 88436, 44489, 51895, 56336, 83945, 4743, 96758]"
120016,"[100471, 106288, 59780, 7343, 86004, 106000, 90157, 73870, 104569, 37960]"
120017,"[81290, 83092, 19876, 52382, 51313, 27078, 39572, 68611, 32168, 108442]"
120018,"[84342, 95259, 37111, 96724, 29574, 15955, 88767, 13039, 21701, 93886]"
120019,"[85000, 29080, 57988, 83882, 35251, 15064, 45661, 98551, 33659, 87456]"
120020,"[33153, 103014, 15755, 91697, 61760, 30606, 20163, 22188, 8962, 13670]"
120021,"[80226, 67061, 87310, 90897, 44481, 65447, 74040, 23637, 57744, 52019]"
120022,"[10697, 25886, 17865, 40955, 42281, 108151, 16521, 4549, 17815, 9101]"
120023,"[13706, 65997, 108859, 29520, 85201, 89864, 69148, 99725, 40324, 30961]"
120024,"[57047, 39020, 55792, 23584, 45500, 87175, 32844, 52488, 60413, 8214]"
120025,"[88574, 9502, 29191, 70647, 24837, 96834, 89455, 20931, 66150, 92173]"
120026,"[96970, 67891, 98757, 35678, 93498, 79120, 18617, 29181, 65351, 96419]"
120027,"[71752, 67267, 78078, 29853, 21207, 72863, 66065, 10561, 62919, 108820]"
120028,"[37421, 79077, 35818, 48795, 88386, 10342, 96875, 40514, 47847, 48354]"
120029,"[11488, 46821, 61827, 73373, 108616, 78646, 37433, 62486, 95022, 45509]"
120030,"[68354, 6509, 63564, 101236, 46547, 80484, 52581, 9955, 11147, 25483]"
120031,"[95750, 33869, 87328, 54913, 4069, 98434, 5123, 86003, 75555, 84251]"
120032,"[86948, 7333, 88296, 94017, 91934, 32197, 42625, 62979, 15751, 50313]"
120033,"[46407, 71892, 40552, 101333, 34718, 83475, 104079, 62040, 27144, 7762]"
120034,"[102770, 20647, 82170, 91377, 53858, 93012, 83017, 79800, 54691, 63748]"
120035,"[20298, 83817, 50655, 79638, 77649, 105270, 18534, 48556, 50702, 49758]"
120036,"[66502, 43918, 58984, 84368, 57012, 82510, 99122, 55066, 89385, 39183]"
120037,"[96150, 57687, 80707, 97003, 50169, 25246, 92475, 91566, 78381, 96234]"
120038,"[44273, 9094, 108191, 79676, 65057, 106722, 94911, 79695, 13077, 57841]"
120039,"[70220, 74518, 84458, 57167, 88734, 57102, 3279, 1892, 103176, 1146]"
120040,"[10591, 78781, 101824, 69338, 40120, 83838, 36206, 47675, 107295, 19713]"
120041,"[25971, 76009, 19667, 100705, 99811, 76326, 15861, 37440, 39865, 82647]"
120042,"[109581, 76620, 84778, 28851, 76268, 88940, 28892, 68837, 105308, 52631]"
120043,"[72555, 61436, 56229, 108195, 94744, 10798, 86064, 38859, 109541, 89553]"
120044,"[28131, 39992, 21524, 74121, 93784, 8491, 71763, 1632, 81027, 28066]"
120045,"[29862, 109171, 7909, 17656, 83217, 15178, 10451, 108435, 32326, 5839]"
120046,"[79773, 11569, 103778, 1342, 99311, 86898, 9608, 37997, 70822, 77652]"
120047,"[942, 35028, 54654, 48592, 48855, 99352, 33136, 40759, 67137, 34794]"
120048,"[21782, 36814, 106211, 56315, 67571, 45422, 83766, 71368, 104357, 47213]"
120049,"[38094, 43891, 98353, 58330, 63906, 56063, 38103, 87059, 53299, 108538]"
120050,"[63211, 31704, 85766, 73479, 89179, 48913, 48086, 93400, 6880, 19091]"
120051,"[102523, 24655, 15619, 94482, 102222, 12281, 92739, 92735, 75143, 5973]"
120052,"[74874, 2173, 17879, 82386, 93891, 106184, 77203, 43548, 84361, 17149]"
120053,"[66337, 104556, 70179, 25507, 50959, 103525, 3901, 4478, 104983, 1193]"
120054,"[11317, 41260, 104922, 27577, 39914, 16795, 21829, 57940, 92449, 57645]"
120055,"[45822, 34770, 46451, 79493, 39596, 77893, 56168, 71959, 95808, 103586]"
120056,"[62361, 13353, 58014, 44775, 16771, 87060, 54934, 44529, 51021, 24730]"
120057,"[83268, 100560, 47850, 62852, 108142, 61312, 84995, 73267, 107337, 4238]"
120058,"[52395, 64712, 56667, 65756, 69292, 59760, 58930, 44744, 3736, 57568]"
120059,"[17844, 72389, 44006, 88452, 53887, 56321, 3766, 55434, 48328, 104440]"
120060,"[71686, 71734, 1453, 58396, 75259, 33987, 97801, 91155, 40344, 28666]"
120061,"[38161, 11955, 57611, 73334, 19135, 17894, 103659, 86657, 45243, 2509]"
120062,"[5699, 27029, 26132, 51935, 36799, 91734, 96228, 14811, 101022, 95980]"
120063,"[96375, 9132, 75593, 21390, 90620, 23400, 48103, 66233, 16841, 42934]"
120064,"[29636, 104541, 27539, 9668, 75149, 16905, 90150, 72855, 21013, 107958]"
120065,"[82894, 61927, 64607, 44125, 14077, 101766, 94997, 47217, 59042, 68095]"
120066,"[64588, 31847, 48937, 71191, 99113, 52715, 76294, 50001, 1280, 103520]"
120067,"[66600, 54601, 57225, 48671, 49326, 44859, 103408, 31535, 18838, 78446]"
120068,"[93737, 61923, 108099, 97025, 77544, 47563, 33697, 83507, 62095, 13193]"
120069,"[102924, 55859, 104110, 41892, 53807, 43745, 94937, 37654, 98435, 94278]"
120070,"[102369, 89661, 82377, 109301, 96172, 101345, 4787, 38275, 9922, 70500]"
120071,"[35419, 102134, 18832, 70067, 71694, 13616, 68653, 13314, 63021, 58318]"
120072,"[70202, 76147, 8335, 95866, 27285, 21921, 98505, 87945, 105038, 99978]"
120073,"[102392, 88538, 19406, 90123, 81404, 35137, 14060, 99204, 19953, 51263]"
120074,"[51801, 12659, 50700, 94205, 60701, 61195, 58566, 25567, 67361, 61401]"
120075,"[17597, 22574, 62104, 96484, 23120, 109519, 88366, 90520, 58269, 28471]"
120076,"[107528, 154, 55330, 15797, 34571, 75995, 19877, 66573, 71161, 52659]"
120077,"[104039, 109282, 62503, 48839, 87602, 89856, 42662, 37314, 75470, 93592]"
120078,"[71729, 31434, 43610, 52192, 72295, 63387, 64030, 37070, 20227, 54205]"
120079,"[27855, 49778, 90056, 101413, 533, 23694, 5430, 31605, 65694, 3180]"
120080,"[41836, 54823, 98722, 40968, 100947, 72850, 36033, 63475, 104550, 17941]"
120081,"[64684, 6956, 1539, 10286, 22769, 26530, 9402, 77823, 30759, 31405]"
120082,"[42782, 70310, 32268, 13194, 67830, 225, 13087, 73605, 27398, 87109]"
120083,"[44695, 54792, 95529, 42723, 14524, 83401, 37922, 91971, 1760, 57752]"
120084,"[12283, 30328, 98594, 15158, 75006, 43070, 24054, 64841, 6948, 45891]"
120085,"[80593, 102625, 66687, 93492, 10107, 28021, 83206, 26149, 63546, 73008]"
120086,"[66722, 21539, 58310, 94951, 25960, 17596, 107269, 18766, 20281, 3999]"
120087,"[35334, 91666, 85194, 58709, 85751, 90140, 63984, 68249, 19221, 58899]"
120088,"[61432, 4031, 21209, 24471, 15239, 107584, 56142, 99114, 75998, 67828]"
120089,"[82741, 51789, 47828, 9302, 1928, 1826, 72711, 74745, 81916, 1285]"
120090,"[20086, 73054, 89074, 49640, 73872, 57309, 37730, 79092, 103871, 56469]"
120091,"[75275, 18718, 76060, 6408, 1855, 106984, 5209, 26687, 33182, 70946]"
120092,"[102060, 72402, 35035, 63336, 13425, 52305, 5333, 92765, 85037, 4707]"
120093,"[101456, 75874, 106970, 78842, 41392, 34172, 12747, 38052, 21954, 88350]"
120094,"[76975, 19333, 193, 33057, 37536, 85848, 76855, 39892, 22064, 60797]"
120095,"[99042, 99459, 49718, 165, 81173, 62462, 33167, 60488, 34227, 91696]"
120096,"[65275, 60491, 66482, 73644, 48216, 106932, 98511, 40744, 90630, 12918]"
120097,"[108836, 101218, 104193, 25415, 26062, 78676, 76419, 51241, 79195, 30960]"
120098,"[109304, 61564, 31361, 56439, 76012, 14265, 67171, 88585, 11476, 99701]"
120099,"[31750, 6798, 36261, 80544, 88603, 9587, 18776, 35162, 8817, 51225]"
120100,"[960, 91345, 109443, 11550, 11913, 37773, 65386, 17314, 76241, 21613]"
120101,"[99084, 4434, 80789, 98951, 94808, 71341, 33606, 9459, 83901, 34642]"
120102,"[74761, 38467, 1416, 79906, 39483, 36551, 64976, 70629, 107066, 67650]"
120103,"[22375, 67182, 32221, 20766, 10285, 33954, 105498, 22042, 27180, 7704]"
120104,"[69025, 109097, 7216, 30396, 85350, 50463, 35062, 41604, 24881, 21138]"
120105,"[51798, 70896, 11950, 18901, 21288, 66985, 12558, 65583, 64830, 50442]"
120106,"[104369, 28823, 62523, 50125, 102257, 51512, 26975, 85717, 44858, 105234]"
120107,"[78389, 92803, 108604, 41845, 42882, 105546, 97274, 10017, 43925, 59026]"
120108,"[77959, 32923, 56832, 63278, 25714, 42973, 34281, 20303, 23056, 62464]"
120109,"[8060, 79115, 81850, 107842, 97725, 67772, 22668, 19012, 49115, 88374]"
120110,"[85069, 9701, 13847, 50574, 20910, 93255, 33695, 91760, 80312, 3709]"
120111,"[48444, 14938, 53882, 30094, 38219, 21973, 41329, 67426, 36489, 22260]"
120112,"[69169, 100233, 53321, 67273, 41, 5060, 92891, 21495, 54227, 85554]"
120113,"[14255, 80659, 42379, 6855, 83474, 91923, 77935, 30127, 48260, 73083]"
120114,"[1322, 104373, 38051, 48044, 28124, 43771, 18980, 33512, 19340, 42348]"
120115,"[47075, 6356, 64936, 37986, 67701, 35939, 9214, 30832, 83191, 102405]"
120116,"[22211, 3917, 2779, 55673, 87425, 61357, 8692, 104335, 14907, 102860]"
120117,"[98996, 69879, 12853, 67335, 93610, 51057, 72135, 80885, 16708, 15117]"
120118,"[21657, 57161, 50562, 32351, 102688, 103642, 32188, 84202, 91946, 105819]"
120119,"[44591, 61003, 72974, 35682, 54629, 74996, 92198, 12891, 10776, 25663]"
120120,"[63343, 54983, 24514, 67763, 2683, 42887, 76278, 40458, 26180, 25073]"
120121,"[73564, 75846, 61537, 56418, 33698, 10247, 101184, 79396, 79152, 18853]"
120122,"[65010, 33559, 71685, 47585, 29035, 8919, 99410, 38213, 48874, 88720]"
120123,"[3106, 80624, 12425, 101569, 90437, 31848, 42964, 46383, 5995, 19101]"
120124,"[41326, 49883, 85907, 20556, 34584, 85691, 63756, 80559, 73736, 109096]"
120125,"[20170, 85193, 79040, 27404, 32297, 9779, 94002, 8099, 87324, 76547]"
120126,"[68960, 7169, 62762, 100568, 19218, 53583, 70020, 79624, 29483, 99515]"
120127,"[107861, 44918, 36468, 89105, 86528, 7317, 66427, 70023, 48958, 77907]"
120128,"[51718, 42802, 40142, 60470, 93431, 8198, 35757, 75608, 45714, 32296]"
120129,"[106443, 50990, 95893, 14027, 44361, 92244, 95471, 91938, 99256, 41930]"
120130,"[36792, 53113, 91332, 63514, 10153, 7531, 84086, 15977, 20999, 54988]"
120131,"[104675, 88561, 77405, 6095, 57732, 75689, 42675, 105605, 104288, 85344]"
120132,"[85081, 55430, 40720, 16370, 48285, 86965, 91812, 6192, 8936, 8249]"
120133,"[2069, 44269, 104419, 54661, 84229, 3519, 46974, 64664, 91846, 25214]"
120134,"[16296, 66417, 33789, 60320, 34347, 101034, 55922, 21041, 74966, 71540]"
120135,"[30195, 40906, 29256, 71493, 21713, 72432, 29778, 47613, 17306, 72253]"
120136,"[30466, 63905, 68349, 104182, 81622, 20308, 13007, 50570, 50654, 72469]"
120137,"[93422, 73466, 104350, 18509, 22070, 90410, 14955, 11779, 44317, 108164]"
120138,"[38387, 107394, 1572, 101306, 37433, 52412, 96121, 56545, 52555, 86408]"
120139,"[57332, 80215, 107324, 100693, 90840, 100663, 94263, 3578, 72491, 59111]"
120140,"[2147, 17830, 57836, 9283, 71108, 95284, 26591, 38719, 34869, 19076]"
120141,"[58238, 97311, 72476, 41972, 34613, 35280, 30964, 88262, 9675, 96478]"
120142,"[37081, 108491, 71380, 103679, 50534, 41857, 73207, 54028, 90755, 39872]"
120143,"[82076, 15335, 37660, 87313, 108637, 21443, 32208, 24648, 68250, 15329]"
120144,"[78920, 588, 96863, 11791, 15978, 35281, 99834, 5146, 25250, 38303]"
120145,"[45816, 2649, 5010, 93411, 25446, 106366, 108721, 53073, 16635, 65281]"
120146,"[68263, 53312, 85048, 107509, 77086, 87335, 6193, 47383, 27953, 48342]"
120147,"[17850, 80455, 51528, 36921, 92620, 60232, 88209, 104954, 11237, 56669]"
120148,"[84998, 32133, 99268, 96002, 28337, 54309, 26088, 45363, 29513, 83701]"
120149,"[10154, 107016, 99269, 108017, 6443, 9058, 4491, 13514, 84452, 2827]"
120150,"[67153, 91557, 5545, 47959, 99668, 84187, 26974, 34560, 8135, 26907]"
120151,"[76285, 20475, 41298, 75685, 33619, 29879, 85967, 69454, 14918, 9097]"
120152,"[39810, 92518, 64768, 107489, 26102, 108078, 83877, 13021, 103475, 15046]"
120153,"[104030, 88222, 72600, 104297, 108255, 42943, 79888, 75781, 76025, 32689]"
120154,"[73151, 74670, 22532, 4291, 109231, 51520, 95783, 30224, 37784, 20253]"
120155,"[71006, 16765, 95341, 10763, 50677, 26111, 101135, 34947, 50821, 11479]"
120156,"[18556, 109580, 27132, 52252, 44256, 71406, 83815, 9414, 85629, 47324]"
120157,"[84825, 88425, 3910, 14824, 18137, 44247, 107724, 51782, 66783, 51846]"
120158,"[26834, 69678, 3990, 69012, 9317, 9723, 28017, 103300, 50687, 11128]"
120159,"[21866, 48202, 53800, 16101, 55546, 89483, 68306, 49459, 46657, 34593]"
120160,"[105988, 9725, 82540, 54660, 97498, 38501, 64479, 1049, 60776, 84220]"
120161,"[61832, 97678, 94580, 240, 61271, 76246, 93140, 102556, 2166, 30779]"
120162,"[54448, 95794, 81966, 36808, 48431, 104661, 103555, 107992, 53566, 96773]"
120163,"[65759, 83963, 25106, 106988, 86934, 107050, 66266, 16123, 39367, 10726]"
120164,"[31555, 20035, 33206, 81623, 18539, 34402, 18064, 55030, 7452, 98666]"
120165,"[86407, 35905, 64364, 22091, 88018, 44537, 82, 20526, 87450, 106410]"
120166,"[75766, 52994, 72670, 34217, 71629, 16314, 10848, 17149, 35158, 12754]"
120167,"[35397, 14911, 86381, 90159, 63028, 103698, 37728, 65184, 61764, 49722]"
120168,"[76772, 23090, 20749, 76693, 46120, 18762, 47858, 75795, 66658, 8776]"
120169,"[36269, 67441, 44724, 67747, 79133, 13648, 47913, 57278, 27041, 14269]"
120170,"[47419, 101979, 264, 10215, 18805, 7408, 86542, 11520, 89287, 40691]"
120171,"[89241, 38363, 62746, 98488, 23619, 58707, 101709, 69411, 47998, 87370]"
120172,"[38216, 34784, 1595, 10007, 71970, 51411, 81285, 101210, 106531, 50764]"
120173,"[104540, 32212, 8326, 54389, 105287, 95607, 53661, 65777, 88, 91834]"
120174,"[54726, 1639, 78527, 78196, 75881, 45258, 60161, 27986, 27622, 47904]"
120175,"[97068, 102602, 27340, 23862, 85805, 45198, 4869, 99596, 26982, 75657]"
120176,"[102097, 75894, 93710, 73150, 67494, 20936, 47162, 14621, 79578, 89468]"
120177,"[94589, 83275, 108111, 72752, 13724, 42244, 13677, 62083, 100657, 35089]"
120178,"[75533, 52294, 100700, 47866, 27491, 102508, 108931, 49720, 13748, 83118]"
120179,"[31033, 30257, 76629, 65013, 9874, 73627, 65224, 51246, 27493, 74409]"
120180,"[90171, 3410, 9553, 25401, 18973, 98695, 57134, 89057, 108877, 46230]"
120181,"[63043, 62131, 26000, 52647, 60826, 12081, 18895, 61747, 85667, 22013]"
120182,"[2179, 105905, 59712, 11283, 41403, 28058, 76277, 17091, 3658, 106653]"
120183,"[1646, 51451, 65928, 97071, 54643, 18836, 10556, 30496, 57277, 84299]"
120184,"[75626, 104965, 93376, 56817, 65204, 75253, 75607, 95381, 65635, 77741]"
120185,"[107035, 17495, 39176, 21472, 76979, 62521, 53486, 17247, 32153, 44234]"
120186,"[63112, 46373, 92824, 45871, 60287, 99715, 97527, 26710, 38188, 19128]"
120187,"[89524, 16547, 36545, 21877, 105747, 62556, 19776, 44451, 94512, 21026]"
120188,"[72415, 70807, 11379, 84492, 96452, 81885, 30982, 56822, 93373, 33813]"
120189,"[27512, 24321, 80724, 101517, 98811, 75403, 103949, 24932, 29522, 43788]"
120190,"[21152, 10363, 7729, 45812, 80102, 20894, 29010, 79595, 76760, 102276]"
120191,"[27246, 8378, 27303, 61546, 91114, 21822, 8476, 54513, 38580, 48873]"
120192,"[89046, 44382, 87558, 74549, 64785, 64858, 80189, 81484, 19404, 84369]"
120193,"[69049, 72423, 102683, 15191, 61612, 75698, 66853, 84817, 37246, 52713]"
120194,"[86882, 59110, 66538, 103671, 100095, 95756, 8000, 76634, 39998, 36414]"
120195,"[10844, 43075, 37893, 21281, 28831, 59118, 67461, 104388, 58878, 90517]"
120196,"[72194, 34607, 98868, 96736, 64582, 103696, 103827, 44881, 105878, 77037]"
120197,"[105206, 33106, 106866, 104059, 55201, 61264, 21571, 29970, 83833, 74495]"
120198,"[100254, 103792, 101121, 67160, 75262, 95310, 11497, 17146, 90504, 9345]"
120199,"[63521, 60494, 73496, 44170, 84795, 83973, 48324, 71206, 14123, 60482]"
120200,"[17363, 42914, 103905, 18154, 97650, 84654, 10079, 38431, 70276, 5849]"
120201,"[67997, 81443, 24601, 27705, 16546, 73731, 101395, 79100, 106473, 61218]"
120202,"[48116, 22202, 5137, 50321, 78426, 66798, 93490, 57576, 82589, 794]"
120203,"[74954, 1128, 5654, 38072, 92606, 73685, 44244, 29878, 65892, 91260]"
120204,"[72427, 108009, 7119, 84055, 67632, 94910, 22977, 97515, 29988, 17040]"
120205,"[9734, 103134, 8618, 36117, 102776, 108335, 87465, 95209, 92992, 49525]"
120206,"[74717, 101506, 34954, 79609, 1940, 1827, 10418, 95157, 49267, 51250]"
120207,"[92863, 32637, 39105, 13726, 39761, 105881, 3431, 30920, 33470, 50010]"
120208,"[51732, 21247, 61770, 25334, 3762, 98250, 14030, 75229, 73606, 49027]"
120209,"[53193, 95454, 42545, 12986, 92519, 37913, 14698, 28099, 108045, 77494]"
120210,"[62721, 51202, 14848, 97741, 3740, 72492, 57790, 92948, 73808, 17770]"
120211,"[96149, 100815, 101878, 71751, 80004, 105508, 46988, 52294, 100700, 66315]"
120212,"[48623, 100131, 100356, 88152, 20165, 83128, 79464, 101041, 3608, 54927]"
120213,"[66320, 81652, 99467, 32413, 16121, 8443, 7262, 17385, 85905, 77025]"
120214,"[91870, 19490, 37171, 87773, 82110, 5642, 28286, 52365, 33224, 77114]"
120215,"[88456, 94462, 19943, 65598, 12678, 58195, 44312, 84456, 74033, 75239]"
120216,"[2964, 97204, 108261, 108362, 70971, 2968, 36446, 39990, 39433, 12100]"
120217,"[29814, 58832, 41276, 94524, 13164, 104262, 61912, 64907, 25089, 34456]"
120218,"[61044, 14183, 43179, 96187, 101662, 17798, 58933, 77937, 46652, 99205]"
120219,"[81459, 14258, 54847, 20115, 12434, 99775, 82998, 36886, 75673, 80742]"
120220,"[44781, 33708, 94877, 677, 89428, 36618, 82305, 82865, 106743, 22539]"
120221,"[45449, 20687, 8683, 22366, 76742, 96148, 81578, 28870, 99203, 105850]"
120222,"[4970, 26243, 99217, 85349, 15893, 3130, 33670, 4209, 4390, 14489]"
120223,"[74432, 57417, 63497, 4868, 97278, 8791, 60956, 60406, 20770, 6965]"
120224,"[97541, 57007, 89917, 30007, 69347, 75927, 75339, 13707, 104389, 105655]"
120225,"[68542, 16835, 6529, 83676, 109020, 42823, 57484, 50935, 62377, 21578]"
120226,"[4575, 32658, 57256, 92289, 42787, 31291, 63654, 6799, 105331, 22046]"
120227,"[1262, 2273, 25038, 99820, 104328, 61005, 60214, 62816, 65864, 76007]"
120228,"[78897, 71649, 43110, 32581, 79379, 101188, 51633, 64649, 43122, 10526]"
120229,"[63788, 29270, 76819, 20609, 87780, 101338, 51155, 51247, 41888, 73191]"
120230,"[4625, 24950, 4396, 88931, 67176, 88911, 58002, 30567, 50118, 72320]"
120231,"[93656, 55290, 88859, 52454, 60178, 100319, 100513, 22774, 52764, 79301]"
120232,"[98707, 15348, 24953, 97684, 76802, 19623, 108067, 41091, 44851, 18916]"
120233,"[71499, 75162, 26924, 35600, 51786, 62515, 97354, 80227, 10364, 76911]"
120234,"[36988, 4379, 91383, 43920, 56288, 83189, 56420, 31640, 23341, 99221]"
120235,"[93769, 101880, 983, 88095, 94344, 79510, 66959, 36717, 101900, 33620]"
120236,"[25878, 1216, 103149, 42350, 51120, 36022, 84682, 6595, 37637, 18339]"
120237,"[21571, 105206, 6302, 96158, 49667, 67363, 107006, 106866, 24143, 100844]"
120238,"[19901, 76465, 81253, 85840, 106921, 77249, 20965, 51635, 73552, 13933]"
120239,"[4013, 43297, 66571, 26785, 66327, 45665, 92949, 517, 16677, 65690]"
120240,"[10607, 20846, 5697, 11959, 11046, 61182, 67062, 19675, 85897, 93000]"
120241,"[56703, 17248, 88815, 109554, 51335, 44976, 15360, 97112, 50764, 79551]"
120242,"[108229, 52052, 49560, 63052, 77351, 30017, 65161, 49423, 87421, 100612]"
120243,"[15057, 36256, 46818, 40216, 38639, 60802, 86591, 34616, 50462, 93353]"
120244,"[75986, 90127, 109484, 35426, 22662, 73402, 27592, 72231, 78076, 17126]"
120245,"[22268, 87280, 59978, 93995, 10593, 49218, 71949, 90148, 91793, 14307]"
120246,"[63539, 82491, 71012, 48113, 25501, 52137, 14198, 2383, 34542, 55177]"
120247,"[18717, 2762, 66276, 83520, 32287, 42911, 59748, 47525, 93929, 42016]"
120248,"[53285, 73367, 21552, 35962, 41169, 90093, 14339, 107228, 37882, 64809]"
120249,"[72370, 51251, 58298, 92796, 104393, 96054, 63520, 86181, 56601, 13000]"
120250,"[22175, 2556, 46826, 82776, 11565, 24714, 79215, 12797, 28554, 66462]"
120251,"[31453, 14466, 46024, 15058, 34952, 38887, 102516, 52575, 62724, 20116]"
120252,"[81409, 58781, 1567, 16866, 62593, 76201, 108654, 72397, 106887, 21854]"
120253,"[94894, 9055, 23702, 50190, 15733, 36684, 12941, 104875, 62193, 76982]"
120254,"[50470, 55640, 101140, 100701, 105263, 107255, 30728, 74873, 54018, 55684]"
120255,"[23888, 105129, 75428, 78615, 17414, 28498, 25812, 90653, 32594, 77027]"
120256,"[78587, 67771, 33011, 28925, 30733, 76435, 82882, 5802, 13118, 68425]"
120257,"[24608, 17229, 57744, 102327, 62553, 88321, 42812, 43194, 65117, 89459]"
120258,"[85047, 69344, 90733, 27765, 58610, 83084, 10652, 108584, 2115, 73455]"
120259,"[76677, 361, 81911, 75935, 74543, 101471, 15408, 27821, 31195, 52218]"
120260,"[55197, 2741, 14128, 70189, 27411, 61361, 77046, 75129, 25622, 78562]"
120261,"[66214, 39657, 5428, 36114, 47353, 42796, 18138, 61804, 5186, 65060]"
120262,"[33439, 19490, 48637, 67488, 22598, 98185, 87007, 31640, 56420, 83189]"
120263,"[95783, 406, 23061, 39434, 12301, 12536, 13123, 22381, 44391, 97857]"
120264,"[12921, 99543, 81925, 79697, 99188, 42909, 107137, 37576, 76640, 31978]"
120265,"[51351, 47671, 3300, 107889, 98171, 76486, 78861, 56514, 10133, 6165]"
120266,"[6449, 103078, 73039, 26311, 70646, 12144, 7818, 15328, 50201, 25765]"
120267,"[91812, 48285, 105541, 55430, 85081, 40720, 29484, 33522, 108882, 13326]"
120268,"[37235, 86618, 29134, 78144, 20620, 67676, 29160, 258, 75487, 21614]"
120269,"[97881, 60070, 86135, 70541, 100501, 12847, 12937, 45317, 86110, 8247]"
120270,"[9994, 76954, 21064, 18197, 754, 7744, 25593, 101716, 61314, 106016]"
120271,"[11910, 10891, 24181, 21892, 33791, 16164, 19461, 76762, 38139, 70082]"
120272,"[31587, 36852, 21784, 78585, 93767, 27107, 56606, 36081, 91010, 55394]"
120273,"[92069, 24141, 55274, 25865, 105014, 85109, 81446, 48202, 4290, 17725]"
120274,"[7829, 81580, 59025, 42078, 2121, 108127, 31068, 97252, 102140, 61275]"
120275,"[108817, 91891, 94259, 96449, 55610, 48632, 26925, 91400, 9804, 74122]"
120276,"[68511, 30979, 6608, 90800, 25792, 24746, 72206, 14456, 45061, 100099]"
120277,"[92649, 59695, 76317, 10907, 73231, 28639, 81135, 74754, 1021, 29561]"
120278,"[109261, 82639, 68844, 23128, 72837, 20848, 99116, 60804, 98025, 40060]"
120279,"[102271, 33955, 106669, 40091, 93600, 83394, 94052, 19461, 52654, 65527]"
120280,"[96977, 97571, 3987, 68538, 9636, 68512, 47035, 51090, 34601, 101666]"
120281,"[14476, 64957, 65778, 19339, 86857, 10158, 100907, 46791, 18063, 89394]"
120282,"[96844, 98593, 22783, 4938, 82122, 12969, 32006, 7947, 53454, 38846]"
120283,"[56039, 83090, 18651, 80050, 89300, 107693, 81931, 91736, 87395, 108866]"
120284,"[92668, 51844, 65667, 77627, 95644, 39328, 44018, 48341, 17172, 13984]"
120285,"[98272, 62123, 40208, 3513, 63538, 17928, 69064, 25046, 82683, 26997]"
120286,"[18280, 60752, 47631, 11444, 75965, 69735, 8047, 88342, 101256, 37566]"
120287,"[61697, 39669, 42317, 45273, 10618, 38281, 89169, 108891, 69416, 60975]"
120288,"[107217, 639, 83554, 35926, 71831, 75961, 54347, 29925, 58467, 101080]"
120289,"[1597, 57645, 9024, 38082, 10808, 97684, 98892, 53097, 21829, 78970]"
120290,"[103634, 55560, 38496, 109557, 7809, 67201, 20534, 63921, 743, 103421]"
120291,"[29421, 41185, 101267, 68422, 23209, 21717, 106030, 52168, 27295, 63557]"
120292,"[86963, 89039, 75195, 55378, 99606, 84692, 27147, 57326, 83425, 103896]"
120293,"[23930, 50280, 23526, 33318, 49987, 1432, 52708, 93970, 58872, 45167]"
120294,"[9914, 871, 99399, 49334, 26254, 63703, 61254, 80867, 80302, 85657]"
120295,"[4781, 10913, 86482, 70577, 13108, 6673, 71381, 89431, 92397, 98251]"
120296,"[56882, 2127, 105442, 829, 2215, 48469, 99045, 79481, 70998, 108118]"
120297,"[67901, 92681, 73109, 91141, 70343, 47426, 45676, 94895, 62880, 58730]"
120298,"[34339, 18579, 92383, 17420, 77565, 109297, 38311, 63812, 46809, 78827]"
120299,"[82845, 87584, 72579, 81628, 21239, 51086, 11612, 49332, 89592, 106986]"
120300,"[75754, 109714, 60688, 27118, 61175, 26798, 32853, 12391, 58056, 64394]"
120301,"[25649, 77054, 53440, 11848, 30775, 41539, 74961, 60020, 74190, 77452]"
120302,"[79561, 48197, 101904, 19789, 27706, 81213, 90511, 33574, 8555, 36529]"
120303,"[48336, 78258, 107229, 83400, 21620, 47470, 25437, 16429, 59730, 95678]"
120304,"[8047, 79544, 12990, 88228, 75965, 48523, 101256, 74541, 76743, 43565]"
120305,"[44276, 76262, 21088, 10129, 31150, 7210, 75983, 34595, 42950, 70602]"
120306,"[13527, 82243, 18167, 35325, 106002, 83856, 104132, 61417, 105515, 27199]"
120307,"[35907, 62961, 85434, 70219, 76472, 72724, 49751, 73651, 100655, 50479]"
120308,"[51569, 8224, 15558, 51656, 34565, 59393, 44158, 5154, 59894, 72363]"
120309,"[41728, 64373, 4503, 51302, 94420, 103322, 61687, 44741, 63782, 107627]"
120310,"[51364, 30008, 92045, 106951, 13341, 37956, 107084, 76788, 93258, 30937]"
120311,"[103556, 13763, 37116, 5487, 109665, 53872, 68686, 71093, 47942, 65599]"
120312,"[36206, 10591, 76576, 84356, 61630, 67161, 78781, 101824, 53151, 21162]"
120313,"[45565, 105324, 515, 70707, 98444, 98471, 21329, 69552, 99499, 18149]"
120314,"[25248, 81691, 44669, 82692, 25502, 85467, 96719, 55947, 43235, 55519]"
120315,"[94485, 87985, 107727, 57420, 23827, 11819, 36156, 99054, 18444, 81579]"
120316,"[18490, 54494, 3169, 57578, 14860, 88640, 6351, 76384, 19422, 58285]"
120317,"[51891, 9237, 5963, 12026, 87324, 51229, 48026, 24168, 24331, 8826]"
120318,"[20267, 72204, 97719, 77389, 76455, 14350, 106782, 15726, 95696, 50040]"
120319,"[63400, 98808, 59830, 103221, 6147, 299, 47404, 50398, 26706, 81753]"
120320,"[102237, 45470, 49141, 1132, 10011, 36818, 96905, 56529, 12181, 74292]"
120321,"[100268, 53991, 69056, 78968, 50753, 82200, 3698, 52910, 8535, 108422]"
120322,"[97802, 12901, 31740, 25149, 47492, 7663, 78535, 87117, 51931, 67527]"
120323,"[30329, 29067, 67008, 89310, 42360, 81512, 11696, 47910, 25073, 43060]"
120324,"[89826, 20559, 54151, 96445, 90780, 36177, 16471, 54525, 95285, 38291]"
120325,"[108864, 96021, 62455, 38445, 103940, 94475, 40611, 86809, 31753, 30503]"
120326,"[69986, 20789, 28971, 84712, 19174, 103159, 47966, 82958, 26506, 100079]"
120327,"[48134, 77023, 25365, 5947, 43027, 27710, 2499, 43320, 63279, 49639]"
120328,"[10861, 59801, 82719, 45823, 90501, 26226, 35683, 16817, 6591, 49984]"
120329,"[77075, 38065, 12838, 72497, 80966, 105795, 35681, 3397, 83950, 95886]"
120330,"[109420, 76014, 48129, 75858, 23898, 59810, 107888, 67864, 15419, 17280]"
120331,"[49659, 10246, 93106, 10126, 44228, 49741, 101960, 46391, 16766, 53184]"
120332,"[79042, 85569, 48578, 47223, 100697, 98677, 59625, 104672, 96635, 28102]"
120333,"[99349, 32099, 1606, 108862, 88423, 57609, 49494, 64908, 31596, 91357]"
120334,"[39162, 73305, 49138, 81891, 18011, 55101, 96063, 6508, 39112, 9186]"
120335,"[45848, 10904, 50707, 80795, 61876, 6630, 38761, 87563, 47922, 101999]"
120336,"[4391, 8883, 73825, 60200, 16389, 56535, 81168, 82857, 35709, 30897]"
120337,"[93609, 81620, 61276, 66216, 102938, 23833, 35567, 38492, 88854, 2118]"
120338,"[7579, 79928, 76302, 41223, 8819, 75681, 12157, 105585, 47291, 56604]"
120339,"[81279, 57056, 90032, 88986, 46015, 107969, 72727, 17654, 44130, 36669]"
120340,"[70537, 3215, 52926, 63495, 76591, 96296, 17417, 98126, 16630, 14053]"
120341,"[80122, 87839, 18762, 47858, 45519, 1942, 61324, 33057, 104035, 74794]"
120342,"[1933, 612, 35306, 76497, 39102, 99262, 11470, 97143, 31217, 64740]"
120343,"[73598, 16204, 156, 95396, 74010, 96586, 56058, 63428, 76571, 15519]"
120344,"[94312, 70783, 57406, 33434, 41817, 80, 23418, 11253, 106300, 19011]"
120345,"[35136, 70240, 100992, 55461, 1413, 8790, 7377, 99123, 6525, 38837]"
120346,"[41152, 22735, 106476, 91888, 73771, 65820, 28988, 20772, 20902, 64628]"
120347,"[9937, 108491, 93181, 67876, 22746, 90755, 73751, 66466, 60919, 80907]"
120348,"[53573, 52900, 54537, 10865, 3692, 63784, 27263, 89221, 50999, 55020]"
120349,"[101850, 103112, 61992, 4588, 43960, 41884, 25968, 72369, 85978, 64614]"
120350,"[53139, 72636, 11319, 44771, 98810, 67358, 57233, 23589, 25541, 64809]"
120351,"[103059, 17231, 13218, 29774, 40518, 59031, 14468, 89646, 57618, 15082]"
120352,"[15652, 95122, 53662, 72100, 36656, 21220, 109521, 73655, 60043, 106879]"
120353,"[8064, 29983, 91113, 40160, 12842, 84532, 88650, 4382, 22092, 34460]"
120354,"[50488, 84133, 50152, 88084, 59923, 90241, 4608, 63407, 12842, 98407]"
120355,"[54374, 11963, 96870, 60504, 47908, 30219, 6729, 15424, 84263, 93408]"
120356,"[84933, 46449, 63580, 49175, 66252, 79747, 49575, 10140, 52965, 43051]"
120357,"[15974, 22914, 102372, 86653, 103240, 83375, 88963, 67572, 44707, 1062]"
120358,"[78439, 22383, 83595, 54457, 95108, 106198, 55860, 12225, 98208, 26219]"
120359,"[45328, 23896, 82017, 2676, 37935, 91879, 69430, 16984, 45923, 9981]"
120360,"[55335, 61520, 64490, 78522, 2747, 10178, 70794, 38126, 26890, 24397]"
120361,"[28803, 16107, 85914, 24737, 73503, 97134, 28084, 37132, 80320, 16626]"
120362,"[89543, 78073, 99108, 105793, 26208, 77508, 54330, 80023, 56194, 60677]"
120363,"[16682, 57462, 95740, 4762, 60706, 80530, 55253, 74063, 105754, 16619]"
120364,"[16067, 19880, 10979, 13370, 65024, 57704, 41033, 1912, 40985, 6876]"
120365,"[96290, 55082, 22666, 68618, 13581, 8832, 16066, 80464, 65097, 100945]"
120366,"[40311, 57632, 23825, 95197, 102669, 44629, 19355, 79026, 20902, 59617]"
120367,"[72353, 71257, 57123, 38218, 89357, 26142, 62162, 44359, 79793, 12291]"
120368,"[69413, 14718, 33241, 52043, 74533, 79579, 69786, 56186, 81245, 4090]"
120369,"[49817, 33586, 9323, 16763, 102005, 21231, 6773, 35842, 11714, 63150]"
120370,"[34728, 78592, 77199, 17457, 6921, 37574, 16460, 94481, 1700, 106799]"
120371,"[108769, 64440, 22468, 14319, 99647, 103613, 96394, 57961, 17740, 101490]"
120372,"[70194, 85214, 91077, 11264, 77389, 21986, 89701, 41166, 101435, 16064]"
120373,"[86808, 24554, 12918, 21592, 29202, 8730, 5528, 40470, 26628, 59218]"
120374,"[8932, 69621, 24707, 9251, 50107, 78108, 37826, 16371, 38058, 40981]"
120375,"[6512, 29464, 17409, 88314, 73072, 70833, 45719, 104331, 83111, 61208]"
120376,"[7779, 1475, 24769, 78388, 56243, 16951, 2648, 30899, 25563, 15103]"
120377,"[34728, 17457, 65417, 106799, 68128, 80332, 73719, 11088, 26156, 27204]"
120378,"[66873, 82690, 43270, 31099, 16520, 29721, 37893, 7588, 22029, 10001]"
120379,"[86180, 5556, 105064, 1691, 88709, 68944, 76297, 83800, 54763, 62045]"
120380,"[8595, 38287, 27194, 56578, 90851, 108065, 101516, 27275, 6782, 27656]"
120381,"[45322, 56753, 61380, 92369, 42351, 72514, 72627, 18445, 96460, 33064]"
120382,"[85601, 39426, 75493, 108588, 30624, 30443, 99211, 97098, 28923, 80899]"
120383,"[11613, 34494, 100956, 101207, 77438, 98005, 14655, 97181, 74587, 18840]"
120384,"[82433, 63323, 104457, 23322, 12360, 2598, 32996, 41811, 26023, 70874]"
120385,"[36282, 124, 109448, 2157, 87368, 35591, 80664, 1493, 70484, 94310]"
120386,"[47718, 102811, 81003, 105336, 69329, 64569, 46811, 66960, 11239, 69479]"
120387,"[26199, 37505, 77006, 9096, 52790, 62133, 92812, 87648, 67767, 29225]"
120388,"[81964, 87607, 93396, 49669, 70846, 10549, 22803, 11604, 42630, 23268]"
120389,"[28422, 23442, 21724, 1367, 27955, 91103, 74584, 95136, 7356, 17840]"
120390,"[51136, 68229, 4618, 43236, 66219, 16205, 52034, 32987, 57556, 32865]"
120391,"[74228, 30085, 56627, 101497, 102351, 49045, 20531, 51038, 66384, 46922]"
120392,"[35864, 96229, 3442, 93793, 33608, 24232, 53270, 3386, 16405, 20621]"
120393,"[86893, 32871, 34815, 75836, 87152, 108256, 98910, 78938, 75492, 62882]"
120394,"[62048, 44048, 18469, 88744, 86793, 68660, 26064, 70546, 17168, 72502]"
120395,"[45529, 14307, 22268, 29530, 91793, 75309, 54960, 12200, 107911, 46816]"
120396,"[109575, 97583, 21775, 97473, 109572, 31801, 80044, 26002, 53200, 107444]"
120397,"[67935, 93088, 4701, 45264, 77410, 42409, 15312, 21383, 42187, 94249]"
120398,"[34843, 4351, 49366, 107248, 6597, 72084, 15840, 60838, 97998, 80495]"
120399,"[18241, 23117, 38285, 77529, 16941, 92687, 60949, 69916, 30967, 91873]"
120400,"[76573, 52116, 27401, 64337, 75160, 61325, 91798, 66022, 50875, 31503]"
120401,"[5873, 75738, 93780, 40195, 34719, 33173, 60735, 5320, 78481, 65709]"
120402,"[92155, 65594, 91146, 73230, 81737, 54336, 105086, 18594, 12366, 21301]"
120403,"[67389, 34738, 80183, 106095, 96549, 4824, 43869, 57776, 70868, 70655]"
120404,"[21689, 12010, 7997, 65427, 35945, 90247, 27802, 100817, 13037, 92420]"
120405,"[26705, 9154, 12245, 57080, 65819, 70392, 49681, 103874, 42999, 59502]"
120406,"[2000, 101508, 4057, 6319, 88254, 50476, 25175, 31813, 45302, 7051]"
120407,"[68442, 25488, 16586, 24936, 27586, 81570, 52976, 103409, 20998, 100094]"
120408,"[16885, 81298, 32475, 29590, 58322, 24841, 3702, 63242, 48726, 8253]"
120409,"[100817, 57542, 103044, 15015, 11555, 26845, 51148, 13037, 39030, 27802]"
120410,"[57640, 38254, 48468, 55829, 73203, 52332, 2496, 43986, 5146, 98250]"
120411,"[28717, 32207, 98725, 26345, 7310, 68964, 58120, 28357, 17415, 108740]"
120412,"[8152, 11761, 39848, 52409, 105540, 42662, 108210, 75573, 21489, 29001]"
120413,"[50480, 26563, 108405, 30155, 36632, 8907, 61992, 59776, 108523, 107919]"
120414,"[11447, 37630, 68255, 107762, 40531, 3498, 86300, 68114, 80679, 78841]"
120415,"[23131, 26879, 50540, 1573, 66629, 4067, 61163, 80605, 61807, 106190]"
120416,"[29840, 103920, 45308, 53257, 91965, 101168, 77090, 34071, 85236, 74534]"
120417,"[95459, 92069, 77777, 26635, 9490, 37883, 82764, 63631, 49177, 52449]"
120418,"[58479, 40746, 56139, 19791, 108903, 22957, 45696, 37398, 91314, 92556]"
120419,"[11508, 34622, 69896, 46356, 36632, 35627, 51702, 108365, 8907, 84055]"
120420,"[72254, 28640, 59541, 107953, 79701, 2851, 87343, 19897, 104522, 3160]"
120421,"[73052, 100829, 44965, 16435, 58772, 5499, 48865, 62164, 104033, 9048]"
120422,"[64290, 1314, 88917, 89989, 13676, 72726, 91662, 26747, 2851, 86156]"
120423,"[69935, 82534, 97289, 29172, 36641, 39497, 79219, 26383, 57529, 20002]"
120424,"[65384, 24806, 1105, 36707, 55267, 93422, 37930, 84920, 50721, 11156]"
120425,"[45803, 40378, 36802, 73118, 14737, 103632, 16724, 74385, 56702, 88258]"
120426,"[94744, 62839, 105889, 72555, 75566, 22367, 72441, 54849, 73760, 38312]"
120427,"[46828, 87430, 36620, 51857, 64070, 77301, 33663, 102502, 14322, 86037]"
120428,"[60510, 41654, 5959, 9561, 92121, 34215, 93545, 69697, 45087, 103943]"
120429,"[25701, 7986, 63760, 72926, 26882, 80152, 10295, 98504, 91623, 65966]"
120430,"[26647, 21342, 65417, 1700, 47289, 103312, 43073, 102678, 31489, 86102]"
120431,"[61603, 64617, 73672, 101096, 63249, 39268, 86435, 18035, 82395, 84897]"
120432,"[63726, 60249, 55934, 52711, 4432, 71052, 37186, 55366, 76904, 1810]"
120433,"[71233, 39266, 55870, 41040, 16487, 78069, 58825, 100552, 85159, 106770]"
120434,"[76442, 109641, 47108, 34429, 3679, 71473, 30867, 86626, 59665, 23275]"
120435,"[52616, 68369, 67780, 53755, 6831, 87010, 28335, 17080, 97379, 55251]"
120436,"[59149, 60555, 88605, 55673, 40168, 92451, 14907, 60151, 25707, 10619]"
120437,"[34009, 79268, 42191, 105034, 72761, 109060, 92136, 72292, 96039, 71096]"
120438,"[65666, 25374, 74908, 77128, 76609, 64708, 21728, 57252, 79387, 99015]"
120439,"[100339, 5742, 15554, 19556, 97773, 33425, 49704, 99549, 32004, 16966]"
120440,"[28907, 1986, 6386, 103466, 28416, 47080, 99396, 89403, 25572, 37969]"
120441,"[82685, 97239, 75719, 1818, 499, 8706, 92390, 43313, 26745, 88964]"
120442,"[45697, 80867, 19800, 4816, 104145, 11789, 65272, 81855, 61254, 85729]"
120443,"[16546, 61218, 67997, 81443, 48037, 38460, 73731, 79100, 63472, 984]"
120444,"[17125, 72922, 12673, 104156, 33958, 23636, 23996, 29708, 47378, 79244]"
120445,"[60441, 58486, 75134, 10773, 2877, 6392, 92088, 57751, 72199, 3428]"
120446,"[55138, 16321, 77346, 15634, 53495, 82563, 79529, 36731, 41540, 76816]"
120447,"[81171, 69375, 73712, 92395, 33441, 26479, 89643, 19667, 13892, 82647]"
120448,"[10816, 14584, 76717, 4974, 29632, 5776, 100056, 25093, 53436, 30006]"
120449,"[56261, 73903, 104907, 81757, 21396, 94248, 86830, 28861, 90227, 9195]"
120450,"[27012, 94219, 81833, 21889, 45354, 95838, 65833, 35714, 30243, 83216]"
120451,"[24754, 14485, 2993, 99900, 40312, 69393, 109761, 30118, 12611, 32861]"
120452,"[34988, 55456, 43939, 99631, 11241, 47990, 40679, 108897, 88075, 59256]"
120453,"[81606, 13683, 70178, 23134, 95076, 21249, 106660, 63201, 1641, 83037]"
120454,"[37749, 31433, 12102, 95554, 107031, 88559, 105769, 99915, 77436, 4967]"
120455,"[55864, 104947, 59602, 104010, 72020, 71390, 13284, 98131, 47790, 92206]"
120456,"[79999, 71615, 103433, 59958, 88352, 37018, 81038, 11247, 17072, 13037]"
120457,"[36588, 75658, 33641, 108222, 28099, 62244, 108045, 77494, 47663, 88392]"
120458,"[92247, 61805, 105506, 65367, 9639, 52871, 35032, 86550, 99236, 19414]"
120459,"[3512, 64851, 106642, 50664, 65063, 79565, 42215, 70066, 99348, 88112]"
120460,"[46082, 21561, 91095, 67798, 41533, 101756, 15551, 29711, 23678, 59860]"
120461,"[58915, 90754, 61356, 43861, 9213, 90014, 33652, 71556, 69731, 82108]"
120462,"[14939, 39141, 42798, 89112, 106843, 74898, 38225, 22537, 28107, 74646]"
120463,"[36027, 40547, 31097, 70888, 107721, 69096, 102207, 89739, 25272, 10372]"
120464,"[107649, 75961, 20409, 35926, 84696, 13678, 37075, 63106, 14470, 51894]"
120465,"[17342, 96266, 89722, 95575, 67867, 65657, 46121, 102430, 48594, 97127]"
120466,"[6827, 61927, 74309, 56649, 26720, 104424, 20107, 107756, 48892, 6594]"
120467,"[37538, 108493, 67832, 92554, 52011, 84504, 13952, 104463, 80522, 6923]"
120468,"[24637, 86705, 35731, 19567, 88718, 41590, 89319, 103691, 84711, 73589]"
120469,"[69936, 95829, 94402, 19158, 91947, 44610, 37506, 94044, 93668, 54950]"
120470,"[35046, 69331, 23038, 82976, 46886, 58634, 10154, 51498, 13514, 83977]"
120471,"[70966, 6993, 29803, 83141, 32180, 46897, 34164, 73281, 49583, 48101]"
120472,"[98437, 40733, 70359, 47911, 84956, 42273, 61318, 85619, 27312, 7661]"
120473,"[34083, 19534, 32585, 18681, 35536, 61680, 35192, 5062, 25287, 98767]"
120474,"[46526, 44987, 64088, 50339, 88030, 96947, 79068, 81564, 31823, 93147]"
120475,"[92398, 12469, 988, 100622, 9942, 101603, 88711, 80917, 74788, 73893]"
120476,"[54757, 21397, 15486, 74962, 54116, 56187, 46537, 95630, 45571, 60868]"
120477,"[86247, 88995, 20199, 77725, 100609, 83854, 48522, 4158, 77047, 42564]"
120478,"[59734, 76104, 62597, 106834, 26162, 71684, 15243, 57963, 105938, 77131]"
120479,"[23139, 78125, 76939, 34121, 37354, 103923, 32532, 32536, 28686, 22871]"
120480,"[94491, 98166, 74748, 62709, 30816, 23918, 10121, 52929, 23303, 75640]"
120481,"[27872, 104588, 74389, 99534, 25380, 5095, 28243, 27709, 31428, 100657]"
120482,"[39196, 39824, 87127, 83495, 80053, 21513, 68251, 39111, 41253, 81365]"
120483,"[108921, 102603, 94093, 77061, 74487, 40298, 86515, 44573, 95967, 86349]"
120484,"[95612, 53762, 34600, 43517, 105940, 51400, 57219, 10062, 63902, 83897]"
120485,"[18584, 80859, 42996, 106008, 87048, 75924, 95400, 50374, 45046, 107109]"
120486,"[68590, 108300, 50477, 109433, 23032, 108856, 88005, 97, 22773, 54488]"
120487,"[29474, 72050, 106502, 73936, 21419, 40405, 86834, 6143, 33963, 1499]"
120488,"[91135, 104971, 24829, 49133, 67775, 96492, 93725, 34033, 66454, 69815]"
120489,"[81551, 20562, 79021, 5174, 44541, 19478, 20862, 25791, 51754, 56062]"
120490,"[44462, 39744, 105429, 41249, 97425, 27372, 20152, 86102, 1023, 60298]"
120491,"[72848, 49894, 41058, 60047, 28030, 27296, 27504, 103145, 75651, 25405]"
120492,"[104992, 25459, 31749, 67173, 85840, 42222, 86966, 63909, 109501, 83377]"
120493,"[54378, 74330, 4302, 37968, 81816, 84738, 47030, 76376, 60391, 107779]"
120494,"[66641, 28958, 26291, 106347, 102994, 42501, 48570, 65718, 31691, 1591]"
120495,"[105374, 16951, 56243, 77155, 82208, 102601, 100675, 58184, 79958, 64906]"
120496,"[42640, 41573, 78694, 19581, 25634, 80408, 75688, 85745, 57582, 93465]"
120497,"[25608, 62028, 108497, 51067, 99544, 41918, 83420, 103224, 55242, 52000]"
120498,"[90616, 107761, 16865, 81674, 39815, 59550, 81938, 32835, 12418, 91433]"
120499,"[35754, 19520, 51684, 73309, 91343, 55468, 34921, 90871, 36878, 29770]"
120500,"[45248, 54266, 3352, 19122, 51020, 13825, 10341, 33858, 93798, 52127]"
120501,"[36958, 94528, 71807, 40979, 89520, 88429, 95062, 58739, 79760, 32818]"
120502,"[74136, 96441, 107525, 51892, 12548, 87102, 88326, 77862, 51952, 13117]"
120503,"[10019, 123, 95999, 46480, 102142, 104853, 71078, 50006, 109197, 53910]"
120504,"[104331, 104867, 27529, 64890, 18526, 88314, 12922, 69228, 43182, 111]"
120505,"[20363, 52385, 85500, 40446, 70542, 8944, 56048, 19819, 72694, 97100]"
120506,"[79397, 69024, 22455, 18365, 95052, 60946, 15924, 61155, 63615, 29009]"
120507,"[63339, 57535, 84277, 7425, 12028, 83081, 70630, 58051, 41530, 68782]"
120508,"[10685, 13480, 40298, 3157, 44573, 95967, 36752, 86349, 92280, 47534]"
120509,"[34555, 1032, 76688, 37248, 71523, 103751, 30036, 43291, 59928, 26158]"
120510,"[38112, 33131, 86151, 51786, 39905, 33217, 53876, 66300, 51960, 34351]"
120511,"[56409, 75469, 62428, 90342, 32399, 97523, 99056, 11446, 73290, 24958]"
120512,"[55547, 108989, 53109, 57176, 96413, 61680, 38644, 26780, 35192, 32598]"
120513,"[96725, 4302, 74330, 74332, 67907, 79809, 4415, 53940, 1493, 91634]"
120514,"[31749, 25459, 23058, 35927, 51293, 96079, 3864, 72687, 1255, 88257]"
120515,"[79763, 27360, 779, 97210, 106935, 27049, 51958, 35385, 62264, 48634]"
120516,"[56106, 57518, 21440, 27109, 46884, 46949, 25639, 20942, 90772, 30827]"
120517,"[6562, 56742, 10691, 59284, 23359, 103205, 102241, 90446, 32012, 72216]"
120518,"[14697, 14910, 64165, 32745, 87573, 3573, 968, 50457, 81803, 46647]"
120519,"[52787, 15037, 36724, 89554, 84275, 108724, 66887, 87602, 73838, 10586]"
120520,"[15473, 98887, 42855, 72314, 101781, 1783, 57610, 17605, 7932, 88705]"
120521,"[56906, 75254, 62866, 11666, 79911, 81127, 79282, 23566, 82290, 37746]"
120522,"[64684, 40464, 66867, 63896, 102230, 61964, 107421, 53967, 58910, 71806]"
120523,"[18983, 99762, 45609, 106218, 32691, 75921, 4270, 44242, 55324, 96361]"
120524,"[88677, 65280, 90012, 77228, 293, 83282, 86806, 63005, 15373, 78195]"
120525,"[94994, 43638, 23436, 17773, 55197, 25622, 69290, 17253, 91509, 38910]"
120526,"[16306, 42407, 80937, 67530, 21450, 50107, 43317, 34967, 20991, 16786]"
120527,"[28653, 5249, 95370, 80409, 86806, 32573, 92291, 106420, 65268, 81041]"
120528,"[67664, 76241, 38410, 51290, 51734, 57318, 106403, 2305, 5529, 1199]"
120529,"[105639, 83538, 79458, 102967, 99019, 59906, 53793, 2505, 90022, 67437]"
120530,"[63325, 7406, 17622, 24533, 68141, 105449, 85571, 60412, 98829, 25807]"
120531,"[56056, 72574, 75621, 3785, 97590, 24602, 36269, 73341, 69461, 67449]"
120532,"[101085, 84994, 41893, 89051, 37563, 93415, 40949, 27422, 20446, 50686]"
120533,"[104623, 10715, 1979, 36527, 80272, 9959, 92657, 91605, 1566, 95182]"
120534,"[47375, 26048, 14472, 28411, 49320, 16093, 54321, 20294, 4836, 40325]"
120535,"[39528, 104621, 15670, 105806, 2038, 71744, 41962, 33055, 21046, 86310]"
120536,"[45785, 64222, 92592, 37619, 96283, 74125, 65576, 105333, 85431, 58293]"
120537,"[74342, 28593, 6346, 28330, 38861, 74270, 94288, 107916, 3351, 62490]"
120538,"[59354, 90616, 3214, 33210, 51645, 93910, 68718, 103450, 67065, 17556]"
120539,"[55061, 94365, 96202, 98673, 90039, 2515, 100946, 43607, 100918, 50432]"
120540,"[80223, 54210, 18953, 50527, 60417, 68082, 60583, 9671, 31495, 29982]"
120541,"[85796, 44500, 79425, 99997, 18635, 76739, 69176, 71964, 15605, 25344]"
120542,"[49389, 76277, 2464, 105905, 85002, 101535, 72166, 49816, 1597, 91372]"
120543,"[3901, 1761, 66337, 96384, 104556, 70690, 11118, 67645, 95025, 79086]"
120544,"[83800, 2785, 70626, 99204, 54763, 84108, 51263, 2102, 70851, 23027]"
120545,"[62683, 51139, 8667, 91123, 83397, 76779, 9849, 94409, 92564, 64274]"
120546,"[60466, 60915, 39387, 93851, 31569, 98222, 22835, 38152, 59081, 73464]"
120547,"[62113, 5789, 96526, 76326, 93505, 25971, 63575, 76009, 54012, 35382]"
120548,"[94785, 13328, 43760, 81841, 38091, 51969, 61981, 41290, 84969, 5670]"
120549,"[98151, 45163, 74884, 93387, 96045, 11505, 89702, 8034, 30634, 67151]"
120550,"[68936, 106490, 67475, 75613, 22000, 49342, 73818, 100796, 84256, 45615]"
120551,"[97961, 20747, 2385, 103246, 109310, 15364, 83752, 69566, 103494, 90094]"
120552,"[16815, 18523, 54650, 21981, 23754, 56103, 11198, 10516, 61816, 53396]"
120553,"[66502, 84064, 86580, 33175, 84368, 78945, 94140, 83599, 4273, 45759]"
120554,"[59547, 21050, 68948, 4167, 60312, 17670, 41311, 9223, 65109, 24830]"
120555,"[6813, 31372, 93072, 77129, 95066, 55356, 39317, 82865, 14989, 52838]"
120556,"[38903, 4237, 52683, 44091, 109254, 54313, 70735, 22933, 9996, 93733]"
120557,"[29742, 90400, 21912, 41034, 94483, 38607, 41925, 63008, 92174, 91742]"
120558,"[16178, 38706, 15668, 4744, 15321, 109210, 58789, 70900, 66764, 50276]"
120559,"[51140, 63114, 64228, 92045, 60842, 105732, 99213, 52515, 72008, 99069]"
120560,"[44008, 104864, 17075, 83892, 12934, 101530, 103627, 37513, 26137, 83295]"
120561,"[27105, 35364, 98197, 85513, 77262, 44188, 106485, 70034, 30299, 51450]"
120562,"[41, 76865, 99381, 57450, 68532, 71639, 11166, 84548, 7036, 41115]"
120563,"[44625, 65448, 47031, 33675, 48589, 12654, 64099, 33857, 87644, 107702]"
120564,"[80739, 26888, 63805, 31909, 18871, 36694, 43703, 109298, 63660, 30226]"
120565,"[23342, 46349, 58501, 91774, 16661, 41895, 23919, 105357, 107899, 76360]"
120566,"[52598, 37957, 67068, 27065, 35380, 29599, 56939, 41909, 57052, 95906]"
120567,"[76294, 87744, 26855, 53592, 75089, 35673, 53817, 86188, 107961, 31847]"
120568,"[10490, 8190, 98463, 94827, 15283, 34484, 109305, 45064, 24899, 75170]"
120569,"[47111, 105140, 82935, 96761, 80320, 34024, 106033, 16107, 28803, 29993]"
120570,"[76862, 97700, 23805, 34914, 53795, 94176, 42156, 43634, 58261, 93951]"
120571,"[63167, 103710, 5842, 62428, 59560, 31266, 2356, 79431, 30825, 69485]"
120572,"[47100, 72279, 30947, 3509, 10949, 27906, 76663, 84797, 9861, 30263]"
120573,"[60700, 101423, 11151, 18560, 90016, 100815, 97525, 92398, 48447, 100530]"
120574,"[74434, 25644, 46078, 107279, 41469, 77919, 94542, 60697, 27534, 80590]"
120575,"[26501, 54900, 12666, 33054, 19247, 96740, 22779, 86972, 83631, 5458]"
120576,"[469, 52445, 84805, 99105, 15459, 14973, 25466, 91949, 65591, 69617]"
120577,"[38234, 34008, 18418, 56800, 17150, 45099, 64804, 59480, 66147, 78201]"
120578,"[103955, 71791, 68920, 67131, 7953, 9694, 85169, 93013, 102566, 44508]"
120579,"[67431, 45416, 75016, 79692, 47848, 31142, 44893, 87547, 105196, 63139]"
120580,"[39532, 14011, 108830, 79199, 37373, 19888, 16068, 60759, 2707, 6673]"
120581,"[50794, 45189, 95252, 56306, 102616, 42713, 82374, 66699, 87538, 63576]"
120582,"[14418, 59554, 69695, 13071, 109169, 105094, 18839, 93285, 39310, 51215]"
120583,"[43794, 89904, 53169, 74324, 69747, 30755, 12048, 19767, 90341, 99232]"
120584,"[76268, 12934, 19290, 79677, 8025, 73283, 15758, 36991, 39353, 83254]"
120585,"[61355, 6758, 2097, 83919, 21892, 81546, 82454, 97887, 66933, 8894]"
120586,"[48865, 100829, 73052, 102241, 20632, 81325, 94334, 32012, 104819, 95749]"
120587,"[52490, 20234, 33534, 96194, 60075, 108274, 74075, 43752, 15338, 39517]"
120588,"[58672, 97338, 20155, 48390, 45305, 31059, 12177, 24156, 38654, 34356]"
120589,"[22383, 9352, 88033, 108427, 11379, 92810, 26809, 90307, 106198, 12225]"
120590,"[17753, 92613, 31010, 67036, 95009, 15676, 28057, 54233, 22546, 13390]"
120591,"[8193, 52059, 63559, 38427, 109282, 90875, 47549, 11339, 92169, 7521]"
120592,"[37026, 39697, 57231, 80521, 36849, 64235, 50731, 27923, 22528, 66465]"
120593,"[23492, 102210, 378, 108944, 56327, 85201, 3207, 69835, 104330, 69148]"
120594,"[102720, 4725, 93639, 95137, 78148, 47010, 105093, 85473, 103154, 11330]"
120595,"[88609, 17656, 52663, 22859, 109171, 106350, 88916, 86725, 59998, 22063]"
120596,"[316, 12919, 14192, 60840, 76761, 106217, 78096, 35509, 73919, 33348]"
120597,"[17739, 83433, 82995, 85939, 66789, 15305, 73743, 35184, 43056, 99112]"
120598,"[78939, 33291, 24972, 80360, 59007, 63759, 20093, 64313, 11259, 99229]"
120599,"[86259, 64837, 22026, 54593, 23763, 37437, 75376, 43311, 93325, 28043]"
120600,"[79001, 78215, 28830, 72038, 87414, 40019, 58726, 29362, 93732, 109543]"
120601,"[88198, 81085, 100442, 54247, 58253, 50594, 102332, 106316, 44574, 28177]"
120602,"[28848, 108841, 26671, 48625, 208, 9266, 39557, 1040, 34123, 16984]"
120603,"[102404, 93383, 90593, 89109, 3557, 54868, 50650, 96366, 88884, 92114]"
120604,"[100901, 105236, 28953, 87132, 2230, 83052, 82889, 87292, 6326, 60665]"
120605,"[106564, 40034, 86961, 26479, 12698, 70458, 24324, 106944, 90166, 43964]"
120606,"[30382, 33087, 106480, 81563, 57345, 40127, 86564, 52867, 62470, 4990]"
120607,"[30363, 46436, 68662, 4553, 62144, 76724, 28913, 24490, 64496, 32847]"
120608,"[10826, 27132, 43851, 48053, 82623, 87521, 16599, 109580, 85349, 51085]"
120609,"[108278, 15183, 107690, 8927, 94109, 2338, 8993, 31279, 31785, 8745]"
120610,"[85261, 54714, 80742, 105741, 49346, 45693, 81459, 87630, 97565, 85321]"
120611,"[43973, 40105, 7018, 27598, 107089, 62645, 86347, 58887, 106022, 100270]"
120612,"[65842, 74417, 61354, 38916, 58734, 109431, 104836, 10102, 4759, 93637]"
120613,"[72473, 15822, 27115, 13604, 52993, 43995, 18410, 17093, 11793, 106957]"
120614,"[76113, 49885, 53439, 73005, 3828, 75621, 37483, 27775, 107009, 108213]"
120615,"[101533, 104670, 13781, 15965, 71971, 22395, 105410, 48922, 75327, 58141]"
120616,"[37994, 88217, 99289, 3263, 104865, 4378, 80728, 108495, 56440, 45634]"
120617,"[80249, 21643, 73072, 16312, 106804, 19615, 74025, 70683, 99876, 65506]"
120618,"[70084, 40254, 31160, 66180, 47671, 51351, 80121, 69817, 13439, 6165]"
120619,"[1983, 99223, 5711, 53796, 17486, 601, 19085, 55624, 40943, 40432]"
120620,"[62439, 91302, 5315, 4469, 14029, 56348, 105557, 105309, 9236, 44336]"
120621,"[33775, 16500, 79460, 21304, 8379, 61515, 17580, 73853, 70051, 22048]"
120622,"[65571, 49021, 78417, 27500, 37194, 9284, 101792, 23420, 23585, 8574]"
120623,"[18915, 65427, 12987, 16948, 14509, 81038, 37018, 17072, 93094, 109469]"
120624,"[6057, 26762, 97952, 100392, 71329, 89717, 53867, 47427, 91865, 34278]"
120625,"[18635, 78272, 86470, 11845, 25344, 6107, 53039, 21105, 44500, 92826]"
120626,"[40385, 85443, 18221, 23704, 88877, 6466, 70574, 14963, 5608, 4140]"
120627,"[35229, 91769, 62270, 22404, 73603, 23812, 59047, 56508, 70191, 83941]"
120628,"[73373, 55781, 75974, 94117, 27297, 56196, 55207, 26685, 104174, 5573]"
120629,"[59554, 16025, 14418, 105094, 39310, 93285, 1798, 21301, 1115, 23646]"
120630,"[73356, 67234, 46894, 44718, 1577, 45124, 10131, 15355, 12884, 102232]"
120631,"[88782, 93270, 42462, 27403, 63827, 76034, 88607, 44335, 64356, 92049]"
120632,"[29266, 5697, 63345, 85897, 83075, 6872, 13591, 22184, 38026, 52337]"
120633,"[95926, 105575, 106598, 4157, 87767, 66490, 43265, 75849, 83262, 66285]"
120634,"[3580, 20796, 14668, 104445, 14152, 6646, 14617, 74125, 88471, 72683]"
120635,"[39020, 69001, 55792, 23584, 52488, 8214, 60413, 57497, 105897, 75511]"
120636,"[26546, 20903, 101133, 24022, 84755, 43924, 13166, 98446, 31807, 49943]"
120637,"[94064, 34, 31265, 68536, 15400, 100362, 99412, 53169, 61907, 57015]"
120638,"[9820, 24444, 105414, 77006, 78485, 47556, 37084, 92006, 68197, 25467]"
120639,"[43765, 69872, 80284, 77509, 109044, 40380, 99987, 21607, 36626, 59045]"
120640,"[25611, 58476, 51732, 81112, 21514, 96849, 99834, 12076, 76148, 25334]"
120641,"[27623, 31405, 67417, 69959, 54335, 15913, 1539, 35614, 79932, 55280]"
120642,"[79973, 3824, 69142, 103543, 63828, 8242, 73133, 96588, 7385, 49005]"
120643,"[64567, 19131, 43967, 22695, 9222, 49357, 46189, 57738, 15394, 55502]"
120644,"[11607, 49015, 97947, 31213, 14628, 3070, 101427, 107984, 33039, 35604]"
120645,"[9226, 32178, 85792, 20471, 9287, 40999, 18276, 79834, 44001, 77255]"
120646,"[47003, 89652, 107722, 3656, 90212, 60962, 35120, 22794, 101113, 105721]"
120647,"[95397, 23543, 84631, 92676, 807, 63461, 63170, 68614, 7755, 88229]"
120648,"[99404, 34899, 17173, 66445, 103139, 74879, 62101, 33184, 51616, 23118]"
120649,"[49049, 83508, 45590, 79571, 66469, 58552, 59945, 109302, 44983, 35616]"
120650,"[86968, 37933, 106602, 35804, 11201, 93968, 91281, 10806, 66940, 18156]"
120651,"[92304, 40431, 59834, 49768, 48094, 28611, 71832, 31137, 84320, 85352]"
120652,"[102169, 21093, 89424, 35654, 71223, 52570, 7150, 107371, 91532, 6561]"
120653,"[68643, 6256, 62650, 101495, 57023, 15226, 84586, 33079, 67686, 56645]"
120654,"[86192, 103315, 25801, 80468, 63059, 3566, 26012, 74940, 106993, 93097]"
120655,"[43334, 15964, 74615, 66910, 64196, 96431, 37196, 109203, 93869, 103341]"
120656,"[40267, 72845, 20884, 96895, 105515, 37016, 91197, 16681, 24540, 1014]"
120657,"[85867, 4748, 108169, 86361, 74441, 42351, 17389, 33064, 105590, 51079]"
120658,"[42532, 46370, 7232, 30754, 30776, 22964, 54684, 84601, 34224, 43883]"
120659,"[87212, 24476, 34411, 25707, 41126, 90404, 45520, 42835, 77857, 98902]"
120660,"[18720, 15792, 31134, 3756, 102600, 33330, 7049, 40410, 37073, 12228]"
120661,"[57574, 49269, 86607, 67736, 93955, 11058, 6429, 95879, 103919, 77423]"
120662,"[66796, 102606, 26252, 66329, 49205, 31648, 51636, 102764, 34589, 77665]"
120663,"[85123, 109132, 102118, 97228, 58752, 34140, 32888, 107029, 35531, 4411]"
120664,"[78477, 59498, 22786, 12091, 13179, 90672, 77197, 10081, 7601, 89033]"
120665,"[87781, 2301, 57262, 3459, 19574, 34239, 50376, 97818, 62300, 66869]"
120666,"[53262, 12451, 101940, 105215, 18979, 13445, 51947, 7967, 17402, 92947]"
120667,"[92001, 83184, 77693, 107640, 95734, 106217, 53717, 68172, 68092, 109614]"
120668,"[89561, 12316, 69437, 94235, 70789, 90565, 10188, 14821, 50921, 73134]"
120669,"[108807, 22330, 32968, 77833, 64774, 105460, 67149, 85886, 80014, 70476]"
120670,"[32586, 92862, 62138, 108598, 55917, 104441, 95750, 17481, 28399, 33869]"
120671,"[56698, 64140, 40232, 47539, 56095, 49380, 39849, 34042, 13962, 71083]"
120672,"[54906, 63907, 27658, 21801, 38921, 18625, 62634, 96119, 60061, 93683]"
120673,"[15517, 61247, 58078, 48363, 20742, 66332, 83924, 84127, 98672, 49472]"
120674,"[66405, 41513, 52641, 62234, 28773, 102163, 50683, 62228, 19049, 16832]"
120675,"[53296, 73171, 43237, 103599, 94327, 17377, 36550, 62702, 103767, 107783]"
120676,"[18796, 83228, 75111, 41871, 69008, 91327, 106196, 82465, 28374, 94801]"
120677,"[53834, 50030, 30253, 55021, 1120, 92180, 59711, 95392, 62431, 8375]"
120678,"[78951, 56530, 91118, 46853, 62202, 34860, 81476, 103910, 46576, 93875]"
120679,"[40691, 49359, 77847, 108140, 74041, 94590, 101979, 83578, 105949, 11628]"
120680,"[102571, 52577, 33708, 44781, 33986, 32003, 72416, 440, 46695, 64438]"
120681,"[36780, 91262, 3531, 78324, 27999, 53564, 56394, 100292, 12449, 5757]"
120682,"[109310, 104138, 58128, 53741, 16635, 29135, 72625, 81515, 44131, 93411]"
120683,"[72449, 55185, 47431, 15830, 37766, 23357, 94461, 6261, 9300, 45270]"
120684,"[75508, 63672, 34312, 47022, 19176, 36057, 54215, 4272, 35360, 50979]"
120685,"[46766, 85376, 59335, 49454, 11715, 64728, 49353, 71239, 76070, 38500]"
120686,"[47530, 31216, 107610, 56584, 10725, 76291, 28000, 66038, 2359, 80009]"
120687,"[98685, 33650, 59010, 31478, 46125, 75150, 98682, 36554, 20350, 95791]"
120688,"[106618, 72733, 3904, 71185, 50002, 72076, 26135, 41107, 57514, 18793]"
120689,"[51818, 6213, 94244, 8175, 10123, 94753, 88576, 75598, 92094, 21542]"
120690,"[46352, 2824, 55216, 3569, 19829, 108092, 67640, 10804, 14703, 18190]"
120691,"[43299, 59920, 34620, 12330, 932, 28502, 18254, 51236, 16614, 16269]"
120692,"[76301, 58553, 38879, 38877, 109617, 12269, 92918, 59888, 79566, 97460]"
120693,"[39261, 33578, 2614, 18316, 97483, 49840, 39795, 95995, 42459, 4622]"
120694,"[108986, 53212, 27262, 935, 86528, 13406, 100668, 67627, 80197, 48958]"
120695,"[933, 69084, 93679, 39924, 53791, 38577, 78247, 53341, 84459, 80164]"
120696,"[96567, 4771, 764, 31062, 104343, 47826, 41867, 35086, 106009, 75091]"
120697,"[35470, 41688, 97746, 103470, 104181, 88204, 64826, 4675, 34386, 29576]"
120698,"[109711, 45157, 39319, 87543, 14244, 59632, 61763, 91917, 62916, 7455]"
120699,"[67398, 21204, 72664, 52413, 13028, 54898, 95854, 32270, 30577, 25082]"
120700,"[37975, 72505, 19925, 62814, 70689, 17269, 70986, 59955, 87695, 15456]"
120701,"[24256, 45283, 106626, 15385, 52078, 97785, 26031, 50199, 47769, 13899]"
120702,"[73994, 13339, 63692, 27366, 96355, 84513, 92583, 27699, 67741, 107598]"
120703,"[4705, 62203, 9380, 70507, 90446, 6562, 84813, 61192, 95634, 59284]"
120704,"[51989, 7364, 25035, 104738, 32213, 22927, 30929, 66967, 6176, 78603]"
120705,"[83112, 93228, 33674, 8195, 1387, 29512, 39733, 90511, 19608, 38700]"
120706,"[27625, 83303, 48182, 1519, 39276, 39949, 18828, 37836, 109112, 62135]"
120707,"[80013, 63500, 6373, 22428, 52774, 50363, 1652, 2327, 90098, 78033]"
120708,"[13020, 5848, 77292, 16266, 105431, 90513, 97487, 82509, 5139, 66601]"
120709,"[41917, 27377, 17210, 54731, 54112, 45465, 24271, 104299, 44807, 85045]"
120710,"[106950, 55935, 19346, 38465, 32530, 24171, 55984, 27085, 31079, 106518]"
120711,"[41704, 23479, 84558, 105175, 84306, 39273, 93755, 101935, 5613, 15924]"
120712,"[56359, 66997, 16427, 83724, 85202, 12210, 48435, 45070, 52276, 14929]"
120713,"[77035, 68910, 95621, 17350, 26733, 4145, 62395, 41754, 58523, 32878]"
120714,"[77703, 3489, 9536, 68142, 25813, 51256, 79399, 66026, 61833, 42435]"
120715,"[65116, 59384, 76202, 83538, 94930, 41953, 43061, 9235, 8948, 16522]"
120716,"[84864, 84881, 22700, 22001, 99578, 7382, 96579, 107404, 45823, 50167]"
120717,"[2005, 50782, 25753, 31091, 81946, 73062, 82074, 67061, 89597, 50069]"
120718,"[100852, 84809, 14827, 103827, 26137, 69092, 1724, 46943, 101875, 3067]"
120719,"[39448, 57879, 83720, 26071, 15434, 39175, 105601, 47919, 21203, 32833]"
120720,"[83792, 7064, 21919, 71091, 45119, 96399, 49574, 45369, 85089, 77776]"
120721,"[9876, 85996, 15102, 72269, 89697, 98850, 37656, 59830, 103307, 77715]"
120722,"[107257, 102551, 57833, 94409, 55228, 31349, 65694, 31605, 102536, 43862]"
120723,"[95587, 15997, 107258, 96872, 86138, 62304, 21680, 9282, 3263, 16544]"
120724,"[9245, 24825, 101851, 57864, 15855, 29500, 100381, 66630, 9044, 82961]"
120725,"[44658, 83786, 68884, 74072, 86711, 41522, 25977, 6878, 482, 82005]"
120726,"[101528, 102402, 93644, 104101, 61499, 87629, 87165, 31606, 33823, 61236]"
120727,"[94439, 101254, 44049, 9104, 74887, 33988, 72252, 27055, 49080, 28152]"
120728,"[94430, 101579, 13368, 86996, 33821, 18288, 87759, 63620, 9699, 90706]"
120729,"[65205, 64473, 45819, 61332, 36607, 63890, 49974, 101952, 29773, 10894]"
120730,"[104901, 89730, 55841, 24401, 21118, 66212, 30144, 9457, 108689, 46641]"
120731,"[20018, 107595, 25240, 21806, 101961, 85028, 79550, 90226, 31551, 51168]"
120732,"[5826, 67453, 9327, 105559, 37674, 62887, 47964, 12342, 45523, 17430]"
120733,"[28520, 81066, 49610, 101496, 41212, 82544, 108923, 50465, 56829, 48575]"
120734,"[74847, 76241, 960, 90885, 80828, 37773, 21613, 91345, 23560, 100681]"
120735,"[98860, 45718, 44691, 8988, 80490, 26826, 30979, 109667, 89894, 93411]"
120736,"[81988, 68931, 107628, 73053, 98494, 29297, 57236, 33656, 101347, 51306]"
120737,"[86697, 24133, 57286, 33433, 9816, 15331, 73109, 14441, 95150, 20337]"
120738,"[8861, 23560, 34921, 55468, 45457, 57013, 109216, 83281, 97511, 60841]"
120739,"[84481, 56511, 66685, 66941, 94803, 46182, 89014, 9503, 102062, 7716]"
120740,"[72918, 83577, 77279, 45092, 92347, 50903, 40815, 84405, 71925, 30104]"
120741,"[32510, 24688, 96420, 67510, 9550, 2974, 107954, 32672, 46561, 34836]"
120742,"[25768, 92386, 21462, 37387, 52124, 109402, 7642, 38894, 29827, 36012]"
120743,"[7298, 2386, 50154, 31601, 72990, 18519, 80342, 42579, 51677, 83045]"
120744,"[18333, 12904, 32511, 16517, 112, 90134, 101001, 39805, 92249, 78632]"
120745,"[71763, 28131, 63702, 57474, 68529, 1632, 25606, 80975, 58224, 44876]"
120746,"[34139, 85442, 86441, 62880, 36280, 75597, 47238, 51965, 101442, 56120]"
120747,"[39795, 49538, 95995, 1522, 45486, 23403, 44003, 38908, 51776, 11400]"
120748,"[36820, 19047, 81286, 9229, 44257, 35502, 3982, 70415, 26476, 106269]"
120749,"[47427, 109049, 53867, 85718, 93029, 6057, 15232, 15357, 41414, 87781]"
120750,"[5913, 32348, 101291, 101739, 54337, 73602, 10896, 33636, 93306, 78727]"
120751,"[55704, 61385, 22930, 47372, 65887, 105328, 32458, 18810, 61232, 20635]"
120752,"[41837, 64321, 36729, 90047, 1292, 18723, 35715, 53346, 23834, 20194]"
